signal,ticker,entry_date,exit_date,entry_price,exit_price,return,hold_days,win
Breakout_50,AAPL,2020-05-11,2020-09-21,74.6465,101.4945,0.3596686846386008,92,True
Breakout_50,AAPL,2020-12-16,2021-02-18,123.9116,125.8402,0.015564401384372095,42,True
Breakout_50,AAPL,2021-07-01,2021-09-20,133.2738,140.5087,0.05428615471815834,55,True
Breakout_50,AAPL,2021-11-19,2022-01-20,154.2665,163.3962,0.0591815333859238,41,True
Breakout_50,AAPL,2022-03-30,2022-04-12,174.9405,164.6234,-0.05897490692052332,9,False
Breakout_50,AAPL,2022-08-01,2022-09-06,157.9869,153.7454,-0.026847181394120567,25,False
Breakout_50,AAPL,2023-02-06,2023-08-07,150.162,179.7775,0.1972233227496596,125,True
Breakout_50,AAPL,2023-11-17,2024-01-03,188.2939,182.3259,-0.031694938195781175,30,False
Breakout_50,AAPL,2024-05-15,2024-08-06,186.4679,203.7244,0.09254428723785169,56,True
Breakout_50,AAPL,2024-10-16,2024-11-01,230.0886,219.5279,-0.04589816006083158,12,False
Breakout_50,AAPL,2024-12-02,2025-01-13,235.9809,232.2612,-0.015762589476303712,27,False
Breakout_50,AAPL,2025-08-11,2026-01-02,227.4864,272.0055,0.1956999791541334,100,True
Breakout_100,AAPL,2020-06-08,2020-09-21,80.013,101.4945,0.2684750480319902,73,True
Breakout_100,AAPL,2021-01-26,2021-02-18,139.6571,125.8402,-0.09893431448127332,16,False
Breakout_100,AAPL,2021-07-06,2021-09-20,136.6593,140.5087,0.028167962851050943,53,True
Breakout_100,AAPL,2021-11-19,2022-01-20,154.2665,163.3962,0.0591815333859238,41,True
Breakout_100,AAPL,2023-03-21,2023-08-07,155.0734,179.7775,0.15930556255803863,95,True
Breakout_100,AAPL,2023-12-14,2024-01-03,195.984,182.3259,-0.06968987509077573,12,False
Breakout_100,AAPL,2024-06-06,2024-08-06,194.1881,203.7244,0.04910843341626814,41,True
Breakout_100,AAPL,2024-12-02,2025-01-13,235.9809,232.2612,-0.015762589476303712,27,False
Breakout_100,AAPL,2025-08-11,2026-01-02,227.4864,272.0055,0.1956999791541334,100,True
Breakout_50_noSMA,AAPL,2020-05-11,2020-09-21,74.6465,101.4945,0.3596686846386008,92,True
Breakout_50_noSMA,AAPL,2020-12-16,2021-02-18,123.9116,125.8402,0.015564401384372095,42,True
Breakout_50_noSMA,AAPL,2021-07-01,2021-09-20,133.2738,140.5087,0.05428615471815834,55,True
Breakout_50_noSMA,AAPL,2021-11-19,2022-01-20,154.2665,163.3962,0.0591815333859238,41,True
Breakout_50_noSMA,AAPL,2022-03-30,2022-04-12,174.9405,164.6234,-0.05897490692052332,9,False
Breakout_50_noSMA,AAPL,2022-07-28,2022-09-06,154.0325,153.7454,-0.0018641692202709947,27,False
Breakout_50_noSMA,AAPL,2023-02-06,2023-08-07,150.162,179.7775,0.1972233227496596,125,True
Breakout_50_noSMA,AAPL,2023-11-17,2024-01-03,188.2939,182.3259,-0.031694938195781175,30,False
Breakout_50_noSMA,AAPL,2024-05-15,2024-08-06,186.4679,203.7244,0.09254428723785169,56,True
Breakout_50_noSMA,AAPL,2024-10-16,2024-11-01,230.0886,219.5279,-0.04589816006083158,12,False
Breakout_50_noSMA,AAPL,2024-12-02,2025-01-13,235.9809,232.2612,-0.015762589476303712,27,False
Breakout_50_noSMA,AAPL,2025-08-08,2026-01-02,220.16,272.0055,0.23548991655805507,101,True
Breakout_50,ABBV,2020-06-08,2020-08-03,73.3141,76.03,0.03704476074772134,39,True
Breakout_50,ABBV,2020-11-11,2021-01-28,80.2713,85.1826,0.061183653093316526,52,True
Breakout_50,ABBV,2021-04-22,2021-06-28,91.7313,93.8951,0.023587768940261267,46,True
Breakout_50,ABBV,2021-07-15,2021-08-10,97.9177,95.7298,-0.02234394866267231,18,False
Breakout_50,ABBV,2021-08-18,2021-09-02,99.896,95.185,-0.04715944942291095,11,False
Breakout_50,ABBV,2021-11-24,2022-05-02,100.6914,126.7815,0.25910929630543866,108,True
Breakout_50,ABBV,2022-10-24,2023-01-12,131.0853,137.9286,0.05220506738129127,55,True
Breakout_50,ABBV,2023-03-27,2023-04-28,141.3368,132.8842,-0.059804602380059024,23,False
Breakout_50,ABBV,2023-07-28,2023-10-02,136.128,134.8114,-0.009671865984603678,45,False
Breakout_50,ABBV,2023-12-12,2024-04-05,139.1505,155.5436,0.11780882318621355,78,True
Breakout_50,ABBV,2024-06-20,2024-07-05,159.968,153.9311,-0.037737859408041086,10,False
Breakout_50,ABBV,2024-07-18,2024-10-09,164.5214,181.8742,0.10547430398086766,58,True
Breakout_50,ABBV,2024-10-31,2024-11-12,191.9962,167.3181,-0.12853385900654202,8,False
Breakout_50,ABBV,2025-02-03,2025-04-07,175.7762,173.7131,-0.011737086292574861,44,False
Breakout_50,ABBV,2025-08-14,2025-11-03,197.1211,213.182,0.08147708634144246,56,True
Breakout_50,ABBV,2026-03-05,2026-03-16,231.4995,219.2709,-0.05282327914743434,7,False
Breakout_100,ABBV,2020-06-11,2020-08-03,75.5077,76.03,0.006916628002649583,36,True
Breakout_100,ABBV,2020-11-23,2021-01-28,82.5301,85.1826,0.03213999026055747,44,True
Breakout_100,ABBV,2021-05-04,2021-06-28,95.0226,93.8951,-0.011865328493100624,38,False
Breakout_100,ABBV,2021-07-15,2021-08-10,97.9177,95.7298,-0.02234394866267231,18,False
Breakout_100,ABBV,2021-08-18,2021-09-02,99.896,95.185,-0.04715944942291095,11,False
Breakout_100,ABBV,2021-12-07,2022-05-02,103.4912,126.7815,0.22504583903120934,100,True
Breakout_100,ABBV,2022-11-22,2023-01-12,139.001,137.9286,-0.00771495680542289,34,False
Breakout_100,ABBV,2023-12-14,2024-04-05,141.5624,155.5436,0.09876348335244978,76,True
Breakout_100,ABBV,2024-07-26,2024-10-09,173.0092,181.8742,0.05124015004617877,52,True
Breakout_100,ABBV,2024-10-31,2024-11-12,191.9962,167.3181,-0.12853385900654202,8,False
Breakout_100,ABBV,2025-03-03,2025-04-07,201.493,173.7131,-0.13787024959710636,25,False
Breakout_100,ABBV,2025-08-21,2025-11-03,204.2909,213.182,0.04352138941379824,51,True
Breakout_50_noSMA,ABBV,2020-06-08,2020-08-03,73.3141,76.03,0.03704476074772134,39,True
Breakout_50_noSMA,ABBV,2020-11-11,2021-01-28,80.2713,85.1826,0.061183653093316526,52,True
Breakout_50_noSMA,ABBV,2021-04-22,2021-06-28,91.7313,93.8951,0.023587768940261267,46,True
Breakout_50_noSMA,ABBV,2021-07-15,2021-08-10,97.9177,95.7298,-0.02234394866267231,18,False
Breakout_50_noSMA,ABBV,2021-08-18,2021-09-02,99.896,95.185,-0.04715944942291095,11,False
Breakout_50_noSMA,ABBV,2021-11-24,2022-05-02,100.6914,126.7815,0.25910929630543866,108,True
Breakout_50_noSMA,ABBV,2022-10-24,2023-01-12,131.0853,137.9286,0.05220506738129127,55,True
Breakout_50_noSMA,ABBV,2023-03-27,2023-04-28,141.3368,132.8842,-0.059804602380059024,23,False
Breakout_50_noSMA,ABBV,2023-07-28,2023-10-02,136.128,134.8114,-0.009671865984603678,45,False
Breakout_50_noSMA,ABBV,2023-12-12,2024-04-05,139.1505,155.5436,0.11780882318621355,78,True
Breakout_50_noSMA,ABBV,2024-06-20,2024-07-05,159.968,153.9311,-0.037737859408041086,10,False
Breakout_50_noSMA,ABBV,2024-07-18,2024-10-09,164.5214,181.8742,0.10547430398086766,58,True
Breakout_50_noSMA,ABBV,2024-10-31,2024-11-12,191.9962,167.3181,-0.12853385900654202,8,False
Breakout_50_noSMA,ABBV,2025-02-03,2025-04-07,175.7762,173.7131,-0.011737086292574861,44,False
Breakout_50_noSMA,ABBV,2025-08-14,2025-11-03,197.1211,213.182,0.08147708634144246,56,True
Breakout_50_noSMA,ABBV,2026-03-05,2026-03-16,231.4995,219.2709,-0.05282327914743434,7,False
Breakout_50,ABT,2020-04-16,2020-06-05,83.0516,79.3475,-0.04460046183478228,35,False
Breakout_50,ABT,2020-07-16,2020-09-25,88.101,90.5409,0.027695286507497974,50,True
Breakout_50,ABT,2021-01-26,2021-03-05,103.6256,106.1199,0.024069982950037927,27,True
Breakout_50,ABT,2021-07-26,2021-09-28,109.8757,109.2909,-0.005322570202679788,45,False
Breakout_50,ABT,2021-11-17,2022-01-14,119.8127,120.1248,0.002605252972364136,40,True
Breakout_50,ABT,2022-12-13,2023-02-10,104.7637,101.434,-0.03178259151256435,40,False
Breakout_50,ABT,2023-04-20,2023-05-25,105.698,97.2422,-0.0800001296719316,25,False
Breakout_50,ABT,2023-07-21,2023-08-09,106.7726,99.8185,-0.0651306542749539,13,False
Breakout_50,ABT,2023-11-30,2024-03-19,98.7061,107.4904,0.0889946981002887,74,True
Breakout_50,ABT,2024-08-02,2024-10-29,106.4138,110.758,0.04082344876134525,61,True
Breakout_50,ABT,2025-01-24,2025-03-19,119.5819,123.2301,0.030508227652534803,37,True
Breakout_50,ABT,2025-06-25,2025-07-10,135.1099,131.0528,-0.030028231522241766,10,False
Breakout_50,ABT,2025-09-22,2025-10-14,133.2161,129.4066,-0.028596657891429844,16,False
Breakout_100,ABT,2020-04-17,2020-06-05,87.4015,79.3475,-0.09214985005575871,34,False
Breakout_100,ABT,2020-07-24,2020-09-25,90.2258,90.5409,0.003492627761995548,44,True
Breakout_100,ABT,2021-01-26,2021-03-05,103.6256,106.1199,0.024069982950037927,27,True
Breakout_100,ABT,2021-08-18,2021-09-28,114.9656,109.2909,-0.04936022446740351,28,False
Breakout_100,ABT,2021-11-17,2022-01-14,119.8127,120.1248,0.002605252972364136,40,True
Breakout_100,ABT,2023-01-11,2023-02-10,107.1421,101.434,-0.053276218342348636,21,False
Breakout_100,ABT,2023-07-24,2023-08-09,107.7093,99.8185,-0.07326060905155762,12,False
Breakout_100,ABT,2023-12-28,2024-03-19,104.5095,107.4904,0.028522387290495832,55,True
Breakout_100,ABT,2024-08-26,2024-10-29,108.8863,110.758,0.017189403891171073,45,True
Breakout_100,ABT,2025-01-24,2025-03-19,119.5819,123.2301,0.030508227652534803,37,True
Breakout_50_noSMA,ABT,2020-04-16,2020-06-05,83.0516,79.3475,-0.04460046183478228,35,False
Breakout_50_noSMA,ABT,2020-07-16,2020-09-25,88.101,90.5409,0.027695286507497974,50,True
Breakout_50_noSMA,ABT,2021-01-26,2021-03-05,103.6256,106.1199,0.024069982950037927,27,True
Breakout_50_noSMA,ABT,2021-07-26,2021-09-28,109.8757,109.2909,-0.005322570202679788,45,False
Breakout_50_noSMA,ABT,2021-11-17,2022-01-14,119.8127,120.1248,0.002605252972364136,40,True
Breakout_50_noSMA,ABT,2022-11-28,2023-02-10,99.5404,101.434,0.01902346588634818,51,True
Breakout_50_noSMA,ABT,2023-04-20,2023-05-25,105.698,97.2422,-0.0800001296719316,25,False
Breakout_50_noSMA,ABT,2023-07-21,2023-08-09,106.7726,99.8185,-0.0651306542749539,13,False
Breakout_50_noSMA,ABT,2023-11-30,2024-03-19,98.7061,107.4904,0.0889946981002887,74,True
Breakout_50_noSMA,ABT,2024-08-02,2024-10-29,106.4138,110.758,0.04082344876134525,61,True
Breakout_50_noSMA,ABT,2025-01-24,2025-03-19,119.5819,123.2301,0.030508227652534803,37,True
Breakout_50_noSMA,ABT,2025-06-25,2025-07-10,135.1099,131.0528,-0.030028231522241766,10,False
Breakout_50_noSMA,ABT,2025-09-22,2025-10-14,133.2161,129.4066,-0.028596657891429844,16,False
Breakout_50,ADBE,2020-05-12,2020-10-23,371.46,486.41,0.30945462459294903,115,True
Breakout_50,ADBE,2021-04-14,2021-05-11,514.0,471.03,-0.08359922416479204,19,False
Breakout_50,ADBE,2021-06-11,2021-09-23,529.75,632.29,0.19356295993835526,72,True
Breakout_50,ADBE,2021-11-05,2021-12-06,676.74,617.47,-0.0875816715230957,20,False
Breakout_50,ADBE,2023-01-30,2023-02-22,365.9,346.69,-0.052500660769381646,16,False
Breakout_50,ADBE,2023-05-26,2023-09-22,396.72,513.09,0.2933303722441427,81,True
Breakout_50,ADBE,2023-11-08,2024-01-03,589.0,574.58,-0.024482144159857833,37,False
Breakout_50,ADBE,2024-06-28,2024-08-06,549.7,513.69,-0.06550847547018557,26,False
Breakout_50,ADBE,2024-12-09,2024-12-13,556.1,473.98,-0.1476712249682861,4,False
Breakout_100,ADBE,2020-06-09,2020-10-23,397.03,486.41,0.2251215403310054,96,True
Breakout_100,ADBE,2021-04-14,2021-05-11,514.0,471.03,-0.08359922416479204,19,False
Breakout_100,ADBE,2021-06-11,2021-09-23,529.75,632.29,0.19356295993835526,72,True
Breakout_100,ADBE,2021-11-05,2021-12-06,676.74,617.47,-0.0875816715230957,20,False
Breakout_100,ADBE,2023-05-30,2023-09-22,429.94,513.09,0.1933991346278472,80,True
Breakout_100,ADBE,2023-11-08,2024-01-03,589.0,574.58,-0.024482144159857833,37,False
Breakout_50_noSMA,ADBE,2020-05-12,2020-10-23,371.46,486.41,0.30945462459294903,115,True
Breakout_50_noSMA,ADBE,2021-04-14,2021-05-11,514.0,471.03,-0.08359922416479204,19,False
Breakout_50_noSMA,ADBE,2021-06-11,2021-09-23,529.75,632.29,0.19356295993835526,72,True
Breakout_50_noSMA,ADBE,2021-11-05,2021-12-06,676.74,617.47,-0.0875816715230957,20,False
Breakout_50_noSMA,ADBE,2022-08-15,2022-08-29,445.07,380.09,-0.14599952797761173,10,False
Breakout_50_noSMA,ADBE,2023-01-23,2023-02-22,358.28,346.69,-0.03234899067036712,21,False
Breakout_50_noSMA,ADBE,2023-05-26,2023-09-22,396.72,513.09,0.2933303722441427,81,True
Breakout_50_noSMA,ADBE,2023-11-08,2024-01-03,589.0,574.58,-0.024482144159857833,37,False
Breakout_50_noSMA,ADBE,2024-06-17,2024-08-06,525.51,513.69,-0.02249244943876605,34,False
Breakout_50_noSMA,ADBE,2024-12-09,2024-12-13,556.1,473.98,-0.1476712249682861,4,False
Breakout_50,ADI,2020-05-21,2020-07-17,102.0684,105.3738,0.03238449374605157,39,True
Breakout_50,ADI,2020-10-12,2020-10-29,113.4311,105.7095,-0.06807235747683515,13,False
Breakout_50,ADI,2020-11-06,2021-03-04,119.1245,136.8707,0.14897254904249002,79,True
Breakout_50,ADI,2021-06-11,2021-07-19,154.4936,146.2295,-0.05349142734460699,25,False
Breakout_50,ADI,2021-08-05,2021-08-18,159.9016,151.9231,-0.0498962264700743,9,False
Breakout_50,ADI,2021-09-24,2021-10-01,163.3436,155.2759,-0.049390957439057415,5,False
Breakout_50,ADI,2021-11-08,2021-12-15,169.746,164.9537,-0.028232064713657246,26,False
Breakout_50,ADI,2022-07-29,2022-08-29,157.895,147.745,-0.06428319089092038,21,False
Breakout_50,ADI,2022-11-11,2023-01-06,150.1757,153.0776,0.019323097846189352,37,True
Breakout_50,ADI,2023-02-15,2023-04-24,183.9089,177.1589,-0.036702907347822555,46,False
Breakout_50,ADI,2023-07-03,2023-08-09,185.3058,178.0743,-0.039024685220219846,26,False
Breakout_50,ADI,2023-11-20,2024-01-18,174.7744,183.573,0.05034302586147077,39,True
Breakout_50,ADI,2024-04-10,2024-04-15,194.1463,188.8853,-0.027098411533579725,3,False
Breakout_50,ADI,2024-05-13,2024-07-25,202.3335,215.4727,0.0649384189913984,50,True
Breakout_50,ADI,2024-10-15,2024-10-23,230.4804,222.7362,-0.03360018876869442,6,False
Breakout_50,ADI,2025-02-20,2025-03-11,238.841,214.064,-0.1037382601960557,13,False
Breakout_50,ADI,2025-06-11,2025-07-24,231.622,226.0612,-0.024007784773655727,29,False
Breakout_50,ADI,2025-08-25,2025-10-02,249.9764,240.5247,-0.03781034039797948,27,False
Breakout_50,ADI,2025-11-26,2026-03-13,253.5279,309.88,0.22227161171764953,72,True
Breakout_100,ADI,2020-11-06,2021-03-04,119.1245,136.8707,0.14897254904249002,79,True
Breakout_100,ADI,2021-06-11,2021-07-19,154.4936,146.2295,-0.05349142734460699,25,False
Breakout_100,ADI,2021-08-05,2021-08-18,159.9016,151.9231,-0.0498962264700743,9,False
Breakout_100,ADI,2021-09-24,2021-10-01,163.3436,155.2759,-0.049390957439057415,5,False
Breakout_100,ADI,2021-11-08,2021-12-15,169.746,164.9537,-0.028232064713657246,26,False
Breakout_100,ADI,2022-08-01,2022-08-29,160.0609,147.745,-0.07694502152458382,20,False
Breakout_100,ADI,2023-02-15,2023-04-24,183.9089,177.1589,-0.036702907347822555,46,False
Breakout_100,ADI,2023-07-14,2023-08-09,188.5538,178.0743,-0.05557830592781576,18,False
Breakout_100,ADI,2023-12-15,2024-01-18,194.7402,183.573,-0.057343776289617954,21,False
Breakout_100,ADI,2024-04-10,2024-04-15,194.1463,188.8853,-0.027098411533579725,3,False
Breakout_100,ADI,2024-05-13,2024-07-25,202.3335,215.4727,0.0649384189913984,50,True
Breakout_100,ADI,2025-02-20,2025-03-11,238.841,214.064,-0.1037382601960557,13,False
Breakout_100,ADI,2025-07-03,2025-07-24,243.2481,226.0612,-0.07065564631941512,14,False
Breakout_100,ADI,2025-08-25,2025-10-02,249.9764,240.5247,-0.03781034039797948,27,False
Breakout_100,ADI,2025-11-28,2026-03-13,257.6405,309.88,0.2027613407411899,71,True
Breakout_50_noSMA,ADI,2020-05-21,2020-07-17,102.0684,105.3738,0.03238449374605157,39,True
Breakout_50_noSMA,ADI,2020-10-12,2020-10-29,113.4311,105.7095,-0.06807235747683515,13,False
Breakout_50_noSMA,ADI,2020-11-06,2021-03-04,119.1245,136.8707,0.14897254904249002,79,True
Breakout_50_noSMA,ADI,2021-06-11,2021-07-19,154.4936,146.2295,-0.05349142734460699,25,False
Breakout_50_noSMA,ADI,2021-08-05,2021-08-18,159.9016,151.9231,-0.0498962264700743,9,False
Breakout_50_noSMA,ADI,2021-09-24,2021-10-01,163.3436,155.2759,-0.049390957439057415,5,False
Breakout_50_noSMA,ADI,2021-11-08,2021-12-15,169.746,164.9537,-0.028232064713657246,26,False
Breakout_50_noSMA,ADI,2022-07-29,2022-08-29,157.895,147.745,-0.06428319089092038,21,False
Breakout_50_noSMA,ADI,2022-11-11,2023-01-06,150.1757,153.0776,0.019323097846189352,37,True
Breakout_50_noSMA,ADI,2023-02-15,2023-04-24,183.9089,177.1589,-0.036702907347822555,46,False
Breakout_50_noSMA,ADI,2023-07-03,2023-08-09,185.3058,178.0743,-0.039024685220219846,26,False
Breakout_50_noSMA,ADI,2023-11-20,2024-01-18,174.7744,183.573,0.05034302586147077,39,True
Breakout_50_noSMA,ADI,2024-04-10,2024-04-15,194.1463,188.8853,-0.027098411533579725,3,False
Breakout_50_noSMA,ADI,2024-05-13,2024-07-25,202.3335,215.4727,0.0649384189913984,50,True
Breakout_50_noSMA,ADI,2024-10-15,2024-10-23,230.4804,222.7362,-0.03360018876869442,6,False
Breakout_50_noSMA,ADI,2025-02-20,2025-03-11,238.841,214.064,-0.1037382601960557,13,False
Breakout_50_noSMA,ADI,2025-06-11,2025-07-24,231.622,226.0612,-0.024007784773655727,29,False
Breakout_50_noSMA,ADI,2025-08-25,2025-10-02,249.9764,240.5247,-0.03781034039797948,27,False
Breakout_50_noSMA,ADI,2025-11-26,2026-03-13,253.5279,309.88,0.22227161171764953,72,True
Breakout_50,AEP,2020-07-23,2020-08-12,72.446,68.6282,-0.052699350647643306,14,False
Breakout_50,AEP,2020-10-07,2020-11-19,72.7663,68.8443,-0.05389853922468346,31,False
Breakout_50,AEP,2021-03-17,2021-05-27,69.5126,72.2454,0.039314391992098185,50,True
Breakout_50,AEP,2021-07-28,2021-09-15,75.3061,74.1884,-0.01484138485362596,34,False
Breakout_50,AEP,2021-12-16,2022-02-15,74.5765,74.5882,0.00015684241505842245,41,True
Breakout_50,AEP,2022-03-04,2022-06-10,80.8643,84.7826,0.04845445148049099,68,True
Breakout_50,AEP,2022-08-15,2022-09-21,91.0083,88.0793,-0.03218342761595805,26,False
Breakout_50,AEP,2023-12-14,2024-01-18,77.3087,73.0066,-0.055648242856613406,22,False
Breakout_50,AEP,2024-02-28,2024-04-15,77.4252,76.7729,-0.00842465208935017,32,False
Breakout_50,AEP,2024-04-25,2024-06-24,80.5934,82.3814,0.02218631797874293,40,True
Breakout_50,AEP,2024-07-18,2024-10-08,87.7449,93.1257,0.061322680537569285,57,True
Breakout_50,AEP,2025-01-28,2025-04-08,98.2424,98.9775,0.007482718399908661,49,True
Breakout_50,AEP,2025-07-22,2025-09-05,106.2945,107.2989,0.009448626438439467,32,True
Breakout_50,AEP,2025-10-07,2025-12-08,114.7507,116.6179,0.01627190932717859,43,True
Breakout_100,AEP,2020-10-13,2020-11-19,73.6595,68.8443,-0.06537107358224536,27,False
Breakout_100,AEP,2021-04-16,2021-05-27,73.5314,72.2454,-0.01748890077493981,29,False
Breakout_100,AEP,2021-08-16,2021-09-15,76.1894,74.1884,-0.026263331348050256,21,False
Breakout_100,AEP,2022-01-10,2022-02-15,77.803,74.5882,-0.041319336410099994,25,False
Breakout_100,AEP,2022-03-04,2022-06-10,80.8643,84.7826,0.04845445148049099,68,True
Breakout_100,AEP,2022-08-15,2022-09-21,91.0083,88.0793,-0.03218342761595805,26,False
Breakout_100,AEP,2024-02-28,2024-04-15,77.4252,76.7729,-0.00842465208935017,32,False
Breakout_100,AEP,2024-04-25,2024-06-24,80.5934,82.3814,0.02218631797874293,40,True
Breakout_100,AEP,2024-07-18,2024-10-08,87.7449,93.1257,0.061322680537569285,57,True
Breakout_100,AEP,2025-02-21,2025-04-08,100.9807,98.9775,-0.019837014732743574,32,False
Breakout_100,AEP,2025-07-23,2025-09-05,107.6419,107.2989,-0.0031866300076570653,31,False
Breakout_100,AEP,2025-10-07,2025-12-08,114.7507,116.6179,0.01627190932717859,43,True
Breakout_50_noSMA,AEP,2020-07-23,2020-08-12,72.446,68.6282,-0.052699350647643306,14,False
Breakout_50_noSMA,AEP,2020-10-07,2020-11-19,72.7663,68.8443,-0.05389853922468346,31,False
Breakout_50_noSMA,AEP,2021-03-17,2021-05-27,69.5126,72.2454,0.039314391992098185,50,True
Breakout_50_noSMA,AEP,2021-07-28,2021-09-15,75.3061,74.1884,-0.01484138485362596,34,False
Breakout_50_noSMA,AEP,2021-12-16,2022-02-15,74.5765,74.5882,0.00015684241505842245,41,True
Breakout_50_noSMA,AEP,2022-03-04,2022-06-10,80.8643,84.7826,0.04845445148049099,68,True
Breakout_50_noSMA,AEP,2022-08-15,2022-09-21,91.0083,88.0793,-0.03218342761595805,26,False
Breakout_50_noSMA,AEP,2023-12-04,2024-01-18,73.6607,73.0066,-0.00887944165090504,30,False
Breakout_50_noSMA,AEP,2024-02-28,2024-04-15,77.4252,76.7729,-0.00842465208935017,32,False
Breakout_50_noSMA,AEP,2024-04-25,2024-06-24,80.5934,82.3814,0.02218631797874293,40,True
Breakout_50_noSMA,AEP,2024-07-18,2024-10-08,87.7449,93.1257,0.061322680537569285,57,True
Breakout_50_noSMA,AEP,2025-01-28,2025-04-08,98.2424,98.9775,0.007482718399908661,49,True
Breakout_50_noSMA,AEP,2025-07-22,2025-09-05,106.2945,107.2989,0.009448626438439467,32,True
Breakout_50_noSMA,AEP,2025-10-07,2025-12-08,114.7507,116.6179,0.01627190932717859,43,True
Breakout_50,AFL,2020-11-10,2021-06-18,36.5015,47.2191,0.29362186184971173,151,True
Breakout_50,AFL,2021-12-30,2022-02-25,53.4004,54.9586,0.029179963807624,39,True
Breakout_50,AFL,2022-04-21,2022-04-26,61.1767,56.3191,-0.07940277964368714,3,False
Breakout_50,AFL,2022-08-11,2022-09-23,57.1919,53.7856,-0.05955856519173475,30,False
Breakout_50,AFL,2022-10-31,2023-01-20,59.8112,66.0826,0.10485368013319207,55,True
Breakout_50,AFL,2023-05-01,2023-05-25,65.4175,60.831,-0.07011049386311208,18,False
Breakout_50,AFL,2023-07-20,2023-10-30,67.5418,72.9867,0.08061478002146938,71,True
Breakout_50,AFL,2023-11-06,2023-12-21,77.9441,77.0238,-0.011806869726775138,32,False
Breakout_50,AFL,2024-01-25,2024-02-02,81.2257,73.2794,-0.09782993113461658,6,False
Breakout_50,AFL,2024-05-16,2024-10-28,84.3485,106.585,0.2636256834988928,113,True
Breakout_50,AFL,2025-03-03,2025-03-13,107.6657,102.9284,-0.043999958280817375,8,False
Breakout_50,AFL,2025-04-02,2025-04-07,110.0245,97.5059,-0.1137799320894064,3,False
Breakout_50,AFL,2025-08-20,2025-10-17,105.516,105.9712,0.0043138897483314675,41,True
Breakout_50,AFL,2025-11-10,2025-11-20,112.1163,109.2794,-0.025303476352565357,8,False
Breakout_50,AFL,2026-02-05,2026-03-06,111.8756,110.29,-0.014172807083540406,20,False
Breakout_100,AFL,2020-11-10,2021-06-18,36.5015,47.2191,0.29362186184971173,151,True
Breakout_100,AFL,2021-12-30,2022-02-25,53.4004,54.9586,0.029179963807624,39,True
Breakout_100,AFL,2022-04-21,2022-04-26,61.1767,56.3191,-0.07940277964368714,3,False
Breakout_100,AFL,2022-10-31,2023-01-20,59.8112,66.0826,0.10485368013319207,55,True
Breakout_100,AFL,2023-07-20,2023-10-30,67.5418,72.9867,0.08061478002146938,71,True
Breakout_100,AFL,2023-11-06,2023-12-21,77.9441,77.0238,-0.011806869726775138,32,False
Breakout_100,AFL,2024-01-25,2024-02-02,81.2257,73.2794,-0.09782993113461658,6,False
Breakout_100,AFL,2024-05-16,2024-10-28,84.3485,106.585,0.2636256834988928,113,True
Breakout_100,AFL,2025-09-29,2025-10-17,110.2856,105.9712,-0.03912071799024497,14,False
Breakout_100,AFL,2025-11-10,2025-11-20,112.1163,109.2794,-0.025303476352565357,8,False
Breakout_100,AFL,2026-02-06,2026-03-06,117.1774,110.29,-0.0587777561311249,19,False
Breakout_50_noSMA,AFL,2020-06-09,2020-06-12,35.6349,32.4652,-0.08894918445119937,3,False
Breakout_50_noSMA,AFL,2020-11-10,2021-06-18,36.5015,47.2191,0.29362186184971173,151,True
Breakout_50_noSMA,AFL,2021-12-30,2022-02-25,53.4004,54.9586,0.029179963807624,39,True
Breakout_50_noSMA,AFL,2022-04-21,2022-04-26,61.1767,56.3191,-0.07940277964368714,3,False
Breakout_50_noSMA,AFL,2022-08-11,2022-09-23,57.1919,53.7856,-0.05955856519173475,30,False
Breakout_50_noSMA,AFL,2022-10-31,2023-01-20,59.8112,66.0826,0.10485368013319207,55,True
Breakout_50_noSMA,AFL,2023-05-01,2023-05-25,65.4175,60.831,-0.07011049386311208,18,False
Breakout_50_noSMA,AFL,2023-07-20,2023-10-30,67.5418,72.9867,0.08061478002146938,71,True
Breakout_50_noSMA,AFL,2023-11-06,2023-12-21,77.9441,77.0238,-0.011806869726775138,32,False
Breakout_50_noSMA,AFL,2024-01-25,2024-02-02,81.2257,73.2794,-0.09782993113461658,6,False
Breakout_50_noSMA,AFL,2024-05-16,2024-10-28,84.3485,106.585,0.2636256834988928,113,True
Breakout_50_noSMA,AFL,2025-03-03,2025-03-13,107.6657,102.9284,-0.043999958280817375,8,False
Breakout_50_noSMA,AFL,2025-04-02,2025-04-07,110.0245,97.5059,-0.1137799320894064,3,False
Breakout_50_noSMA,AFL,2025-08-20,2025-10-17,105.516,105.9712,0.0043138897483314675,41,True
Breakout_50_noSMA,AFL,2025-11-10,2025-11-20,112.1163,109.2794,-0.025303476352565357,8,False
Breakout_50_noSMA,AFL,2026-02-05,2026-03-06,111.8756,110.29,-0.014172807083540406,20,False
Breakout_50,AIG,2020-10-26,2021-01-28,28.0411,33.7595,0.20392836268980719,64,True
Breakout_50,AIG,2021-02-18,2021-04-21,37.6623,40.529,0.07611532322179104,43,True
Breakout_50,AIG,2021-05-07,2021-06-18,44.7971,42.99,-0.04033958468784449,29,False
Breakout_50,AIG,2021-08-12,2021-11-18,48.74,51.4955,0.05653419205502641,69,True
Breakout_50,AIG,2022-02-09,2022-03-02,57.1349,53.4078,-0.06523459535025833,14,False
Breakout_50,AIG,2022-03-28,2022-04-25,58.4544,54.853,-0.0616108397948848,19,False
Breakout_50,AIG,2022-11-01,2023-01-20,53.1056,57.4192,0.08122754669509513,54,True
Breakout_50,AIG,2023-06-20,2023-08-18,53.4219,54.3453,0.01728387028687761,42,True
Breakout_50,AIG,2023-09-20,2023-10-04,59.3804,55.3048,-0.0686352796903884,10,False
Breakout_50,AIG,2023-10-18,2023-10-23,59.6932,56.2905,-0.05700220333611827,3,False
Breakout_50,AIG,2023-11-03,2024-04-16,60.66,70.3746,0.16014959471649393,111,True
Breakout_50,AIG,2024-05-07,2024-06-05,76.7993,73.5151,-0.04276282989228608,20,False
Breakout_50,AIG,2024-10-18,2024-11-13,76.9439,72.4235,-0.05874967922415886,18,False
Breakout_50,AIG,2025-02-25,2025-04-07,76.8917,76.0703,-0.010682784666955714,29,False
Breakout_50,AIG,2025-10-08,2025-10-17,83.5665,76.3372,-0.08650876616785674,7,False
Breakout_50,AIG,2025-12-16,2026-01-07,85.7641,76.976,-0.10246890883392101,14,False
Breakout_100,AIG,2020-11-10,2021-01-28,33.3379,33.7595,0.01264702114877947,53,True
Breakout_100,AIG,2021-02-18,2021-04-21,37.6623,40.529,0.07611532322179104,43,True
Breakout_100,AIG,2021-05-07,2021-06-18,44.7971,42.99,-0.04033958468784449,29,False
Breakout_100,AIG,2021-08-12,2021-11-18,48.74,51.4955,0.05653419205502641,69,True
Breakout_100,AIG,2022-02-09,2022-03-02,57.1349,53.4078,-0.06523459535025833,14,False
Breakout_100,AIG,2022-03-28,2022-04-25,58.4544,54.853,-0.0616108397948848,19,False
Breakout_100,AIG,2022-11-08,2023-01-20,54.5859,57.4192,0.05190616170673379,49,True
Breakout_100,AIG,2023-07-27,2023-08-18,57.5487,54.3453,-0.05566470230180054,16,False
Breakout_100,AIG,2023-09-20,2023-10-04,59.3804,55.3048,-0.0686352796903884,10,False
Breakout_100,AIG,2023-10-18,2023-10-23,59.6932,56.2905,-0.05700220333611827,3,False
Breakout_100,AIG,2023-11-03,2024-04-16,60.66,70.3746,0.16014959471649393,111,True
Breakout_100,AIG,2024-05-07,2024-06-05,76.7993,73.5151,-0.04276282989228608,20,False
Breakout_100,AIG,2025-03-03,2025-04-07,80.7265,76.0703,-0.05767953852288754,25,False
Breakout_100,AIG,2025-12-16,2026-01-07,85.7641,76.976,-0.10246890883392101,14,False
Breakout_50_noSMA,AIG,2020-05-27,2020-07-08,28.079,25.1032,-0.10598003882991647,29,False
Breakout_50_noSMA,AIG,2020-10-26,2021-01-28,28.0411,33.7595,0.20392836268980719,64,True
Breakout_50_noSMA,AIG,2021-02-18,2021-04-21,37.6623,40.529,0.07611532322179104,43,True
Breakout_50_noSMA,AIG,2021-05-07,2021-06-18,44.7971,42.99,-0.04033958468784449,29,False
Breakout_50_noSMA,AIG,2021-08-12,2021-11-18,48.74,51.4955,0.05653419205502641,69,True
Breakout_50_noSMA,AIG,2022-02-09,2022-03-02,57.1349,53.4078,-0.06523459535025833,14,False
Breakout_50_noSMA,AIG,2022-03-28,2022-04-25,58.4544,54.853,-0.0616108397948848,19,False
Breakout_50_noSMA,AIG,2022-11-01,2023-01-20,53.1056,57.4192,0.08122754669509513,54,True
Breakout_50_noSMA,AIG,2023-05-24,2023-08-18,51.5797,54.3453,0.053616688509597,59,True
Breakout_50_noSMA,AIG,2023-09-20,2023-10-04,59.3804,55.3048,-0.0686352796903884,10,False
Breakout_50_noSMA,AIG,2023-10-18,2023-10-23,59.6932,56.2905,-0.05700220333611827,3,False
Breakout_50_noSMA,AIG,2023-11-03,2024-04-16,60.66,70.3746,0.16014959471649393,111,True
Breakout_50_noSMA,AIG,2024-05-07,2024-06-05,76.7993,73.5151,-0.04276282989228608,20,False
Breakout_50_noSMA,AIG,2024-10-18,2024-11-13,76.9439,72.4235,-0.05874967922415886,18,False
Breakout_50_noSMA,AIG,2025-02-25,2025-04-07,76.8917,76.0703,-0.010682784666955714,29,False
Breakout_50_noSMA,AIG,2025-10-08,2025-10-17,83.5665,76.3372,-0.08650876616785674,7,False
Breakout_50_noSMA,AIG,2025-12-16,2026-01-07,85.7641,76.976,-0.10246890883392101,14,False
Breakout_50,ALB,2020-05-27,2020-09-24,71.0169,75.0769,0.05716995433318317,84,True
Breakout_50,ALB,2020-11-06,2021-02-05,98.2929,147.6083,0.501718693342043,61,True
Breakout_50,ALB,2021-06-09,2021-06-21,165.3026,151.0869,-0.0859982580039903,8,False
Breakout_50,ALB,2021-07-13,2021-09-21,175.621,206.8955,0.178079825116362,49,True
Breakout_50,ALB,2021-11-02,2021-12-14,242.2486,232.7291,-0.0392967001781227,29,False
Breakout_50,ALB,2022-05-06,2022-06-14,223.6748,212.5705,-0.049644965894954485,26,False
Breakout_50,ALB,2022-08-12,2022-09-30,253.9887,250.6964,-0.012962095583066935,34,False
Breakout_50,ALB,2022-11-11,2022-11-18,307.6556,267.6509,-0.1300308364795837,5,False
Breakout_50,ALB,2023-02-03,2023-02-22,275.1568,231.8255,-0.15747879413933896,12,False
Breakout_50,ALB,2024-11-12,2024-12-16,103.7568,96.3472,-0.07141338423477384,23,False
Breakout_50,ALB,2025-07-23,2025-09-10,80.5176,72.4956,-0.09963142873049902,34,False
Breakout_50,ALB,2025-09-29,2026-03-04,90.0843,169.8792,0.8857805324136967,107,True
Breakout_100,ALB,2020-08-12,2020-09-24,87.0628,75.0769,-0.13766933448141538,30,False
Breakout_100,ALB,2020-11-06,2021-02-05,98.2929,147.6083,0.501718693342043,61,True
Breakout_100,ALB,2021-07-13,2021-09-21,175.621,206.8955,0.178079825116362,49,True
Breakout_100,ALB,2021-11-02,2021-12-14,242.2486,232.7291,-0.0392967001781227,29,False
Breakout_100,ALB,2022-05-27,2022-06-14,245.9949,212.5705,-0.1358743254469551,11,False
Breakout_100,ALB,2022-08-15,2022-09-30,263.1019,250.6964,-0.047150865893379135,33,False
Breakout_100,ALB,2022-11-11,2022-11-18,307.6556,267.6509,-0.1300308364795837,5,False
Breakout_100,ALB,2024-11-12,2024-12-16,103.7568,96.3472,-0.07141338423477384,23,False
Breakout_100,ALB,2025-07-23,2025-09-10,80.5176,72.4956,-0.09963142873049902,34,False
Breakout_100,ALB,2025-09-29,2026-03-04,90.0843,169.8792,0.8857805324136967,107,True
Breakout_50_noSMA,ALB,2020-05-27,2020-09-24,71.0169,75.0769,0.05716995433318317,84,True
Breakout_50_noSMA,ALB,2020-11-06,2021-02-05,98.2929,147.6083,0.501718693342043,61,True
Breakout_50_noSMA,ALB,2021-06-09,2021-06-21,165.3026,151.0869,-0.0859982580039903,8,False
Breakout_50_noSMA,ALB,2021-07-13,2021-09-21,175.621,206.8955,0.178079825116362,49,True
Breakout_50_noSMA,ALB,2021-11-02,2021-12-14,242.2486,232.7291,-0.0392967001781227,29,False
Breakout_50_noSMA,ALB,2022-05-06,2022-06-14,223.6748,212.5705,-0.049644965894954485,26,False
Breakout_50_noSMA,ALB,2022-08-12,2022-09-30,253.9887,250.6964,-0.012962095583066935,34,False
Breakout_50_noSMA,ALB,2022-11-11,2022-11-18,307.6556,267.6509,-0.1300308364795837,5,False
Breakout_50_noSMA,ALB,2023-02-03,2023-02-22,275.1568,231.8255,-0.15747879413933896,12,False
Breakout_50_noSMA,ALB,2023-06-14,2023-07-24,221.076,204.8255,-0.07350655685814822,26,False
Breakout_50_noSMA,ALB,2024-10-07,2024-12-16,97.2251,96.3472,-0.009030383536736908,49,False
Breakout_50_noSMA,ALB,2025-07-03,2025-09-10,67.8663,72.4956,0.06821163490949167,47,True
Breakout_50_noSMA,ALB,2025-09-29,2026-03-04,90.0843,169.8792,0.8857805324136967,107,True
Breakout_50,ALGN,2020-05-21,2020-09-24,235.0,306.15,0.30276593147440156,87,True
Breakout_50,ALGN,2020-10-23,2021-01-28,451.34,509.36,0.12855051509823623,65,True
Breakout_50,ALGN,2021-02-05,2021-03-04,622.09,523.7,-0.15816041151757065,18,False
Breakout_50,ALGN,2021-07-30,2021-09-29,675.6,679.4,0.005624702435534035,42,True
Breakout_50,ALGN,2023-01-27,2023-03-29,260.0,309.37,0.18988459660456725,42,True
Breakout_50,ALGN,2023-04-25,2023-04-28,359.83,317.02,-0.11897284594427793,3,False
Breakout_50,ALGN,2023-07-13,2023-08-22,358.98,342.52,-0.045852196414588486,28,False
Breakout_50,ALGN,2024-02-16,2024-04-16,307.19,302.28,-0.015983605010211566,40,False
Breakout_50,ALGN,2025-07-11,2025-08-01,202.24,129.0,-0.36214400466696806,15,False
Breakout_50,ALGN,2025-12-11,2026-02-04,164.11,157.24,-0.04186213571163777,36,False
Breakout_50,ALGN,2026-02-06,2026-03-11,177.89,168.53,-0.052616789265649055,22,False
Breakout_100,ALGN,2020-07-15,2020-09-24,303.52,306.15,0.008665013765185803,50,True
Breakout_100,ALGN,2020-10-23,2021-01-28,451.34,509.36,0.12855051509823623,65,True
Breakout_100,ALGN,2021-02-05,2021-03-04,622.09,523.7,-0.15816041151757065,18,False
Breakout_100,ALGN,2021-07-30,2021-09-29,675.6,679.4,0.005624702435534035,42,True
Breakout_100,ALGN,2023-02-02,2023-03-29,336.5,309.37,-0.08062408583302383,38,False
Breakout_100,ALGN,2023-07-14,2023-08-22,367.51,342.52,-0.06799820436969917,27,False
Breakout_100,ALGN,2024-02-23,2024-04-16,315.35,302.28,-0.04144603479071585,36,False
Breakout_100,ALGN,2025-07-28,2025-08-01,206.07,129.0,-0.37399914875997076,4,False
Breakout_100,ALGN,2026-01-07,2026-02-04,168.49,157.24,-0.06676953904222194,19,False
Breakout_100,ALGN,2026-02-06,2026-03-11,177.89,168.53,-0.052616789265649055,22,False
Breakout_50_noSMA,ALGN,2020-05-21,2020-09-24,235.0,306.15,0.30276593147440156,87,True
Breakout_50_noSMA,ALGN,2020-10-23,2021-01-28,451.34,509.36,0.12855051509823623,65,True
Breakout_50_noSMA,ALGN,2021-02-05,2021-03-04,622.09,523.7,-0.15816041151757065,18,False
Breakout_50_noSMA,ALGN,2021-07-30,2021-09-29,675.6,679.4,0.005624702435534035,42,True
Breakout_50_noSMA,ALGN,2022-08-05,2022-08-23,286.82,255.63,-0.10874416583550728,12,False
Breakout_50_noSMA,ALGN,2023-01-11,2023-03-29,234.0,309.37,0.32209399622729706,53,True
Breakout_50_noSMA,ALGN,2023-04-25,2023-04-28,359.83,317.02,-0.11897284594427793,3,False
Breakout_50_noSMA,ALGN,2023-07-13,2023-08-22,358.98,342.52,-0.045852196414588486,28,False
Breakout_50_noSMA,ALGN,2024-02-16,2024-04-16,307.19,302.28,-0.015983605010211566,40,False
Breakout_50_noSMA,ALGN,2025-07-11,2025-08-01,202.24,129.0,-0.36214400466696806,15,False
Breakout_50_noSMA,ALGN,2025-12-04,2026-02-04,154.71,157.24,0.016353168311704858,41,True
Breakout_50_noSMA,ALGN,2026-02-06,2026-03-11,177.89,168.53,-0.052616789265649055,22,False
Breakout_50,ALL,2020-06-09,2020-06-12,91.724,84.7018,-0.07655835243986775,3,False
Breakout_50,ALL,2020-11-17,2021-02-05,85.8266,94.2019,0.09758432899292391,54,True
Breakout_50,ALL,2021-03-09,2021-06-18,99.5507,111.6388,0.12142602810663661,71,True
Breakout_50,ALL,2021-08-24,2021-09-08,122.6226,117.8965,-0.0385417971177322,10,False
Breakout_50,ALL,2022-03-07,2022-04-27,114.9798,117.5084,0.021991762265569204,36,True
Breakout_50,ALL,2022-10-05,2022-10-21,121.015,109.0425,-0.09893384427241969,12,False
Breakout_50,ALL,2023-01-05,2023-01-19,128.2511,116.925,-0.0883118286469875,9,False
Breakout_50,ALL,2023-10-16,2024-05-16,114.8996,161.1726,0.40272473641157536,147,True
Breakout_50,ALL,2024-07-19,2024-10-08,171.6376,177.0462,0.031511436706908036,56,True
Breakout_50,ALL,2024-11-22,2024-12-12,197.0688,189.8149,-0.03680874271264112,13,False
Breakout_50,ALL,2025-03-03,2025-04-07,194.7037,179.6638,-0.07724530719116307,25,False
Breakout_50,ALL,2025-08-20,2025-09-16,207.3057,196.1277,-0.05392038823411616,18,False
Breakout_50,ALL,2025-10-01,2025-10-14,210.9326,204.565,-0.03018774985062167,9,False
Breakout_50,ALL,2026-02-06,2026-02-10,213.9176,199.0727,-0.06939538413565194,2,False
Breakout_100,ALL,2020-11-19,2021-02-05,86.8244,94.2019,0.084970795946129,52,True
Breakout_100,ALL,2021-03-09,2021-06-18,99.5507,111.6388,0.12142602810663661,71,True
Breakout_100,ALL,2022-03-18,2022-04-27,120.4645,117.5084,-0.024539458460634878,27,False
Breakout_100,ALL,2022-10-19,2022-10-21,127.015,109.0425,-0.14149925073594194,2,False
Breakout_100,ALL,2023-01-05,2023-01-19,128.2511,116.925,-0.0883118286469875,9,False
Breakout_100,ALL,2023-10-16,2024-05-16,114.8996,161.1726,0.40272473641157536,147,True
Breakout_100,ALL,2024-07-19,2024-10-08,171.6376,177.0462,0.031511436706908036,56,True
Breakout_100,ALL,2024-11-22,2024-12-12,197.0688,189.8149,-0.03680874271264112,13,False
Breakout_100,ALL,2025-03-18,2025-04-07,205.4169,179.6638,-0.12536996610759576,14,False
Breakout_100,ALL,2025-08-21,2025-09-16,209.6412,196.1277,-0.06446009426728272,17,False
Breakout_100,ALL,2025-10-01,2025-10-14,210.9326,204.565,-0.03018774985062167,9,False
Breakout_100,ALL,2026-02-06,2026-02-10,213.9176,199.0727,-0.06939538413565194,2,False
Breakout_50_noSMA,ALL,2020-06-09,2020-06-12,91.724,84.7018,-0.07655835243986775,3,False
Breakout_50_noSMA,ALL,2020-11-17,2021-02-05,85.8266,94.2019,0.09758432899292391,54,True
Breakout_50_noSMA,ALL,2021-03-09,2021-06-18,99.5507,111.6388,0.12142602810663661,71,True
Breakout_50_noSMA,ALL,2021-08-24,2021-09-08,122.6226,117.8965,-0.0385417971177322,10,False
Breakout_50_noSMA,ALL,2022-03-07,2022-04-27,114.9798,117.5084,0.021991762265569204,36,True
Breakout_50_noSMA,ALL,2022-10-05,2022-10-21,121.015,109.0425,-0.09893384427241969,12,False
Breakout_50_noSMA,ALL,2023-01-05,2023-01-19,128.2511,116.925,-0.0883118286469875,9,False
Breakout_50_noSMA,ALL,2023-09-20,2024-05-16,108.2241,161.1726,0.4892489359377008,165,True
Breakout_50_noSMA,ALL,2024-07-19,2024-10-08,171.6376,177.0462,0.031511436706908036,56,True
Breakout_50_noSMA,ALL,2024-11-22,2024-12-12,197.0688,189.8149,-0.03680874271264112,13,False
Breakout_50_noSMA,ALL,2025-03-03,2025-04-07,194.7037,179.6638,-0.07724530719116307,25,False
Breakout_50_noSMA,ALL,2025-08-20,2025-09-16,207.3057,196.1277,-0.05392038823411616,18,False
Breakout_50_noSMA,ALL,2025-10-01,2025-10-14,210.9326,204.565,-0.03018774985062167,9,False
Breakout_50_noSMA,ALL,2026-02-06,2026-02-10,213.9176,199.0727,-0.06939538413565194,2,False
Breakout_50,AMAT,2020-05-21,2020-08-24,54.0244,60.4216,0.11841188682449255,65,True
Breakout_50,AMAT,2020-11-06,2021-05-11,65.7046,114.9921,0.7501371140879556,126,True
Breakout_50,AMAT,2021-11-05,2022-01-10,144.5145,142.2915,-0.015382566705400835,44,False
Breakout_50,AMAT,2022-01-18,2022-01-19,159.2833,148.7549,-0.06609810701462093,1,False
Breakout_50,AMAT,2022-11-14,2022-12-23,105.5748,94.0004,-0.10963206529366343,28,False
Breakout_50,AMAT,2023-02-02,2023-04-06,116.9633,111.2638,-0.0487291464628431,44,False
Breakout_50,AMAT,2023-05-18,2023-07-21,122.5968,132.106,0.07756522751398043,43,True
Breakout_50,AMAT,2023-07-31,2023-08-14,148.4312,135.0174,-0.0903705868362833,10,False
Breakout_50,AMAT,2023-09-05,2023-09-13,150.7505,141.1946,-0.06338905409839668,6,False
Breakout_50,AMAT,2023-11-16,2024-01-05,152.1506,147.2576,-0.032158919415530396,33,False
Breakout_50,AMAT,2024-01-22,2024-04-18,165.0172,194.0847,0.17614862557059507,61,True
Breakout_50,AMAT,2024-05-16,2024-07-18,214.479,218.7397,0.019865269297790755,42,True
Breakout_50,AMAT,2024-10-15,2024-10-16,210.8029,190.6184,-0.0957506793651628,1,False
Breakout_50,AMAT,2025-06-17,2025-08-06,175.2138,177.7981,0.014749237952598637,34,True
Breakout_50,AMAT,2025-10-02,2026-03-27,224.2801,337.63,0.5053943194733652,121,True
Breakout_100,AMAT,2020-08-13,2020-08-24,63.0728,60.4216,-0.04203520313335185,7,False
Breakout_100,AMAT,2020-11-06,2021-05-11,65.7046,114.9921,0.7501371140879556,126,True
Breakout_100,AMAT,2021-11-05,2022-01-10,144.5145,142.2915,-0.015382566705400835,44,False
Breakout_100,AMAT,2022-01-18,2022-01-19,159.2833,148.7549,-0.06609810701462093,1,False
Breakout_100,AMAT,2022-12-14,2022-12-23,108.2623,94.0004,-0.13173479875670646,7,False
Breakout_100,AMAT,2023-02-02,2023-04-06,116.9633,111.2638,-0.0487291464628431,44,False
Breakout_100,AMAT,2023-05-18,2023-07-21,122.5968,132.106,0.07756522751398043,43,True
Breakout_100,AMAT,2023-07-31,2023-08-14,148.4312,135.0174,-0.0903705868362833,10,False
Breakout_100,AMAT,2023-09-05,2023-09-13,150.7505,141.1946,-0.06338905409839668,6,False
Breakout_100,AMAT,2023-11-16,2024-01-05,152.1506,147.2576,-0.032158919415530396,33,False
Breakout_100,AMAT,2024-01-22,2024-04-18,165.0172,194.0847,0.17614862557059507,61,True
Breakout_100,AMAT,2024-05-16,2024-07-18,214.479,218.7397,0.019865269297790755,42,True
Breakout_100,AMAT,2025-07-03,2025-08-06,188.2048,177.7981,-0.05529445252767484,23,False
Breakout_100,AMAT,2025-10-02,2026-03-27,224.2801,337.63,0.5053943194733652,121,True
Breakout_50_noSMA,AMAT,2020-05-21,2020-08-24,54.0244,60.4216,0.11841188682449255,65,True
Breakout_50_noSMA,AMAT,2020-11-06,2021-05-11,65.7046,114.9921,0.7501371140879556,126,True
Breakout_50_noSMA,AMAT,2021-11-05,2022-01-10,144.5145,142.2915,-0.015382566705400835,44,False
Breakout_50_noSMA,AMAT,2022-01-18,2022-01-19,159.2833,148.7549,-0.06609810701462093,1,False
Breakout_50_noSMA,AMAT,2022-11-11,2022-12-23,102.1319,94.0004,-0.07961788106193435,29,False
Breakout_50_noSMA,AMAT,2023-02-02,2023-04-06,116.9633,111.2638,-0.0487291464628431,44,False
Breakout_50_noSMA,AMAT,2023-05-18,2023-07-21,122.5968,132.106,0.07756522751398043,43,True
Breakout_50_noSMA,AMAT,2023-07-31,2023-08-14,148.4312,135.0174,-0.0903705868362833,10,False
Breakout_50_noSMA,AMAT,2023-09-05,2023-09-13,150.7505,141.1946,-0.06338905409839668,6,False
Breakout_50_noSMA,AMAT,2023-11-16,2024-01-05,152.1506,147.2576,-0.032158919415530396,33,False
Breakout_50_noSMA,AMAT,2024-01-22,2024-04-18,165.0172,194.0847,0.17614862557059507,61,True
Breakout_50_noSMA,AMAT,2024-05-16,2024-07-18,214.479,218.7397,0.019865269297790755,42,True
Breakout_50_noSMA,AMAT,2024-10-15,2024-10-16,210.8029,190.6184,-0.0957506793651628,1,False
Breakout_50_noSMA,AMAT,2025-01-23,2025-01-29,188.0112,177.994,-0.053279354137666046,4,False
Breakout_50_noSMA,AMAT,2025-05-13,2025-08-06,167.3727,177.7981,0.06228847615910493,58,True
Breakout_50_noSMA,AMAT,2025-10-02,2026-03-27,224.2801,337.63,0.5053943194733652,121,True
Breakout_50,AMD,2020-07-23,2020-09-21,61.63,74.23,0.20444592033825337,41,True
Breakout_50,AMD,2020-12-01,2021-01-19,92.25,89.56,-0.029159918064024404,32,False
Breakout_50,AMD,2021-06-30,2021-09-21,90.82,102.15,0.12475227779262354,57,True
Breakout_50,AMD,2021-10-19,2021-12-21,116.16,138.19,0.18965218736888612,44,True
Breakout_50,AMD,2023-02-02,2023-04-25,84.29,86.9,0.030964534132194688,56,True
Breakout_50,AMD,2023-05-18,2023-07-21,103.98,110.97,0.06722444352857804,43,True
Breakout_50,AMD,2023-11-06,2024-03-26,112.6,179.54,0.5944937452854102,96,True
Breakout_50,AMD,2024-07-09,2024-07-18,177.97,163.41,-0.08181152699177485,7,False
Breakout_50,AMD,2024-10-07,2024-10-23,171.08,153.0,-0.10568156206187729,12,False
Breakout_50,AMD,2025-06-17,2025-09-08,127.93,151.8,0.18658643546971287,56,True
Breakout_50,AMD,2025-10-07,2025-11-21,214.85,208.81,-0.028112675696233325,33,False
Breakout_100,AMD,2020-07-23,2020-09-21,61.63,74.23,0.20444592033825337,41,True
Breakout_100,AMD,2020-12-16,2021-01-19,97.04,89.56,-0.0770816496945923,21,False
Breakout_100,AMD,2021-07-06,2021-09-21,94.88,102.15,0.07662315011501586,54,True
Breakout_100,AMD,2021-11-04,2021-12-21,132.01,138.19,0.04681469730877308,32,True
Breakout_100,AMD,2023-02-03,2023-04-25,86.66,86.9,0.002769419035629106,55,True
Breakout_100,AMD,2023-05-18,2023-07-21,103.98,110.97,0.06722444352857804,43,True
Breakout_100,AMD,2023-11-24,2024-03-26,122.03,179.54,0.47127751439913035,83,True
Breakout_100,AMD,2025-06-17,2025-09-08,127.93,151.8,0.18658643546971287,56,True
Breakout_100,AMD,2025-10-07,2025-11-21,214.85,208.81,-0.028112675696233325,33,False
Breakout_50_noSMA,AMD,2020-07-23,2020-09-21,61.63,74.23,0.20444592033825337,41,True
Breakout_50_noSMA,AMD,2020-12-01,2021-01-19,92.25,89.56,-0.029159918064024404,32,False
Breakout_50_noSMA,AMD,2021-06-30,2021-09-21,90.82,102.15,0.12475227779262354,57,True
Breakout_50_noSMA,AMD,2021-10-19,2021-12-21,116.16,138.19,0.18965218736888612,44,True
Breakout_50_noSMA,AMD,2023-02-02,2023-04-25,84.29,86.9,0.030964534132194688,56,True
Breakout_50_noSMA,AMD,2023-05-18,2023-07-21,103.98,110.97,0.06722444352857804,43,True
Breakout_50_noSMA,AMD,2023-11-06,2024-03-26,112.6,179.54,0.5944937452854102,96,True
Breakout_50_noSMA,AMD,2024-07-09,2024-07-18,177.97,163.41,-0.08181152699177485,7,False
Breakout_50_noSMA,AMD,2024-10-07,2024-10-23,171.08,153.0,-0.10568156206187729,12,False
Breakout_50_noSMA,AMD,2025-05-15,2025-09-08,117.02,151.8,0.29721421471902065,78,True
Breakout_50_noSMA,AMD,2025-10-07,2025-11-21,214.85,208.81,-0.028112675696233325,33,False
Breakout_50,AME,2020-05-28,2020-07-10,88.9183,83.0131,-0.06641208239918217,30,False
Breakout_50,AME,2020-08-11,2020-09-22,96.3141,92.7279,-0.03723372877831854,29,False
Breakout_50,AME,2020-10-07,2020-10-29,101.9236,94.8025,-0.06986669063894979,16,False
Breakout_50,AME,2020-11-10,2021-01-25,110.3279,112.6859,0.021372301234751534,50,True
Breakout_50,AME,2021-03-29,2021-06-18,122.4641,128.0729,0.04579912454535262,57,True
Breakout_50,AME,2021-07-30,2021-08-19,134.3258,129.7694,-0.03392048334455389,14,False
Breakout_50,AME,2021-11-03,2022-01-11,136.0759,136.6886,0.004503173742154809,47,True
Breakout_50,AME,2022-11-01,2023-01-20,129.4621,136.9756,0.05803680524643351,54,True
Breakout_50,AME,2023-02-07,2023-02-23,142.7319,138.9531,-0.02647462329354866,11,False
Breakout_50,AME,2023-06-05,2023-08-16,147.6049,153.7545,0.041662437468916735,50,True
Breakout_50,AME,2023-11-27,2024-04-18,152.4143,176.891,0.16059328531160988,98,True
Breakout_50,AME,2024-07-17,2024-07-25,173.805,165.3915,-0.048407307468563254,6,False
Breakout_50,AME,2024-11-01,2024-12-19,180.84,180.8535,7.467034724317756e-05,33,True
Breakout_50,AME,2025-07-02,2025-07-16,181.5307,175.9773,-0.030592107004120517,9,False
Breakout_50,AME,2025-08-01,2025-10-06,182.1478,186.4131,0.02341658169693006,45,True
Breakout_50,AME,2025-10-31,2026-03-09,198.1461,219.5614,0.10807823028465413,86,True
Breakout_100,AME,2020-08-11,2020-09-22,96.3141,92.7279,-0.03723372877831854,29,False
Breakout_100,AME,2020-10-07,2020-10-29,101.9236,94.8025,-0.06986669063894979,16,False
Breakout_100,AME,2020-11-10,2021-01-25,110.3279,112.6859,0.021372301234751534,50,True
Breakout_100,AME,2021-03-29,2021-06-18,122.4641,128.0729,0.04579912454535262,57,True
Breakout_100,AME,2021-08-02,2021-08-19,135.1401,129.7694,-0.03974175087388565,13,False
Breakout_100,AME,2021-11-04,2022-01-11,137.639,136.6886,-0.006905065320738091,46,False
Breakout_100,AME,2022-11-02,2023-01-20,129.1884,136.9756,0.0602785017775187,53,True
Breakout_100,AME,2023-02-07,2023-02-23,142.7319,138.9531,-0.02647462329354866,11,False
Breakout_100,AME,2023-06-05,2023-08-16,147.6049,153.7545,0.041662437468916735,50,True
Breakout_100,AME,2024-02-05,2024-04-18,163.6863,176.891,0.08067104746841114,51,True
Breakout_100,AME,2024-11-01,2024-12-19,180.84,180.8535,7.467034724317756e-05,33,True
Breakout_100,AME,2025-08-01,2025-10-06,182.1478,186.4131,0.02341658169693006,45,True
Breakout_100,AME,2025-10-31,2026-03-09,198.1461,219.5614,0.10807823028465413,86,True
Breakout_50_noSMA,AME,2020-05-26,2020-07-10,85.5635,83.0131,-0.029807254734898092,32,False
Breakout_50_noSMA,AME,2020-08-11,2020-09-22,96.3141,92.7279,-0.03723372877831854,29,False
Breakout_50_noSMA,AME,2020-10-07,2020-10-29,101.9236,94.8025,-0.06986669063894979,16,False
Breakout_50_noSMA,AME,2020-11-10,2021-01-25,110.3279,112.6859,0.021372301234751534,50,True
Breakout_50_noSMA,AME,2021-03-29,2021-06-18,122.4641,128.0729,0.04579912454535262,57,True
Breakout_50_noSMA,AME,2021-07-30,2021-08-19,134.3258,129.7694,-0.03392048334455389,14,False
Breakout_50_noSMA,AME,2021-11-03,2022-01-11,136.0759,136.6886,0.004503173742154809,47,True
Breakout_50_noSMA,AME,2022-08-01,2022-09-06,119.5581,115.177,-0.036644005311220806,25,False
Breakout_50_noSMA,AME,2022-11-01,2023-01-20,129.4621,136.9756,0.05803680524643351,54,True
Breakout_50_noSMA,AME,2023-02-07,2023-02-23,142.7319,138.9531,-0.02647462329354866,11,False
Breakout_50_noSMA,AME,2023-06-05,2023-08-16,147.6049,153.7545,0.041662437468916735,50,True
Breakout_50_noSMA,AME,2023-11-27,2024-04-18,152.4143,176.891,0.16059328531160988,98,True
Breakout_50_noSMA,AME,2024-07-17,2024-07-25,173.805,165.3915,-0.048407307468563254,6,False
Breakout_50_noSMA,AME,2024-11-01,2024-12-19,180.84,180.8535,7.467034724317756e-05,33,True
Breakout_50_noSMA,AME,2025-07-02,2025-07-16,181.5307,175.9773,-0.030592107004120517,9,False
Breakout_50_noSMA,AME,2025-08-01,2025-10-06,182.1478,186.4131,0.02341658169693006,45,True
Breakout_50_noSMA,AME,2025-10-31,2026-03-09,198.1461,219.5614,0.10807823028465413,86,True
Breakout_50,AMGN,2020-04-20,2020-06-04,194.7352,184.8108,-0.05096346227894333,32,False
Breakout_50,AMGN,2020-07-02,2020-08-11,211.6823,199.385,-0.05809315442383778,27,False
Breakout_50,AMGN,2021-01-19,2021-02-17,209.1432,198.5863,-0.05047675032846832,20,False
Breakout_50,AMGN,2021-04-21,2021-04-29,222.588,200.9284,-0.0973080928493315,6,False
Breakout_50,AMGN,2022-01-12,2022-02-17,203.2626,195.3895,-0.0387337225315727,25,False
Breakout_50,AMGN,2022-04-07,2022-04-29,219.844,208.6401,-0.050962970569746524,15,False
Breakout_50,AMGN,2022-06-01,2022-06-10,229.3294,213.4467,-0.06925719067830882,7,False
Breakout_50,AMGN,2022-10-25,2022-12-16,233.4393,239.0716,0.02412720531372181,37,True
Breakout_50,AMGN,2023-08-08,2023-10-30,236.6283,245.4744,0.03738389016289201,58,True
Breakout_50,AMGN,2023-12-28,2024-02-12,268.7653,270.7165,0.007259861642209486,30,True
Breakout_50,AMGN,2024-05-06,2024-08-08,292.507,297.541,0.017209869563669766,65,True
Breakout_50,AMGN,2025-02-06,2025-04-07,297.671,278.939,-0.06292852410253014,41,False
Breakout_50,AMGN,2025-07-23,2025-08-07,301.0845,281.0715,-0.06646960515341893,11,False
Breakout_50,AMGN,2025-10-21,2026-01-06,298.3894,317.2914,0.06334666535800415,52,True
Breakout_50,AMGN,2026-01-23,2026-03-19,343.7978,353.3,0.027638954210943867,38,True
Breakout_100,AMGN,2020-07-02,2020-08-11,211.6823,199.385,-0.05809315442383778,27,False
Breakout_100,AMGN,2021-01-27,2021-02-17,216.7538,198.5863,-0.08381624513064834,14,False
Breakout_100,AMGN,2022-01-12,2022-02-17,203.2626,195.3895,-0.0387337225315727,25,False
Breakout_100,AMGN,2022-04-07,2022-04-29,219.844,208.6401,-0.050962970569746524,15,False
Breakout_100,AMGN,2022-06-01,2022-06-10,229.3294,213.4467,-0.06925719067830882,7,False
Breakout_100,AMGN,2022-10-25,2022-12-16,233.4393,239.0716,0.02412720531372181,37,True
Breakout_100,AMGN,2023-08-09,2023-10-30,238.8336,245.4744,0.027805035527989963,57,True
Breakout_100,AMGN,2023-12-28,2024-02-12,268.7653,270.7165,0.007259861642209486,30,True
Breakout_100,AMGN,2024-07-15,2024-08-08,314.4838,297.541,-0.05387510435750664,18,False
Breakout_100,AMGN,2025-03-10,2025-04-07,314.2706,278.939,-0.11242406388186577,20,False
Breakout_100,AMGN,2025-11-06,2026-01-06,314.6599,317.2914,0.00836316087972011,40,True
Breakout_100,AMGN,2026-01-23,2026-03-19,343.7978,353.3,0.027638954210943867,38,True
Breakout_50_noSMA,AMGN,2020-04-20,2020-06-04,194.7352,184.8108,-0.05096346227894333,32,False
Breakout_50_noSMA,AMGN,2020-07-02,2020-08-11,211.6823,199.385,-0.05809315442383778,27,False
Breakout_50_noSMA,AMGN,2021-01-19,2021-02-17,209.1432,198.5863,-0.05047675032846832,20,False
Breakout_50_noSMA,AMGN,2021-04-21,2021-04-29,222.588,200.9284,-0.0973080928493315,6,False
Breakout_50_noSMA,AMGN,2021-12-16,2022-02-17,192.4339,195.3895,0.015359090813507503,43,True
Breakout_50_noSMA,AMGN,2022-04-07,2022-04-29,219.844,208.6401,-0.050962970569746524,15,False
Breakout_50_noSMA,AMGN,2022-06-01,2022-06-10,229.3294,213.4467,-0.06925719067830882,7,False
Breakout_50_noSMA,AMGN,2022-10-25,2022-12-16,233.4393,239.0716,0.02412720531372181,37,True
Breakout_50_noSMA,AMGN,2023-08-07,2023-10-30,224.4348,245.4744,0.0937446354369802,59,True
Breakout_50_noSMA,AMGN,2023-12-28,2024-02-12,268.7653,270.7165,0.007259861642209486,30,True
Breakout_50_noSMA,AMGN,2024-05-06,2024-08-08,292.507,297.541,0.017209869563669766,65,True
Breakout_50_noSMA,AMGN,2025-02-06,2025-04-07,297.671,278.939,-0.06292852410253014,41,False
Breakout_50_noSMA,AMGN,2025-07-23,2025-08-07,301.0845,281.0715,-0.06646960515341893,11,False
Breakout_50_noSMA,AMGN,2025-10-21,2026-01-06,298.3894,317.2914,0.06334666535800415,52,True
Breakout_50_noSMA,AMGN,2026-01-23,2026-03-19,343.7978,353.3,0.027638954210943867,38,True
Breakout_50,AMT,2020-04-13,2020-05-13,216.2835,194.8489,-0.09910405475823336,22,False
Breakout_50,AMT,2020-06-02,2020-06-29,222.8638,211.5536,-0.05074938352026892,19,False
Breakout_50,AMT,2020-07-30,2020-08-04,226.7492,216.8332,-0.04373144160071207,3,False
Breakout_50,AMT,2021-03-29,2021-09-27,203.0913,243.694,0.19992331193541513,126,True
Breakout_50,AMT,2021-12-31,2022-01-06,254.0498,230.0833,-0.09433766279685685,4,False
Breakout_50,AMT,2022-04-07,2022-05-02,231.8705,211.566,-0.08756858827016678,16,False
Breakout_50,AMT,2022-08-01,2022-08-29,238.3081,229.0677,-0.038774778950988464,20,False
Breakout_50,AMT,2023-11-06,2024-01-19,174.3521,189.3527,0.08603625291584138,50,True
Breakout_50,AMT,2024-06-05,2024-10-07,186.9462,209.2247,0.1191707227347727,85,True
Breakout_50,AMT,2025-03-04,2025-05-13,202.5468,201.0789,-0.007246968424883815,49,False
Breakout_50,AMT,2025-07-22,2025-07-30,223.1609,205.6358,-0.07853130373611217,6,False
Breakout_100,AMT,2020-04-13,2020-05-13,216.2835,194.8489,-0.09910405475823336,22,False
Breakout_100,AMT,2020-06-02,2020-06-29,222.8638,211.5536,-0.05074938352026892,19,False
Breakout_100,AMT,2020-07-30,2020-08-04,226.7492,216.8332,-0.04373144160071207,3,False
Breakout_100,AMT,2021-04-16,2021-09-27,213.46,243.694,0.14163775230745035,113,True
Breakout_100,AMT,2022-08-01,2022-08-29,238.3081,229.0677,-0.038774778950988464,20,False
Breakout_100,AMT,2023-11-17,2024-01-19,183.6967,189.3527,0.030790088713861907,41,True
Breakout_100,AMT,2024-07-12,2024-10-07,196.7812,209.2247,0.06323538623204183,60,True
Breakout_100,AMT,2025-04-04,2025-05-13,223.0166,201.0789,-0.0983680585314809,26,False
Breakout_100,AMT,2025-07-23,2025-07-30,224.4731,205.6358,-0.08391797585856087,5,False
Breakout_50_noSMA,AMT,2020-04-13,2020-05-13,216.2835,194.8489,-0.09910405475823336,22,False
Breakout_50_noSMA,AMT,2020-06-02,2020-06-29,222.8638,211.5536,-0.05074938352026892,19,False
Breakout_50_noSMA,AMT,2020-07-30,2020-08-04,226.7492,216.8332,-0.04373144160071207,3,False
Breakout_50_noSMA,AMT,2021-03-29,2021-09-27,203.0913,243.694,0.19992331193541513,126,True
Breakout_50_noSMA,AMT,2021-12-31,2022-01-06,254.0498,230.0833,-0.09433766279685685,4,False
Breakout_50_noSMA,AMT,2022-04-04,2022-05-02,224.0416,211.566,-0.05568434035181702,19,False
Breakout_50_noSMA,AMT,2022-08-01,2022-08-29,238.3081,229.0677,-0.038774778950988464,20,False
Breakout_50_noSMA,AMT,2023-01-12,2023-01-24,205.1563,192.2993,-0.06266913712903133,7,False
Breakout_50_noSMA,AMT,2023-11-03,2024-01-19,170.7998,189.3527,0.10862415439180317,51,True
Breakout_50_noSMA,AMT,2024-06-05,2024-10-07,186.9462,209.2247,0.1191707227347727,85,True
Breakout_50_noSMA,AMT,2025-03-04,2025-05-13,202.5468,201.0789,-0.007246968424883815,49,False
Breakout_50_noSMA,AMT,2025-07-22,2025-07-30,223.1609,205.6358,-0.07853130373611217,6,False
Breakout_50_noSMA,AMT,2026-02-13,2026-03-13,186.8035,180.2985,-0.03482263970586741,19,False
Breakout_50,AMZN,2020-04-15,2020-09-09,112.884,160.1495,0.41870860179676406,102,True
Breakout_50,AMZN,2021-02-03,2021-02-23,171.2505,156.3515,-0.08700121615532574,13,False
Breakout_50,AMZN,2021-07-07,2021-08-02,185.869,167.655,-0.09799377084733896,18,False
Breakout_50,AMZN,2021-11-19,2021-12-06,185.6345,169.65,-0.08610744119779612,10,False
Breakout_50,AMZN,2022-03-29,2022-04-11,170.384,152.713,-0.10371281910565433,9,False
Breakout_50,AMZN,2023-02-03,2023-02-27,105.26,94.28,-0.10431315916869321,15,False
Breakout_50,AMZN,2023-04-28,2023-09-21,107.73,131.94,0.2247284723853531,100,True
Breakout_50,AMZN,2023-12-19,2024-04-22,154.4,176.94,0.14598451707215454,84,True
Breakout_50,AMZN,2024-06-27,2024-07-19,195.01,181.14,-0.07112453467968949,15,False
Breakout_50,AMZN,2024-11-04,2025-02-19,196.45,225.52,0.14797662395422528,71,True
Breakout_50,AMZN,2025-06-10,2025-08-04,216.78,217.4,0.002860019931168578,37,True
Breakout_50,AMZN,2025-09-10,2025-09-23,237.52,227.83,-0.040796574044730916,9,False
Breakout_50,AMZN,2025-11-03,2025-11-19,255.36,223.74,-0.12382516855267311,12,False
Breakout_100,AMZN,2020-04-15,2020-09-09,112.884,160.1495,0.41870860179676406,102,True
Breakout_100,AMZN,2021-07-07,2021-08-02,185.869,167.655,-0.09799377084733896,18,False
Breakout_100,AMZN,2023-05-18,2023-09-21,116.69,131.94,0.1306881453503912,86,True
Breakout_100,AMZN,2023-12-19,2024-04-22,154.4,176.94,0.14598451707215454,84,True
Breakout_100,AMZN,2024-06-27,2024-07-19,195.01,181.14,-0.07112453467968949,15,False
Breakout_100,AMZN,2024-11-07,2025-02-19,207.44,225.52,0.0871577401574779,68,True
Breakout_100,AMZN,2025-07-22,2025-08-04,229.68,217.4,-0.053465687786882876,9,False
Breakout_100,AMZN,2025-09-10,2025-09-23,237.52,227.83,-0.040796574044730916,9,False
Breakout_100,AMZN,2025-11-03,2025-11-19,255.36,223.74,-0.12382516855267311,12,False
Breakout_50_noSMA,AMZN,2020-04-15,2020-09-09,112.884,160.1495,0.41870860179676406,102,True
Breakout_50_noSMA,AMZN,2021-02-03,2021-02-23,171.2505,156.3515,-0.08700121615532574,13,False
Breakout_50_noSMA,AMZN,2021-07-07,2021-08-02,185.869,167.655,-0.09799377084733896,18,False
Breakout_50_noSMA,AMZN,2021-11-19,2021-12-06,185.6345,169.65,-0.08610744119779612,10,False
Breakout_50_noSMA,AMZN,2022-03-29,2022-04-11,170.384,152.713,-0.10371281910565433,9,False
Breakout_50_noSMA,AMZN,2022-08-01,2022-09-07,134.96,126.12,-0.0655009152898689,26,False
Breakout_50_noSMA,AMZN,2023-02-02,2023-02-27,110.25,94.28,-0.1448526187818877,16,False
Breakout_50_noSMA,AMZN,2023-04-20,2023-09-21,103.53,131.94,0.274413252169289,106,True
Breakout_50_noSMA,AMZN,2023-12-19,2024-04-22,154.4,176.94,0.14598451707215454,84,True
Breakout_50_noSMA,AMZN,2024-06-27,2024-07-19,195.01,181.14,-0.07112453467968949,15,False
Breakout_50_noSMA,AMZN,2024-11-04,2025-02-19,196.45,225.52,0.14797662395422528,71,True
Breakout_50_noSMA,AMZN,2025-06-10,2025-08-04,216.78,217.4,0.002860019931168578,37,True
Breakout_50_noSMA,AMZN,2025-09-10,2025-09-23,237.52,227.83,-0.040796574044730916,9,False
Breakout_50_noSMA,AMZN,2025-11-03,2025-11-19,255.36,223.74,-0.12382516855267311,12,False
Breakout_50,ANET,2020-05-12,2020-06-22,14.2569,13.5988,-0.046161933940300104,28,False
Breakout_50,ANET,2020-07-24,2020-08-11,14.5188,14.0413,-0.03288850318243952,12,False
Breakout_50,ANET,2020-11-04,2021-02-23,15.5312,17.4312,0.12233397946271385,74,True
Breakout_50,ANET,2021-05-07,2021-08-13,20.5931,22.9212,0.11305351028570887,68,True
Breakout_50,ANET,2021-10-15,2022-01-10,24.68,32.17,0.3034845126075125,59,True
Breakout_50,ANET,2022-03-25,2022-04-12,35.0,32.1575,-0.08121425083705358,12,False
Breakout_50,ANET,2022-08-08,2022-09-16,31.5175,28.9025,-0.08296977163316432,28,False
Breakout_50,ANET,2022-11-07,2022-12-19,32.8975,31.0625,-0.05577928826020584,29,False
Breakout_50,ANET,2023-02-15,2023-05-03,35.735,33.775,-0.054848161494221226,53,False
Breakout_50,ANET,2023-05-31,2023-06-22,42.5025,37.745,-0.1119345885193338,15,False
Breakout_50,ANET,2023-08-02,2023-09-22,45.7775,44.65,-0.024629973741483235,36,False
Breakout_50,ANET,2023-11-01,2024-04-15,50.7325,68.825,0.3566254261528119,112,True
Breakout_50,ANET,2024-05-13,2024-07-25,78.0175,81.75,0.04784180576594155,50,True
Breakout_50,ANET,2024-09-20,2024-11-15,94.37,95.9725,0.0169810413149043,40,True
Breakout_50,ANET,2024-12-16,2025-01-28,113.38,105.02,-0.07373435185102317,27,False
Breakout_50,ANET,2025-05-14,2025-06-23,99.15,86.44,-0.12818960049289807,26,False
Breakout_50,ANET,2025-06-27,2025-10-15,101.65,140.42,0.3814067492482627,76,True
Breakout_50,ANET,2026-01-28,2026-02-05,150.35,127.73,-0.15044896460468526,6,False
Breakout_100,ANET,2020-07-24,2020-08-11,14.5188,14.0413,-0.03288850318243952,12,False
Breakout_100,ANET,2020-11-16,2021-02-23,17.1875,17.4312,0.014181795987215917,66,True
Breakout_100,ANET,2021-05-07,2021-08-13,20.5931,22.9212,0.11305351028570887,68,True
Breakout_100,ANET,2021-10-15,2022-01-10,24.68,32.17,0.3034845126075125,59,True
Breakout_100,ANET,2022-11-21,2022-12-19,33.74,31.0625,-0.07935689227234399,19,False
Breakout_100,ANET,2023-02-15,2023-05-03,35.735,33.775,-0.054848161494221226,53,False
Breakout_100,ANET,2023-05-31,2023-06-22,42.5025,37.745,-0.1119345885193338,15,False
Breakout_100,ANET,2023-08-02,2023-09-22,45.7775,44.65,-0.024629973741483235,36,False
Breakout_100,ANET,2023-11-01,2024-04-15,50.7325,68.825,0.3566254261528119,112,True
Breakout_100,ANET,2024-05-13,2024-07-25,78.0175,81.75,0.04784180576594155,50,True
Breakout_100,ANET,2024-09-20,2024-11-15,94.37,95.9725,0.0169810413149043,40,True
Breakout_100,ANET,2024-12-16,2025-01-28,113.38,105.02,-0.07373435185102317,27,False
Breakout_100,ANET,2025-07-18,2025-10-15,112.61,140.42,0.24695850641916572,62,True
Breakout_50_noSMA,ANET,2020-05-12,2020-06-22,14.2569,13.5988,-0.046161933940300104,28,False
Breakout_50_noSMA,ANET,2020-07-24,2020-08-11,14.5188,14.0413,-0.03288850318243952,12,False
Breakout_50_noSMA,ANET,2020-11-04,2021-02-23,15.5312,17.4312,0.12233397946271385,74,True
Breakout_50_noSMA,ANET,2021-05-07,2021-08-13,20.5931,22.9212,0.11305351028570887,68,True
Breakout_50_noSMA,ANET,2021-10-15,2022-01-10,24.68,32.17,0.3034845126075125,59,True
Breakout_50_noSMA,ANET,2022-03-25,2022-04-12,35.0,32.1575,-0.08121425083705358,12,False
Breakout_50_noSMA,ANET,2022-07-29,2022-09-16,28.785,28.9025,0.004081997769624701,34,True
Breakout_50_noSMA,ANET,2022-11-07,2022-12-19,32.8975,31.0625,-0.05577928826020584,29,False
Breakout_50_noSMA,ANET,2023-02-15,2023-05-03,35.735,33.775,-0.054848161494221226,53,False
Breakout_50_noSMA,ANET,2023-05-31,2023-06-22,42.5025,37.745,-0.1119345885193338,15,False
Breakout_50_noSMA,ANET,2023-08-02,2023-09-22,45.7775,44.65,-0.024629973741483235,36,False
Breakout_50_noSMA,ANET,2023-11-01,2024-04-15,50.7325,68.825,0.3566254261528119,112,True
Breakout_50_noSMA,ANET,2024-05-13,2024-07-25,78.0175,81.75,0.04784180576594155,50,True
Breakout_50_noSMA,ANET,2024-09-20,2024-11-15,94.37,95.9725,0.0169810413149043,40,True
Breakout_50_noSMA,ANET,2024-12-16,2025-01-28,113.38,105.02,-0.07373435185102317,27,False
Breakout_50_noSMA,ANET,2025-05-14,2025-06-23,99.15,86.44,-0.12818960049289807,26,False
Breakout_50_noSMA,ANET,2025-06-27,2025-10-15,101.65,140.42,0.3814067492482627,76,True
Breakout_50_noSMA,ANET,2026-01-28,2026-02-05,150.35,127.73,-0.15044896460468526,6,False
Breakout_50,ANSS,2020-06-04,2020-08-28,26.7251,32.1996,0.20484268331538935,60,True
Breakout_50,ANSS,2020-11-06,2021-02-01,37.7222,46.4413,0.2311398449389861,57,True
Breakout_50,ANSS,2021-02-16,2021-03-05,55.7995,51.3233,-0.0802203851835045,13,False
Breakout_50,ANSS,2021-04-05,2021-05-11,61.5949,53.9024,-0.12488844614715833,26,False
Breakout_50,ANSS,2021-11-15,2022-01-20,60.1842,62.4818,0.038175469654619265,45,True
Breakout_50,ANSS,2022-11-11,2022-12-23,46.4801,39.2629,-0.15527371881965046,29,False
Breakout_50,ANSS,2023-02-01,2023-03-13,48.2718,45.4047,-0.05939561250534531,27,False
Breakout_50,ANSS,2023-05-16,2023-09-12,53.4638,63.9215,0.19560267583923574,81,True
Breakout_50,ANSS,2023-11-17,2024-04-18,67.5729,89.2756,0.3211743433560821,103,True
Breakout_50,ANSS,2024-06-11,2024-07-18,98.0939,96.8155,-0.013032339830684081,25,False
Breakout_50,ANSS,2025-02-19,2025-02-28,85.4145,75.9625,-0.1106605470144677,7,False
Breakout_50,ANSS,2025-05-13,2025-09-03,81.7609,96.5639,0.18105204047988543,77,True
Breakout_50,ANSS,2025-09-12,2025-11-21,115.3632,139.4032,0.20838563056616688,50,True
Breakout_50,ANSS,2025-12-11,2026-03-06,165.4618,205.45,0.24167657483308735,57,True
Breakout_100,ANSS,2020-07-13,2020-08-28,32.2315,32.1996,-0.0009919104226895348,34,False
Breakout_100,ANSS,2020-11-06,2021-02-01,37.7222,46.4413,0.2311398449389861,57,True
Breakout_100,ANSS,2021-02-16,2021-03-05,55.7995,51.3233,-0.0802203851835045,13,False
Breakout_100,ANSS,2021-04-05,2021-05-11,61.5949,53.9024,-0.12488844614715833,26,False
Breakout_100,ANSS,2021-11-24,2022-01-20,62.2793,62.4818,0.0032520186650302207,38,True
Breakout_100,ANSS,2023-02-02,2023-03-13,52.1776,45.4047,-0.12980486754074605,26,False
Breakout_100,ANSS,2023-05-16,2023-09-12,53.4638,63.9215,0.19560267583923574,81,True
Breakout_100,ANSS,2023-12-12,2024-04-18,71.8173,89.2756,0.24309273176961366,87,True
Breakout_100,ANSS,2024-06-13,2024-07-18,100.8559,96.8155,-0.04006143494780012,23,False
Breakout_100,ANSS,2025-02-19,2025-02-28,85.4145,75.9625,-0.1106605470144677,7,False
Breakout_100,ANSS,2025-06-17,2025-09-03,92.6611,96.5639,0.04211962621204579,53,True
Breakout_100,ANSS,2025-09-12,2025-11-21,115.3632,139.4032,0.20838563056616688,50,True
Breakout_100,ANSS,2025-12-11,2026-03-06,165.4618,205.45,0.24167657483308735,57,True
Breakout_50_noSMA,ANSS,2020-06-04,2020-08-28,26.7251,32.1996,0.20484268331538935,60,True
Breakout_50_noSMA,ANSS,2020-11-06,2021-02-01,37.7222,46.4413,0.2311398449389861,57,True
Breakout_50_noSMA,ANSS,2021-02-16,2021-03-05,55.7995,51.3233,-0.0802203851835045,13,False
Breakout_50_noSMA,ANSS,2021-04-05,2021-05-11,61.5949,53.9024,-0.12488844614715833,26,False
Breakout_50_noSMA,ANSS,2021-11-15,2022-01-20,60.1842,62.4818,0.038175469654619265,45,True
Breakout_50_noSMA,ANSS,2022-11-11,2022-12-23,46.4801,39.2629,-0.15527371881965046,29,False
Breakout_50_noSMA,ANSS,2023-02-01,2023-03-13,48.2718,45.4047,-0.05939561250534531,27,False
Breakout_50_noSMA,ANSS,2023-05-16,2023-09-12,53.4638,63.9215,0.19560267583923574,81,True
Breakout_50_noSMA,ANSS,2023-11-17,2024-04-18,67.5729,89.2756,0.3211743433560821,103,True
Breakout_50_noSMA,ANSS,2024-06-11,2024-07-18,98.0939,96.8155,-0.013032339830684081,25,False
Breakout_50_noSMA,ANSS,2025-01-23,2025-01-29,79.9214,76.6553,-0.04086690860805009,4,False
Breakout_50_noSMA,ANSS,2025-02-19,2025-02-28,85.4145,75.9625,-0.1106605470144677,7,False
Breakout_50_noSMA,ANSS,2025-05-13,2025-09-03,81.7609,96.5639,0.18105204047988543,77,True
Breakout_50_noSMA,ANSS,2025-09-12,2025-11-21,115.3632,139.4032,0.20838563056616688,50,True
Breakout_50_noSMA,ANSS,2025-12-11,2026-03-06,165.4618,205.45,0.24167657483308735,57,True
Breakout_50,AON,2020-07-22,2020-08-07,197.0485,187.5594,-0.04815597871408395,12,False
Breakout_50,AON,2020-09-03,2020-09-09,202.2723,192.3356,-0.04912565993468054,3,False
Breakout_50,AON,2020-10-13,2020-10-27,205.2996,194.8822,-0.050742284213132094,10,False
Breakout_50,AON,2021-02-08,2021-04-27,216.1527,222.7569,0.030553591024522042,54,True
Breakout_50,AON,2021-05-03,2021-06-17,243.3199,235.2985,-0.03296621665290411,32,False
Breakout_50,AON,2021-07-28,2021-11-04,252.541,284.272,0.1256466619784804,70,True
Breakout_50,AON,2022-03-16,2022-05-02,299.9372,282.5637,-0.05792377801867177,32,False
Breakout_50,AON,2022-07-29,2022-09-01,285.1167,272.9309,-0.04273967933026235,24,False
Breakout_50,AON,2022-11-11,2023-02-17,292.2442,303.0119,0.036844854235493774,66,True
Breakout_50,AON,2023-04-14,2023-05-24,318.0556,307.7064,-0.03253904456972123,28,False
Breakout_50,AON,2023-06-30,2023-07-31,337.4863,311.4768,-0.07706853248953371,20,False
Breakout_50,AON,2024-03-13,2024-04-12,317.424,305.5808,-0.037310196303947496,21,False
Breakout_50,AON,2024-07-29,2024-12-10,315.2475,364.9561,0.15768116739583538,94,True
Breakout_50,AON,2025-02-20,2025-04-07,391.9907,369.9236,-0.05629509913555997,32,False
Breakout_100,AON,2020-09-03,2020-09-09,202.2723,192.3356,-0.04912565993468054,3,False
Breakout_100,AON,2020-10-13,2020-10-27,205.2996,194.8822,-0.050742284213132094,10,False
Breakout_100,AON,2021-02-08,2021-04-27,216.1527,222.7569,0.030553591024522042,54,True
Breakout_100,AON,2021-05-03,2021-06-17,243.3199,235.2985,-0.03296621665290411,32,False
Breakout_100,AON,2021-07-29,2021-11-04,255.4437,284.272,0.11285545580091894,69,True
Breakout_100,AON,2022-03-28,2022-05-02,314.1701,282.5637,-0.10060257457102273,24,False
Breakout_100,AON,2022-11-28,2023-02-17,298.6425,303.0119,0.0146309716757691,56,True
Breakout_100,AON,2023-04-18,2023-05-24,323.4165,307.7064,-0.048575625088517316,26,False
Breakout_100,AON,2023-06-30,2023-07-31,337.4863,311.4768,-0.07706853248953371,20,False
Breakout_100,AON,2024-08-21,2024-12-10,334.3609,364.9561,0.09150374716839593,77,True
Breakout_100,AON,2025-02-20,2025-04-07,391.9907,369.9236,-0.05629509913555997,32,False
Breakout_50_noSMA,AON,2020-07-22,2020-08-07,197.0485,187.5594,-0.04815597871408395,12,False
Breakout_50_noSMA,AON,2020-09-03,2020-09-09,202.2723,192.3356,-0.04912565993468054,3,False
Breakout_50_noSMA,AON,2020-10-13,2020-10-27,205.2996,194.8822,-0.050742284213132094,10,False
Breakout_50_noSMA,AON,2021-02-08,2021-04-27,216.1527,222.7569,0.030553591024522042,54,True
Breakout_50_noSMA,AON,2021-05-03,2021-06-17,243.3199,235.2985,-0.03296621665290411,32,False
Breakout_50_noSMA,AON,2021-07-28,2021-11-04,252.541,284.272,0.1256466619784804,70,True
Breakout_50_noSMA,AON,2022-03-16,2022-05-02,299.9372,282.5637,-0.05792377801867177,32,False
Breakout_50_noSMA,AON,2022-07-28,2022-09-01,279.7668,272.9309,-0.024434102788997714,25,False
Breakout_50_noSMA,AON,2022-11-11,2023-02-17,292.2442,303.0119,0.036844854235493774,66,True
Breakout_50_noSMA,AON,2023-04-14,2023-05-24,318.0556,307.7064,-0.03253904456972123,28,False
Breakout_50_noSMA,AON,2023-06-30,2023-07-31,337.4863,311.4768,-0.07706853248953371,20,False
Breakout_50_noSMA,AON,2024-03-13,2024-04-12,317.424,305.5808,-0.037310196303947496,21,False
Breakout_50_noSMA,AON,2024-07-29,2024-12-10,315.2475,364.9561,0.15768116739583538,94,True
Breakout_50_noSMA,AON,2025-02-20,2025-04-07,391.9907,369.9236,-0.05629509913555997,32,False
Breakout_50,APA,2020-11-24,2021-01-28,11.6862,12.9457,0.10777993333614644,43,True
Breakout_50,APA,2021-02-24,2021-03-24,17.0539,16.1736,-0.05161936394746158,20,False
Breakout_50,APA,2021-06-02,2021-06-29,20.0609,18.3927,-0.08315360608301614,19,False
Breakout_50,APA,2021-09-24,2021-12-01,18.4969,23.3022,0.2597933543280262,47,True
Breakout_50,APA,2022-01-12,2022-04-27,28.4815,33.9216,0.1910073652401032,72,True
Breakout_50,APA,2022-05-26,2022-06-17,40.2361,36.4893,-0.09311936795117914,15,False
Breakout_50,APA,2022-10-25,2022-12-08,38.6034,39.8555,0.03243497853917443,31,True
Breakout_50,APA,2023-07-25,2023-09-21,35.0347,37.011,0.0564100031782202,41,True
Breakout_50,APA,2025-08-25,2025-10-13,21.0676,22.0407,0.04618943780972962,34,True
Breakout_50,APA,2025-12-04,2025-12-17,26.5678,23.9111,-0.10000001889316823,9,False
Breakout_100,APA,2021-01-08,2021-01-28,14.9611,12.9457,-0.13470627349819653,13,False
Breakout_100,APA,2021-02-24,2021-03-24,17.0539,16.1736,-0.05161936394746158,20,False
Breakout_100,APA,2021-10-11,2021-12-01,21.7254,23.3022,0.07258103250892556,36,True
Breakout_100,APA,2022-01-12,2022-04-27,28.4815,33.9216,0.1910073652401032,72,True
Breakout_100,APA,2022-05-26,2022-06-17,40.2361,36.4893,-0.09311936795117914,15,False
Breakout_100,APA,2022-11-07,2022-12-08,43.3296,39.8555,-0.08017898711795579,22,False
Breakout_100,APA,2023-08-04,2023-09-21,37.7835,37.011,-0.020447080498520065,33,False
Breakout_100,APA,2025-08-25,2025-10-13,21.0676,22.0407,0.04618943780972962,34,True
Breakout_100,APA,2025-12-04,2025-12-17,26.5678,23.9111,-0.10000001889316823,9,False
Breakout_50_noSMA,APA,2020-06-08,2020-07-08,15.1436,10.9651,-0.275920482561799,21,False
Breakout_50_noSMA,APA,2020-11-24,2021-01-28,11.6862,12.9457,0.10777993333614644,43,True
Breakout_50_noSMA,APA,2021-02-24,2021-03-24,17.0539,16.1736,-0.05161936394746158,20,False
Breakout_50_noSMA,APA,2021-06-02,2021-06-29,20.0609,18.3927,-0.08315360608301614,19,False
Breakout_50_noSMA,APA,2021-09-24,2021-12-01,18.4969,23.3022,0.2597933543280262,47,True
Breakout_50_noSMA,APA,2022-01-12,2022-04-27,28.4815,33.9216,0.1910073652401032,72,True
Breakout_50_noSMA,APA,2022-05-26,2022-06-17,40.2361,36.4893,-0.09311936795117914,15,False
Breakout_50_noSMA,APA,2022-10-25,2022-12-08,38.6034,39.8555,0.03243497853917443,31,True
Breakout_50_noSMA,APA,2023-07-12,2023-09-21,32.9124,37.011,0.12452885473062936,50,True
Breakout_50_noSMA,APA,2024-03-21,2024-04-24,30.7906,29.359,-0.04649567435615465,23,False
Breakout_50_noSMA,APA,2024-07-16,2024-08-05,28.597,25.6114,-0.10440189403930422,14,False
Breakout_50_noSMA,APA,2025-01-16,2025-02-03,23.6166,20.6098,-0.12732005590631812,11,False
Breakout_50_noSMA,APA,2025-06-16,2025-07-17,19.8052,17.5108,-0.1158506981558527,21,False
Breakout_50_noSMA,APA,2025-08-25,2025-10-13,21.0676,22.0407,0.04618943780972962,34,True
Breakout_50_noSMA,APA,2025-12-04,2025-12-17,26.5678,23.9111,-0.10000001889316823,9,False
Breakout_50,APD,2020-05-19,2020-09-22,205.5355,254.4984,0.2382211085063617,87,True
Breakout_50,APD,2020-11-10,2020-11-12,275.25,242.7613,-0.11803333397878646,2,False
Breakout_50,APD,2021-04-06,2021-06-21,255.3308,260.7235,0.021120779854264526,53,True
Breakout_50,APD,2021-10-18,2021-12-02,260.537,255.0756,-0.020961960144277203,32,False
Breakout_50,APD,2022-08-08,2022-09-06,239.878,225.3944,-0.06037888891893206,20,False
Breakout_50,APD,2022-11-07,2023-01-19,254.2121,278.3252,0.09485410014621332,49,True
Breakout_50,APD,2023-05-01,2023-05-10,272.9596,260.1678,-0.04686352769745328,7,False
Breakout_50,APD,2023-07-03,2023-08-04,277.616,266.0887,-0.04152270335842856,23,False
Breakout_50,APD,2024-05-20,2024-07-01,248.4329,245.3288,-0.012494914801352786,28,False
Breakout_50,APD,2024-08-02,2024-12-10,270.4517,303.6534,0.12276388978978625,90,True
Breakout_50,APD,2025-01-31,2025-02-10,325.6321,300.7458,-0.07642458408421837,6,False
Breakout_50,APD,2025-07-23,2025-08-04,293.5769,276.6606,-0.05762158862488176,8,False
Breakout_100,APD,2020-07-08,2020-09-22,231.6626,254.4984,0.0985734907547402,53,True
Breakout_100,APD,2020-11-10,2020-11-12,275.25,242.7613,-0.11803333397878646,2,False
Breakout_100,APD,2021-06-03,2021-06-21,267.855,260.7235,-0.026624498939528896,12,False
Breakout_100,APD,2021-10-29,2021-12-02,267.7295,255.0756,-0.047263622841434816,23,False
Breakout_100,APD,2022-08-08,2022-09-06,239.878,225.3944,-0.06037888891893206,20,False
Breakout_100,APD,2022-11-07,2023-01-19,254.2121,278.3252,0.09485410014621332,49,True
Breakout_100,APD,2023-07-03,2023-08-04,277.616,266.0887,-0.04152270335842856,23,False
Breakout_100,APD,2024-06-04,2024-07-01,256.2496,245.3288,-0.04261784098210608,18,False
Breakout_100,APD,2024-08-02,2024-12-10,270.4517,303.6534,0.12276388978978625,90,True
Breakout_100,APD,2025-01-31,2025-02-10,325.6321,300.7458,-0.07642458408421837,6,False
Breakout_50_noSMA,APD,2020-05-19,2020-09-22,205.5355,254.4984,0.2382211085063617,87,True
Breakout_50_noSMA,APD,2020-11-10,2020-11-12,275.25,242.7613,-0.11803333397878646,2,False
Breakout_50_noSMA,APD,2021-04-06,2021-06-21,255.3308,260.7235,0.021120779854264526,53,True
Breakout_50_noSMA,APD,2021-10-18,2021-12-02,260.537,255.0756,-0.020961960144277203,32,False
Breakout_50_noSMA,APD,2022-06-07,2022-06-14,231.4472,218.423,-0.056272895695211544,5,False
Breakout_50_noSMA,APD,2022-08-08,2022-09-06,239.878,225.3944,-0.06037888891893206,20,False
Breakout_50_noSMA,APD,2022-11-07,2023-01-19,254.2121,278.3252,0.09485410014621332,49,True
Breakout_50_noSMA,APD,2023-05-01,2023-05-10,272.9596,260.1678,-0.04686352769745328,7,False
Breakout_50_noSMA,APD,2023-07-03,2023-08-04,277.616,266.0887,-0.04152270335842856,23,False
Breakout_50_noSMA,APD,2024-05-07,2024-07-01,236.1333,245.3288,0.03894178769868417,37,True
Breakout_50_noSMA,APD,2024-08-02,2024-12-10,270.4517,303.6534,0.12276388978978625,90,True
Breakout_50_noSMA,APD,2025-01-31,2025-02-10,325.6321,300.7458,-0.07642458408421837,6,False
Breakout_50_noSMA,APD,2025-07-02,2025-08-04,280.3457,276.6606,-0.013145105321761053,22,False
Breakout_50,AVB,2020-11-10,2020-12-21,136.7561,128.2425,-0.062253934422671464,28,False
Breakout_50,AVB,2021-02-11,2021-09-13,147.2722,191.8397,0.3026199253811126,147,True
Breakout_50,AVB,2021-10-15,2021-12-02,200.1809,198.3245,-0.009273481487434565,33,False
Breakout_50,AVB,2021-12-14,2022-01-21,212.089,210.8673,-0.005760417862915923,26,False
Breakout_50,AVB,2022-03-30,2022-04-28,221.5028,206.9675,-0.06562124388998936,20,False
Breakout_50,AVB,2023-06-08,2023-08-03,166.4229,168.2237,0.010820632512544393,38,True
Breakout_50,AVB,2023-12-14,2024-01-25,171.3411,164.1835,-0.0417735752371432,27,False
Breakout_50,AVB,2024-04-01,2024-04-17,172.7819,167.561,-0.030216300460569667,12,False
Breakout_50,AVB,2024-04-25,2024-05-30,177.4061,176.9399,-0.0026274781078080567,24,False
Breakout_50,AVB,2024-06-17,2024-10-08,186.412,207.8227,0.11485682347009929,78,True
Breakout_50,AVB,2024-11-29,2024-12-06,225.6393,215.296,-0.04583998604093764,5,False
Breakout_100,AVB,2020-11-10,2020-12-21,136.7561,128.2425,-0.062253934422671464,28,False
Breakout_100,AVB,2021-02-25,2021-09-13,154.711,191.8397,0.23998704006121874,138,True
Breakout_100,AVB,2021-10-15,2021-12-02,200.1809,198.3245,-0.009273481487434565,33,False
Breakout_100,AVB,2021-12-14,2022-01-21,212.089,210.8673,-0.005760417862915923,26,False
Breakout_100,AVB,2022-03-30,2022-04-28,221.5028,206.9675,-0.06562124388998936,20,False
Breakout_100,AVB,2023-06-08,2023-08-03,166.4229,168.2237,0.010820632512544393,38,True
Breakout_100,AVB,2024-04-25,2024-05-30,177.4061,176.9399,-0.0026274781078080567,24,False
Breakout_100,AVB,2024-06-17,2024-10-08,186.412,207.8227,0.11485682347009929,78,True
Breakout_100,AVB,2024-11-29,2024-12-06,225.6393,215.296,-0.04583998604093764,5,False
Breakout_50_noSMA,AVB,2020-06-09,2020-06-19,141.7649,132.611,-0.06457125938200214,8,False
Breakout_50_noSMA,AVB,2020-11-10,2020-12-21,136.7561,128.2425,-0.062253934422671464,28,False
Breakout_50_noSMA,AVB,2021-02-11,2021-09-13,147.2722,191.8397,0.3026199253811126,147,True
Breakout_50_noSMA,AVB,2021-10-15,2021-12-02,200.1809,198.3245,-0.009273481487434565,33,False
Breakout_50_noSMA,AVB,2021-12-14,2022-01-21,212.089,210.8673,-0.005760417862915923,26,False
Breakout_50_noSMA,AVB,2022-03-30,2022-04-28,221.5028,206.9675,-0.06562124388998936,20,False
Breakout_50_noSMA,AVB,2022-07-29,2022-09-01,185.946,174.5847,-0.06109984765613308,24,False
Breakout_50_noSMA,AVB,2023-01-30,2023-03-02,156.706,148.5843,-0.05182799055491483,22,False
Breakout_50_noSMA,AVB,2023-06-08,2023-08-03,166.4229,168.2237,0.010820632512544393,38,True
Breakout_50_noSMA,AVB,2023-12-14,2024-01-25,171.3411,164.1835,-0.0417735752371432,27,False
Breakout_50_noSMA,AVB,2024-04-01,2024-04-17,172.7819,167.561,-0.030216300460569667,12,False
Breakout_50_noSMA,AVB,2024-04-25,2024-05-30,177.4061,176.9399,-0.0026274781078080567,24,False
Breakout_50_noSMA,AVB,2024-06-17,2024-10-08,186.412,207.8227,0.11485682347009929,78,True
Breakout_50_noSMA,AVB,2024-11-29,2024-12-06,225.6393,215.296,-0.04583998604093764,5,False
Breakout_50,AVGO,2020-05-27,2020-10-29,24.7105,30.911,0.25092288679745334,109,True
Breakout_50,AVGO,2020-12-01,2021-03-05,35.9136,40.7791,0.13547932496438175,64,True
Breakout_50,AVGO,2021-06-30,2021-08-19,43.597,42.5229,-0.02463750639815121,35,False
Breakout_50,AVGO,2021-08-30,2021-10-01,45.5912,44.8093,-0.01714907456507908,23,False
Breakout_50,AVGO,2021-10-20,2022-01-14,46.9357,55.0728,0.17336815276472994,60,True
Breakout_50,AVGO,2022-03-28,2022-04-11,58.2464,54.2168,-0.06918255603318513,10,False
Breakout_50,AVGO,2022-11-25,2023-02-23,50.2147,55.8871,0.11296127427787828,60,True
Breakout_50,AVGO,2023-03-06,2023-04-27,60.5861,59.2145,-0.02263769127746118,37,False
Breakout_50,AVGO,2023-05-18,2023-08-10,63.0402,82.4198,0.30741639534387155,57,True
Breakout_50,AVGO,2023-11-13,2024-03-20,92.284,121.4218,0.31573972464371747,87,True
Breakout_50,AVGO,2024-05-16,2024-06-03,139.7454,132.5622,-0.05140256266697485,11,False
Breakout_50,AVGO,2024-06-12,2024-07-25,146.9973,148.7028,0.011601886094054326,29,True
Breakout_50,AVGO,2024-09-25,2024-11-05,172.262,167.725,-0.0263383068518368,29,False
Breakout_50,AVGO,2024-12-16,2025-01-28,228.6208,205.7156,-0.10018845883501515,27,False
Breakout_50,AVGO,2025-05-13,2025-11-14,220.2157,330.1444,0.49918649432045603,129,True
Breakout_50,AVGO,2025-11-28,2025-12-15,397.753,360.4428,-0.09380235309835994,11,False
Breakout_100,AVGO,2020-08-05,2020-10-29,28.9549,30.911,0.06755801094684899,60,True
Breakout_100,AVGO,2020-12-01,2021-03-05,35.9136,40.7791,0.13547932496438175,64,True
Breakout_100,AVGO,2021-08-30,2021-10-01,45.5912,44.8093,-0.01714907456507908,23,False
Breakout_100,AVGO,2021-10-20,2022-01-14,46.9357,55.0728,0.17336815276472994,60,True
Breakout_100,AVGO,2022-12-13,2023-02-23,54.485,55.8871,0.02573259475713141,48,True
Breakout_100,AVGO,2023-03-06,2023-04-27,60.5861,59.2145,-0.02263769127746118,37,False
Breakout_100,AVGO,2023-05-18,2023-08-10,63.0402,82.4198,0.30741639534387155,57,True
Breakout_100,AVGO,2023-11-13,2024-03-20,92.284,121.4218,0.31573972464371747,87,True
Breakout_100,AVGO,2024-05-16,2024-06-03,139.7454,132.5622,-0.05140256266697485,11,False
Breakout_100,AVGO,2024-06-12,2024-07-25,146.9973,148.7028,0.011601886094054326,29,True
Breakout_100,AVGO,2024-10-10,2024-11-05,181.0502,167.725,-0.07359992239250268,18,False
Breakout_100,AVGO,2024-12-16,2025-01-28,228.6208,205.7156,-0.10018845883501515,27,False
Breakout_100,AVGO,2025-06-04,2025-11-14,255.9859,330.1444,0.289697744646918,114,True
Breakout_100,AVGO,2025-11-28,2025-12-15,397.753,360.4428,-0.09380235309835994,11,False
Breakout_50_noSMA,AVGO,2020-05-21,2020-10-29,24.3526,30.911,0.269310491530508,112,True
Breakout_50_noSMA,AVGO,2020-12-01,2021-03-05,35.9136,40.7791,0.13547932496438175,64,True
Breakout_50_noSMA,AVGO,2021-06-30,2021-08-19,43.597,42.5229,-0.02463750639815121,35,False
Breakout_50_noSMA,AVGO,2021-08-30,2021-10-01,45.5912,44.8093,-0.01714907456507908,23,False
Breakout_50_noSMA,AVGO,2021-10-20,2022-01-14,46.9357,55.0728,0.17336815276472994,60,True
Breakout_50_noSMA,AVGO,2022-03-28,2022-04-11,58.2464,54.2168,-0.06918255603318513,10,False
Breakout_50_noSMA,AVGO,2022-11-25,2023-02-23,50.2147,55.8871,0.11296127427787828,60,True
Breakout_50_noSMA,AVGO,2023-03-06,2023-04-27,60.5861,59.2145,-0.02263769127746118,37,False
Breakout_50_noSMA,AVGO,2023-05-18,2023-08-10,63.0402,82.4198,0.30741639534387155,57,True
Breakout_50_noSMA,AVGO,2023-11-13,2024-03-20,92.284,121.4218,0.31573972464371747,87,True
Breakout_50_noSMA,AVGO,2024-05-16,2024-06-03,139.7454,132.5622,-0.05140256266697485,11,False
Breakout_50_noSMA,AVGO,2024-06-12,2024-07-25,146.9973,148.7028,0.011601886094054326,29,True
Breakout_50_noSMA,AVGO,2024-09-25,2024-11-05,172.262,167.725,-0.0263383068518368,29,False
Breakout_50_noSMA,AVGO,2024-12-16,2025-01-28,228.6208,205.7156,-0.10018845883501515,27,False
Breakout_50_noSMA,AVGO,2025-05-13,2025-11-14,220.2157,330.1444,0.49918649432045603,129,True
Breakout_50_noSMA,AVGO,2025-11-28,2025-12-15,397.753,360.4428,-0.09380235309835994,11,False
Breakout_50,AXP,2020-11-10,2021-01-27,110.888,107.7769,-0.028056674007385207,52,False
Breakout_50,AXP,2021-02-16,2021-07-20,120.9604,153.7515,0.2710894416090486,107,True
Breakout_50,AXP,2021-10-21,2021-11-22,169.8744,165.5325,-0.025559493625245455,22,False
Breakout_50,AXP,2022-02-02,2022-03-07,173.0794,161.3391,-0.06783187359016607,22,False
Breakout_50,AXP,2023-01-30,2023-03-13,168.0683,155.2799,-0.07609096116768,29,False
Breakout_50,AXP,2023-06-05,2023-07-28,162.3696,160.0695,-0.01416560179878723,37,False
Breakout_50,AXP,2023-11-21,2024-04-18,159.1325,213.5803,0.34215416396333653,101,True
Breakout_50,AXP,2024-04-22,2024-06-12,227.0551,222.5537,-0.019825188203542954,36,False
Breakout_50,AXP,2024-07-16,2024-08-05,239.617,222.4412,-0.0716803056380988,14,False
Breakout_50,AXP,2024-08-29,2025-01-13,253.2203,288.5277,0.1394337327029953,92,True
Breakout_50,AXP,2025-01-16,2025-02-21,308.4324,300.7782,-0.024816162827317134,24,False
Breakout_50,AXP,2025-06-25,2025-07-31,305.6858,299.5226,-0.02016183976447039,25,False
Breakout_50,AXP,2025-09-02,2025-10-13,324.0876,317.459,-0.020453251864502864,29,False
Breakout_50,AXP,2025-10-21,2025-11-18,350.2024,335.0442,-0.0432842511721131,20,False
Breakout_50,AXP,2025-12-12,2026-01-13,384.418,358.4668,-0.06750791460469663,20,False
Breakout_100,AXP,2020-11-10,2021-01-27,110.888,107.7769,-0.028056674007385207,52,False
Breakout_100,AXP,2021-02-16,2021-07-20,120.9604,153.7515,0.2710894416090486,107,True
Breakout_100,AXP,2021-10-21,2021-11-22,169.8744,165.5325,-0.025559493625245455,22,False
Breakout_100,AXP,2022-02-09,2022-03-07,184.2602,161.3391,-0.12439527179529619,17,False
Breakout_100,AXP,2023-01-30,2023-03-13,168.0683,155.2799,-0.07609096116768,29,False
Breakout_100,AXP,2023-12-15,2024-04-18,172.6391,213.5803,0.2371493301940435,84,True
Breakout_100,AXP,2024-04-22,2024-06-12,227.0551,222.5537,-0.019825188203542954,36,False
Breakout_100,AXP,2024-07-16,2024-08-05,239.617,222.4412,-0.0716803056380988,14,False
Breakout_100,AXP,2024-08-29,2025-01-13,253.2203,288.5277,0.1394337327029953,92,True
Breakout_100,AXP,2025-01-16,2025-02-21,308.4324,300.7782,-0.024816162827317134,24,False
Breakout_100,AXP,2025-07-02,2025-07-31,319.6395,299.5226,-0.06293615267913788,20,False
Breakout_100,AXP,2025-09-02,2025-10-13,324.0876,317.459,-0.020453251864502864,29,False
Breakout_100,AXP,2025-10-21,2025-11-18,350.2024,335.0442,-0.0432842511721131,20,False
Breakout_100,AXP,2025-12-12,2026-01-13,384.418,358.4668,-0.06750791460469663,20,False
Breakout_50_noSMA,AXP,2020-05-28,2020-06-29,94.1234,87.5419,-0.06992332175486193,22,False
Breakout_50_noSMA,AXP,2020-11-10,2021-01-27,110.888,107.7769,-0.028056674007385207,52,False
Breakout_50_noSMA,AXP,2021-02-16,2021-07-20,120.9604,153.7515,0.2710894416090486,107,True
Breakout_50_noSMA,AXP,2021-10-21,2021-11-22,169.8744,165.5325,-0.025559493625245455,22,False
Breakout_50_noSMA,AXP,2022-02-02,2022-03-07,173.0794,161.3391,-0.06783187359016607,22,False
Breakout_50_noSMA,AXP,2023-01-30,2023-03-13,168.0683,155.2799,-0.07609096116768,29,False
Breakout_50_noSMA,AXP,2023-06-05,2023-07-28,162.3696,160.0695,-0.01416560179878723,37,False
Breakout_50_noSMA,AXP,2023-11-21,2024-04-18,159.1325,213.5803,0.34215416396333653,101,True
Breakout_50_noSMA,AXP,2024-04-22,2024-06-12,227.0551,222.5537,-0.019825188203542954,36,False
Breakout_50_noSMA,AXP,2024-07-16,2024-08-05,239.617,222.4412,-0.0716803056380988,14,False
Breakout_50_noSMA,AXP,2024-08-29,2025-01-13,253.2203,288.5277,0.1394337327029953,92,True
Breakout_50_noSMA,AXP,2025-01-16,2025-02-21,308.4324,300.7782,-0.024816162827317134,24,False
Breakout_50_noSMA,AXP,2025-06-25,2025-07-31,305.6858,299.5226,-0.02016183976447039,25,False
Breakout_50_noSMA,AXP,2025-09-02,2025-10-13,324.0876,317.459,-0.020453251864502864,29,False
Breakout_50_noSMA,AXP,2025-10-21,2025-11-18,350.2024,335.0442,-0.0432842511721131,20,False
Breakout_50_noSMA,AXP,2025-12-12,2026-01-13,384.418,358.4668,-0.06750791460469663,20,False
Breakout_50,BA,2020-11-11,2021-01-14,189.89,208.79,0.09953127577667842,43,True
Breakout_50,BA,2021-03-11,2021-04-21,248.77,232.22,-0.06652732551160678,28,False
Breakout_50,BA,2021-11-16,2021-11-22,232.94,215.0,-0.07701555015617756,4,False
Breakout_50,BA,2022-11-11,2023-02-27,176.4,199.87,0.13304989814498436,71,True
Breakout_50,BA,2023-06-13,2023-06-23,222.35,204.02,-0.08243760435302672,7,False
Breakout_50,BA,2023-07-27,2023-08-25,235.25,218.41,-0.07158340632472104,21,False
Breakout_50,BA,2023-11-21,2024-01-10,216.5,226.9,0.048036923309396684,33,True
Breakout_50,BA,2024-12-17,2025-02-27,173.04,174.52,0.008552999559360952,47,True
Breakout_50,BA,2025-05-09,2025-09-11,193.55,228.0,0.17799016484143282,85,True
Breakout_50,BA,2026-01-05,2026-02-24,228.79,229.27,0.0020980418742693185,34,True
Breakout_100,BA,2020-11-17,2021-01-14,200.25,208.79,0.04264665810802892,39,True
Breakout_100,BA,2021-03-11,2021-04-21,248.77,232.22,-0.06652732551160678,28,False
Breakout_100,BA,2022-11-11,2023-02-27,176.4,199.87,0.13304989814498436,71,True
Breakout_100,BA,2023-06-13,2023-06-23,222.35,204.02,-0.08243760435302672,7,False
Breakout_100,BA,2023-07-27,2023-08-25,235.25,218.41,-0.07158340632472104,21,False
Breakout_100,BA,2023-12-11,2024-01-10,243.5,226.9,-0.06817250966536192,20,False
Breakout_100,BA,2025-05-09,2025-09-11,193.55,228.0,0.17799016484143282,85,True
Breakout_100,BA,2026-01-13,2026-02-24,241.12,229.27,-0.04914561664190198,28,False
Breakout_50_noSMA,BA,2020-06-08,2020-07-28,222.94,168.5,-0.24419127049984823,35,False
Breakout_50_noSMA,BA,2020-11-11,2021-01-14,189.89,208.79,0.09953127577667842,43,True
Breakout_50_noSMA,BA,2021-03-11,2021-04-21,248.77,232.22,-0.06652732551160678,28,False
Breakout_50_noSMA,BA,2021-11-16,2021-11-22,232.94,215.0,-0.07701555015617756,4,False
Breakout_50_noSMA,BA,2022-07-21,2022-09-02,158.89,155.19,-0.023286531326421778,31,False
Breakout_50_noSMA,BA,2022-11-11,2023-02-27,176.4,199.87,0.13304989814498436,71,True
Breakout_50_noSMA,BA,2023-06-13,2023-06-23,222.35,204.02,-0.08243760435302672,7,False
Breakout_50_noSMA,BA,2023-07-27,2023-08-25,235.25,218.41,-0.07158340632472104,21,False
Breakout_50_noSMA,BA,2023-11-21,2024-01-10,216.5,226.9,0.048036923309396684,33,True
Breakout_50_noSMA,BA,2024-12-11,2025-02-27,165.52,174.52,0.05437409236158053,51,True
Breakout_50_noSMA,BA,2025-05-09,2025-09-11,193.55,228.0,0.17799016484143282,85,True
Breakout_50_noSMA,BA,2026-01-05,2026-02-24,228.79,229.27,0.0020980418742693185,34,True
Breakout_50,BAC,2020-11-10,2021-01-28,24.0756,26.8077,0.11348101862919924,53,True
Breakout_50,BAC,2021-02-23,2021-06-18,31.214,34.6939,0.11148444722152573,81,True
Breakout_50,BAC,2021-09-28,2021-12-01,38.8228,40.4229,0.04121559266963848,45,True
Breakout_50,BAC,2022-01-10,2022-01-21,44.8301,40.9318,-0.08695678287965614,8,False
Breakout_50,BAC,2022-11-11,2022-12-06,34.8977,31.7744,-0.0894970124345138,16,False
Breakout_50,BAC,2023-07-20,2023-08-16,29.2145,27.7412,-0.05043084829722444,19,False
Breakout_50,BAC,2023-11-16,2024-02-14,27.6715,31.2568,0.12956943709999647,60,True
Breakout_50,BAC,2024-03-05,2024-04-17,33.3382,33.3,-0.0011453362907760667,30,False
Breakout_50,BAC,2024-04-24,2024-08-01,36.2873,38.8318,0.07011974223959783,68,True
Breakout_50,BAC,2024-10-14,2024-12-19,40.554,42.7331,0.05373194895474964,47,True
Breakout_50,BAC,2025-05-15,2025-08-04,43.6189,45.2139,0.036565990168618834,54,True
Breakout_50,BAC,2025-08-25,2025-10-13,48.5882,48.6705,0.0016939301670677587,34,True
Breakout_50,BAC,2025-10-28,2025-11-18,52.4296,50.7281,-0.03245286224767685,15,False
Breakout_50,BAC,2025-12-15,2026-01-15,55.0985,52.4236,-0.048547148286257835,21,False
Breakout_100,BAC,2020-11-10,2021-01-28,24.0756,26.8077,0.11348101862919924,53,True
Breakout_100,BAC,2021-02-23,2021-06-18,31.214,34.6939,0.11148444722152573,81,True
Breakout_100,BAC,2021-10-06,2021-12-01,39.1982,40.4229,0.031242964159746034,39,True
Breakout_100,BAC,2022-01-10,2022-01-21,44.8301,40.9318,-0.08695678287965614,8,False
Breakout_100,BAC,2022-11-11,2022-12-06,34.8977,31.7744,-0.0894970124345138,16,False
Breakout_100,BAC,2023-12-15,2024-02-14,32.053,31.2568,-0.024837481328201405,40,False
Breakout_100,BAC,2024-03-05,2024-04-17,33.3382,33.3,-0.0011453362907760667,30,False
Breakout_100,BAC,2024-04-24,2024-08-01,36.2873,38.8318,0.07011974223959783,68,True
Breakout_100,BAC,2024-11-07,2024-12-19,43.5309,42.7331,-0.018326247712343813,29,False
Breakout_100,BAC,2025-06-27,2025-08-04,46.6797,45.2139,-0.031401565106562446,25,False
Breakout_100,BAC,2025-08-25,2025-10-13,48.5882,48.6705,0.0016939301670677587,34,True
Breakout_100,BAC,2025-10-28,2025-11-18,52.4296,50.7281,-0.03245286224767685,15,False
Breakout_100,BAC,2025-12-15,2026-01-15,55.0985,52.4236,-0.048547148286257835,21,False
Breakout_50_noSMA,BAC,2020-05-28,2020-06-29,22.5256,20.3605,-0.09611713029190139,22,False
Breakout_50_noSMA,BAC,2020-11-10,2021-01-28,24.0756,26.8077,0.11348101862919924,53,True
Breakout_50_noSMA,BAC,2021-02-23,2021-06-18,31.214,34.6939,0.11148444722152573,81,True
Breakout_50_noSMA,BAC,2021-09-28,2021-12-01,38.8228,40.4229,0.04121559266963848,45,True
Breakout_50_noSMA,BAC,2022-01-10,2022-01-21,44.8301,40.9318,-0.08695678287965614,8,False
Breakout_50_noSMA,BAC,2022-11-11,2022-12-06,34.8977,31.7744,-0.0894970124345138,16,False
Breakout_50_noSMA,BAC,2023-07-19,2023-08-16,28.8042,27.7412,-0.03690512615553265,20,False
Breakout_50_noSMA,BAC,2023-11-16,2024-02-14,27.6715,31.2568,0.12956943709999647,60,True
Breakout_50_noSMA,BAC,2024-03-05,2024-04-17,33.3382,33.3,-0.0011453362907760667,30,False
Breakout_50_noSMA,BAC,2024-04-24,2024-08-01,36.2873,38.8318,0.07011974223959783,68,True
Breakout_50_noSMA,BAC,2024-10-14,2024-12-19,40.554,42.7331,0.05373194895474964,47,True
Breakout_50_noSMA,BAC,2025-05-15,2025-08-04,43.6189,45.2139,0.036565990168618834,54,True
Breakout_50_noSMA,BAC,2025-08-25,2025-10-13,48.5882,48.6705,0.0016939301670677587,34,True
Breakout_50_noSMA,BAC,2025-10-28,2025-11-18,52.4296,50.7281,-0.03245286224767685,15,False
Breakout_50_noSMA,BAC,2025-12-15,2026-01-15,55.0985,52.4236,-0.048547148286257835,21,False
Breakout_50,BAX,2021-03-26,2021-05-13,75.1546,74.8303,-0.004315850546028344,33,False
Breakout_50,BAX,2021-12-23,2022-02-17,77.9189,73.5926,-0.05552308538808748,38,False
Breakout_50,BAX,2023-07-20,2023-08-03,46.3919,41.0806,-0.1144881082977437,10,False
Breakout_50,BAX,2024-01-09,2024-04-15,38.5975,39.1185,0.013499742916805335,66,True
Breakout_50,BAX,2024-08-27,2024-10-02,36.7758,35.9928,-0.02129198944228583,25,False
Breakout_50,BAX,2025-02-25,2025-04-04,34.3514,30.316,-0.1174746850018582,28,False
Breakout_100,BAX,2021-03-26,2021-05-13,75.1546,74.8303,-0.004315850546028344,33,False
Breakout_100,BAX,2021-12-23,2022-02-17,77.9189,73.5926,-0.05552308538808748,38,False
Breakout_100,BAX,2023-07-21,2023-08-03,46.3825,41.0806,-0.11430876921155231,9,False
Breakout_100,BAX,2024-02-26,2024-04-15,40.4963,39.1185,-0.0340230850388753,34,False
Breakout_50_noSMA,BAX,2021-03-26,2021-05-13,75.1546,74.8303,-0.004315850546028344,33,False
Breakout_50_noSMA,BAX,2021-12-23,2022-02-17,77.9189,73.5926,-0.05552308538808748,38,False
Breakout_50_noSMA,BAX,2023-04-27,2023-05-24,43.8681,39.4906,-0.09978721414072111,19,False
Breakout_50_noSMA,BAX,2023-07-20,2023-08-03,46.3919,41.0806,-0.1144881082977437,10,False
Breakout_50_noSMA,BAX,2023-12-14,2024-04-15,36.5173,39.1185,0.07123239653701918,82,True
Breakout_50_noSMA,BAX,2024-08-07,2024-08-14,36.3687,33.7516,-0.07196147159820454,5,False
Breakout_50_noSMA,BAX,2024-08-27,2024-10-02,36.7758,35.9928,-0.02129198944228583,25,False
Breakout_50_noSMA,BAX,2025-02-24,2025-04-04,33.3991,30.316,-0.09231156916091898,29,False
Breakout_50_noSMA,BAX,2026-02-06,2026-02-13,21.7293,18.6608,-0.1412143808804872,5,False
Breakout_50,BBY,2020-05-19,2020-10-29,67.4653,88.8475,0.3169360130606813,114,True
Breakout_50,BBY,2021-02-10,2021-02-26,94.5156,80.4405,-0.14891829972531623,11,False
Breakout_50,BBY,2021-05-11,2021-05-19,99.2335,92.3164,-0.06970557568816504,6,False
Breakout_50,BBY,2021-08-25,2021-09-08,98.6342,89.6762,-0.09081992287314733,9,False
Breakout_50,BBY,2021-11-04,2021-11-26,102.1442,92.9025,-0.09047616527072577,15,False
Breakout_50,BBY,2022-03-04,2022-03-11,88.0812,80.8009,-0.08265404825476241,5,False
Breakout_50,BBY,2022-11-23,2023-02-22,67.4952,70.9672,0.0514399979270741,60,True
Breakout_50,BBY,2023-06-16,2023-08-09,69.2043,69.0733,-0.0018933400152413293,36,False
Breakout_50,BBY,2023-12-05,2024-01-18,65.1225,63.9982,-0.01726397331990892,29,False
Breakout_50,BBY,2024-02-29,2024-04-16,74.3734,68.9118,-0.07343460783340416,32,False
Breakout_50,BBY,2024-06-03,2024-08-05,77.7264,72.826,-0.06304700393031226,43,False
Breakout_50,BBY,2024-08-30,2024-10-22,92.3104,85.8238,-0.07026950478747229,36,False
Breakout_50,BBY,2025-02-18,2025-03-05,85.1554,70.536,-0.17167937720978854,11,False
Breakout_50,BBY,2025-10-20,2025-11-14,77.7732,75.0122,-0.03549998497328921,19,False
Breakout_100,BBY,2020-07-22,2020-10-29,75.1578,88.8475,0.18214654895960614,70,True
Breakout_100,BBY,2021-05-11,2021-05-19,99.2335,92.3164,-0.06970557568816504,6,False
Breakout_100,BBY,2021-11-04,2021-11-26,102.1442,92.9025,-0.09047616527072577,15,False
Breakout_100,BBY,2022-12-02,2023-02-22,72.0771,70.9672,-0.015398252837094284,54,False
Breakout_100,BBY,2023-07-19,2023-08-09,72.9432,69.0733,-0.05305394542260555,15,False
Breakout_100,BBY,2024-02-29,2024-04-16,74.3734,68.9118,-0.07343460783340416,32,False
Breakout_100,BBY,2024-06-04,2024-08-05,78.8418,72.826,-0.07630276403949587,42,False
Breakout_100,BBY,2024-08-30,2024-10-22,92.3104,85.8238,-0.07026950478747229,36,False
Breakout_100,BBY,2025-10-20,2025-11-14,77.7732,75.0122,-0.03549998497328921,19,False
Breakout_50_noSMA,BBY,2020-05-19,2020-10-29,67.4653,88.8475,0.3169360130606813,114,True
Breakout_50_noSMA,BBY,2021-02-10,2021-02-26,94.5156,80.4405,-0.14891829972531623,11,False
Breakout_50_noSMA,BBY,2021-05-11,2021-05-19,99.2335,92.3164,-0.06970557568816504,6,False
Breakout_50_noSMA,BBY,2021-08-25,2021-09-08,98.6342,89.6762,-0.09081992287314733,9,False
Breakout_50_noSMA,BBY,2021-11-04,2021-11-26,102.1442,92.9025,-0.09047616527072577,15,False
Breakout_50_noSMA,BBY,2022-03-04,2022-03-11,88.0812,80.8009,-0.08265404825476241,5,False
Breakout_50_noSMA,BBY,2022-08-17,2022-08-29,69.4116,61.4343,-0.11492724571016955,8,False
Breakout_50_noSMA,BBY,2022-11-23,2023-02-22,67.4952,70.9672,0.0514399979270741,60,True
Breakout_50_noSMA,BBY,2023-06-16,2023-08-09,69.2043,69.0733,-0.0018933400152413293,36,False
Breakout_50_noSMA,BBY,2023-12-04,2024-01-18,64.8305,63.9982,-0.012837953806554503,30,False
Breakout_50_noSMA,BBY,2024-02-29,2024-04-16,74.3734,68.9118,-0.07343460783340416,32,False
Breakout_50_noSMA,BBY,2024-06-03,2024-08-05,77.7264,72.826,-0.06304700393031226,43,False
Breakout_50_noSMA,BBY,2024-08-30,2024-10-22,92.3104,85.8238,-0.07026950478747229,36,False
Breakout_50_noSMA,BBY,2025-02-18,2025-03-05,85.1554,70.536,-0.17167937720978854,11,False
Breakout_50_noSMA,BBY,2025-10-20,2025-11-14,77.7732,75.0122,-0.03549998497328921,19,False
Breakout_50,BDX,2020-07-22,2020-08-25,189.7466,178.8524,-0.0574142653656996,24,False
Breakout_50,BDX,2020-12-18,2021-02-22,174.6942,174.4692,-0.0012877963292342587,42,False
Breakout_50,BDX,2021-07-28,2021-08-06,179.7108,171.5408,-0.045461853479445535,7,False
Breakout_50,BDX,2021-09-09,2021-09-28,185.7175,178.0538,-0.0412651262914685,13,False
Breakout_50,BDX,2021-12-14,2022-01-28,179.6611,179.9961,0.0018645274998490002,31,True
Breakout_50,BDX,2022-02-04,2022-03-11,190.3099,184.4646,-0.03071454601315804,24,False
Breakout_50,BDX,2022-04-08,2022-04-19,200.8921,190.1537,-0.05345353657849816,6,False
Breakout_50,BDX,2022-08-15,2022-09-21,193.4892,180.2162,-0.06859822910907554,26,False
Breakout_50,BDX,2022-12-02,2023-01-25,183.1901,181.0692,-0.011577967926595822,35,False
Breakout_50,BDX,2023-04-20,2023-05-24,192.1823,183.1405,-0.047047792043450665,24,False
Breakout_50,BDX,2023-07-25,2023-09-07,207.0198,199.9186,-0.03430191999379628,31,False
Breakout_50,BDX,2025-01-27,2025-02-07,187.3349,175.2155,-0.06469385849360965,9,False
Breakout_50,BDX,2025-12-11,2026-03-10,155.2506,164.47,0.05938376469930451,59,True
Breakout_100,BDX,2020-07-22,2020-08-25,189.7466,178.8524,-0.0574142653656996,24,False
Breakout_100,BDX,2021-09-09,2021-09-28,185.7175,178.0538,-0.0412651262914685,13,False
Breakout_100,BDX,2022-02-04,2022-03-11,190.3099,184.4646,-0.03071454601315804,24,False
Breakout_100,BDX,2022-04-08,2022-04-19,200.8921,190.1537,-0.05345353657849816,6,False
Breakout_100,BDX,2023-04-21,2023-05-24,195.7812,183.1405,-0.06456520087181539,23,False
Breakout_100,BDX,2023-07-25,2023-09-07,207.0198,199.9186,-0.03430191999379628,31,False
Breakout_100,BDX,2025-01-27,2025-02-07,187.3349,175.2155,-0.06469385849360965,9,False
Breakout_100,BDX,2025-12-11,2026-03-10,155.2506,164.47,0.05938376469930451,59,True
Breakout_50_noSMA,BDX,2020-07-22,2020-08-25,189.7466,178.8524,-0.0574142653656996,24,False
Breakout_50_noSMA,BDX,2020-12-18,2021-02-22,174.6942,174.4692,-0.0012877963292342587,42,False
Breakout_50_noSMA,BDX,2021-07-28,2021-08-06,179.7108,171.5408,-0.045461853479445535,7,False
Breakout_50_noSMA,BDX,2021-09-09,2021-09-28,185.7175,178.0538,-0.0412651262914685,13,False
Breakout_50_noSMA,BDX,2021-12-14,2022-01-28,179.6611,179.9961,0.0018645274998490002,31,True
Breakout_50_noSMA,BDX,2022-02-04,2022-03-11,190.3099,184.4646,-0.03071454601315804,24,False
Breakout_50_noSMA,BDX,2022-04-08,2022-04-19,200.8921,190.1537,-0.05345353657849816,6,False
Breakout_50_noSMA,BDX,2022-08-15,2022-09-21,193.4892,180.2162,-0.06859822910907554,26,False
Breakout_50_noSMA,BDX,2022-12-02,2023-01-25,183.1901,181.0692,-0.011577967926595822,35,False
Breakout_50_noSMA,BDX,2023-04-20,2023-05-24,192.1823,183.1405,-0.047047792043450665,24,False
Breakout_50_noSMA,BDX,2023-07-25,2023-09-07,207.0198,199.9186,-0.03430191999379628,31,False
Breakout_50_noSMA,BDX,2024-03-25,2024-04-15,185.2193,178.9987,-0.03358466686596995,14,False
Breakout_50_noSMA,BDX,2025-01-27,2025-02-07,187.3349,175.2155,-0.06469385849360965,9,False
Breakout_50_noSMA,BDX,2025-07-18,2025-08-07,140.2534,144.7739,0.03223149717847851,14,True
Breakout_50_noSMA,BDX,2025-08-08,2025-09-23,144.403,144.745,0.002368217817005469,31,True
Breakout_50_noSMA,BDX,2025-12-11,2026-03-10,155.2506,164.47,0.05938376469930451,59,True
Breakout_50,BF-B,2020-06-10,2020-06-25,61.6565,57.1073,-0.07378342709600283,11,False
Breakout_50,BF-B,2020-08-13,2020-10-20,63.7968,67.2208,0.05367091167806204,47,True
Breakout_50,BF-B,2020-11-25,2020-12-10,73.3506,69.1807,-0.05684939706984271,10,False
Breakout_50,BF-B,2021-05-17,2021-06-10,70.6619,67.6472,-0.042663657110906805,17,False
Breakout_50,BF-B,2021-11-22,2022-01-07,68.2593,63.7591,-0.06592756173695791,32,False
Breakout_50,BF-B,2022-06-27,2022-09-01,66.0871,67.7914,0.025788275251025228,47,True
Breakout_50,BF-B,2022-12-01,2022-12-12,68.2726,63.2716,-0.07325058385870786,7,False
Breakout_50,BF-B,2023-06-22,2023-08-23,62.3637,64.435,0.033213084421205075,43,True
Breakout_50,BF-B,2024-10-01,2024-10-30,47.0966,44.6858,-0.051188144891773146,21,False
Breakout_100,BF-B,2020-08-13,2020-10-20,63.7968,67.2208,0.05367091167806204,47,True
Breakout_100,BF-B,2022-06-27,2022-09-01,66.0871,67.7914,0.025788275251025228,47,True
Breakout_100,BF-B,2023-07-17,2023-08-23,63.0478,64.435,0.02200107261616213,27,True
Breakout_100,BF-B,2024-10-01,2024-10-30,47.0966,44.6858,-0.051188144891773146,21,False
Breakout_50_noSMA,BF-B,2020-06-10,2020-06-25,61.6565,57.1073,-0.07378342709600283,11,False
Breakout_50_noSMA,BF-B,2020-08-13,2020-10-20,63.7968,67.2208,0.05367091167806204,47,True
Breakout_50_noSMA,BF-B,2020-11-25,2020-12-10,73.3506,69.1807,-0.05684939706984271,10,False
Breakout_50_noSMA,BF-B,2021-05-17,2021-06-10,70.6619,67.6472,-0.042663657110906805,17,False
Breakout_50_noSMA,BF-B,2021-11-22,2022-01-07,68.2593,63.7591,-0.06592756173695791,32,False
Breakout_50_noSMA,BF-B,2022-06-27,2022-09-01,66.0871,67.7914,0.025788275251025228,47,True
Breakout_50_noSMA,BF-B,2022-12-01,2022-12-12,68.2726,63.2716,-0.07325058385870786,7,False
Breakout_50_noSMA,BF-B,2023-06-09,2023-08-23,61.3514,64.435,0.05025983662715183,51,True
Breakout_50_noSMA,BF-B,2024-03-01,2024-03-07,56.5652,53.2987,-0.05774819858902758,4,False
Breakout_50_noSMA,BF-B,2024-09-10,2024-10-30,44.3892,44.6858,0.00668102812974003,36,True
Breakout_50_noSMA,BF-B,2025-12-02,2025-12-23,29.1504,27.8034,-0.0462072495087924,15,False
Breakout_50,BIIB,2020-11-05,2020-11-10,348.0,241.24,-0.3067815934104481,3,False
Breakout_50,BIIB,2021-02-01,2021-03-05,283.2,265.83,-0.061334833637180064,23,False
Breakout_50,BIIB,2021-05-21,2021-05-27,288.24,269.1,-0.06640294469652241,4,False
Breakout_50,BIIB,2021-06-08,2021-07-16,389.1,323.97,-0.16738628594491822,27,False
Breakout_50,BIIB,2022-09-29,2022-12-16,269.29,280.56,0.04185075070021349,55,True
Breakout_50,BIIB,2023-05-01,2023-06-15,305.75,299.77,-0.019558498728791895,32,False
Breakout_50,BIIB,2025-09-12,2026-01-15,148.08,169.03,0.14147755732839706,86,True
Breakout_50,BIIB,2026-02-09,2026-03-16,199.83,182.75,-0.08547266013386168,24,False
Breakout_100,BIIB,2020-11-05,2020-11-10,348.0,241.24,-0.3067815934104481,3,False
Breakout_100,BIIB,2021-06-08,2021-07-16,389.1,323.97,-0.16738628594491822,27,False
Breakout_100,BIIB,2022-09-29,2022-12-16,269.29,280.56,0.04185075070021349,55,True
Breakout_100,BIIB,2023-05-02,2023-06-15,309.2,299.77,-0.03049813331522544,31,False
Breakout_100,BIIB,2025-09-12,2026-01-15,148.08,169.03,0.14147755732839706,86,True
Breakout_100,BIIB,2026-02-09,2026-03-16,199.83,182.75,-0.08547266013386168,24,False
Breakout_50_noSMA,BIIB,2020-11-05,2020-11-10,348.0,241.24,-0.3067815934104481,3,False
Breakout_50_noSMA,BIIB,2021-02-01,2021-03-05,283.2,265.83,-0.061334833637180064,23,False
Breakout_50_noSMA,BIIB,2021-05-21,2021-05-27,288.24,269.1,-0.06640294469652241,4,False
Breakout_50_noSMA,BIIB,2021-06-08,2021-07-16,389.1,323.97,-0.16738628594491822,27,False
Breakout_50_noSMA,BIIB,2022-07-08,2022-08-23,216.38,207.47,-0.04117757399504118,32,False
Breakout_50_noSMA,BIIB,2022-09-29,2022-12-16,269.29,280.56,0.04185075070021349,55,True
Breakout_50_noSMA,BIIB,2023-05-01,2023-06-15,305.75,299.77,-0.019558498728791895,32,False
Breakout_50_noSMA,BIIB,2024-01-03,2024-01-29,268.27,243.41,-0.0926677838358414,17,False
Breakout_50_noSMA,BIIB,2024-05-16,2024-07-16,231.6,221.79,-0.04235756717984773,40,False
Breakout_50_noSMA,BIIB,2025-08-18,2026-01-15,140.0,169.03,0.20735713413783485,104,True
Breakout_50_noSMA,BIIB,2026-02-09,2026-03-16,199.83,182.75,-0.08547266013386168,24,False
Breakout_50,BKNG,2020-06-08,2020-06-29,72.5094,61.5608,-0.1509963826194124,15,False
Breakout_50,BKNG,2020-08-26,2020-09-21,72.2032,65.8184,-0.08842713541530134,17,False
Breakout_50,BKNG,2020-11-10,2021-01-22,81.6581,82.5314,0.010694402022801919,49,True
Breakout_50,BKNG,2021-02-22,2021-03-25,88.9648,85.864,-0.034854973895484975,23,False
Breakout_50,BKNG,2021-04-29,2021-05-06,98.4595,90.2229,-0.08365395132618769,5,False
Breakout_50,BKNG,2021-09-08,2021-11-16,91.8835,94.7158,0.03082461824978866,49,True
Breakout_50,BKNG,2022-02-09,2022-02-25,101.9389,91.0691,-0.10662982578506974,11,False
Breakout_50,BKNG,2022-12-01,2023-05-08,81.8195,101.0373,0.2348801866468131,107,True
Breakout_50,BKNG,2023-05-19,2023-05-26,109.1988,102.681,-0.05968804031433428,5,False
Breakout_50,BKNG,2023-07-14,2023-09-22,111.7048,119.5664,0.07037794078278181,49,True
Breakout_50,BKNG,2023-12-08,2024-02-26,126.4757,139.7634,0.10506187727829142,52,True
Breakout_50,BKNG,2024-05-10,2024-07-25,148.9428,149.3863,0.0029774567504823324,51,True
Breakout_50,BKNG,2024-09-25,2025-01-03,165.2186,195.6082,0.18393622259187192,69,True
Breakout_50,BKNG,2025-05-14,2025-08-01,208.7413,217.8872,0.04381443403884244,54,True
Breakout_100,BKNG,2020-08-28,2020-09-21,74.4551,65.8184,-0.11599813295296513,15,False
Breakout_100,BKNG,2020-11-10,2021-01-22,81.6581,82.5314,0.010694402022801919,49,True
Breakout_100,BKNG,2021-02-22,2021-03-25,88.9648,85.864,-0.034854973895484975,23,False
Breakout_100,BKNG,2021-04-29,2021-05-06,98.4595,90.2229,-0.08365395132618769,5,False
Breakout_100,BKNG,2021-09-27,2021-11-16,97.9368,94.7158,-0.03288897771686983,36,False
Breakout_100,BKNG,2022-02-17,2022-02-25,104.6376,91.0691,-0.12967140229979168,5,False
Breakout_100,BKNG,2023-01-09,2023-05-08,86.1899,101.0373,0.17226418894682038,82,True
Breakout_100,BKNG,2023-05-19,2023-05-26,109.1988,102.681,-0.05968804031433428,5,False
Breakout_100,BKNG,2023-07-14,2023-09-22,111.7048,119.5664,0.07037794078278181,49,True
Breakout_100,BKNG,2023-12-11,2024-02-26,129.0944,139.7634,0.08264549904263041,51,True
Breakout_100,BKNG,2024-06-18,2024-07-25,156.1615,149.3863,-0.043386032936733154,25,False
Breakout_100,BKNG,2024-09-25,2025-01-03,165.2186,195.6082,0.18393622259187192,69,True
Breakout_100,BKNG,2025-05-19,2025-08-01,210.9838,217.8872,0.03272024200263002,51,True
Breakout_50_noSMA,BKNG,2020-05-26,2020-06-29,66.9226,61.5608,-0.0801199954681252,24,False
Breakout_50_noSMA,BKNG,2020-08-26,2020-09-21,72.2032,65.8184,-0.08842713541530134,17,False
Breakout_50_noSMA,BKNG,2020-11-10,2021-01-22,81.6581,82.5314,0.010694402022801919,49,True
Breakout_50_noSMA,BKNG,2021-02-22,2021-03-25,88.9648,85.864,-0.034854973895484975,23,False
Breakout_50_noSMA,BKNG,2021-04-29,2021-05-06,98.4595,90.2229,-0.08365395132618769,5,False
Breakout_50_noSMA,BKNG,2021-09-08,2021-11-16,91.8835,94.7158,0.03082461824978866,49,True
Breakout_50_noSMA,BKNG,2022-02-09,2022-02-25,101.9389,91.0691,-0.10662982578506974,11,False
Breakout_50_noSMA,BKNG,2022-12-01,2023-05-08,81.8195,101.0373,0.2348801866468131,107,True
Breakout_50_noSMA,BKNG,2023-05-19,2023-05-26,109.1988,102.681,-0.05968804031433428,5,False
Breakout_50_noSMA,BKNG,2023-07-14,2023-09-22,111.7048,119.5664,0.07037794078278181,49,True
Breakout_50_noSMA,BKNG,2023-12-08,2024-02-26,126.4757,139.7634,0.10506187727829142,52,True
Breakout_50_noSMA,BKNG,2024-05-10,2024-07-25,148.9428,149.3863,0.0029774567504823324,51,True
Breakout_50_noSMA,BKNG,2024-09-25,2025-01-03,165.2186,195.6082,0.18393622259187192,69,True
Breakout_50_noSMA,BKNG,2025-05-14,2025-08-01,208.7413,217.8872,0.04381443403884244,54,True
Breakout_50,BKR,2020-11-10,2021-01-27,15.518,17.85,0.15028227200901112,52,True
Breakout_50,BKR,2021-02-23,2021-03-22,21.3999,19.8353,-0.07311043336275025,19,False
Breakout_50,BKR,2021-05-18,2021-06-21,23.3357,20.4301,-0.12451183553957013,23,False
Breakout_50,BKR,2021-09-13,2021-11-11,21.7992,21.8302,0.0014210821522178119,43,True
Breakout_50,BKR,2022-01-12,2022-04-22,24.5703,29.6834,0.20810236613677957,69,True
Breakout_50,BKR,2022-11-07,2023-01-05,27.212,25.8477,-0.05013647073375138,40,False
Breakout_50,BKR,2023-02-08,2023-02-22,30.5432,28.1247,-0.07918064673827807,9,False
Breakout_50,BKR,2023-07-03,2023-09-22,29.7365,33.2424,0.11789734940226393,57,True
Breakout_50,BKR,2024-03-21,2024-05-02,32.0363,30.7721,-0.039461717299207,29,False
Breakout_50,BKR,2024-06-25,2024-08-21,33.1642,33.5419,0.011387100831250052,40,True
Breakout_50,BKR,2024-11-05,2024-12-19,37.377,39.9618,0.06915447311702705,31,True
Breakout_50,BKR,2025-01-16,2025-02-26,44.4973,42.8716,-0.03653573887490269,27,False
Breakout_50,BKR,2025-07-14,2025-10-13,39.9853,45.5509,0.13919074584443014,64,True
Breakout_50,BKR,2026-01-16,2026-03-13,51.8245,55.88,0.0782544924509152,38,True
Breakout_100,BKR,2020-11-10,2021-01-27,15.518,17.85,0.15028227200901112,52,True
Breakout_100,BKR,2021-02-23,2021-03-22,21.3999,19.8353,-0.07311043336275025,19,False
Breakout_100,BKR,2021-05-18,2021-06-21,23.3357,20.4301,-0.12451183553957013,23,False
Breakout_100,BKR,2021-10-14,2021-11-11,23.8194,21.8302,-0.08350907205538127,20,False
Breakout_100,BKR,2022-01-26,2022-04-22,25.4204,29.6834,0.16770328729004746,60,True
Breakout_100,BKR,2022-11-09,2023-01-05,28.3814,25.8477,-0.08927406804392013,38,False
Breakout_100,BKR,2023-02-08,2023-02-22,30.5432,28.1247,-0.07918064673827807,9,False
Breakout_100,BKR,2023-07-10,2023-09-22,31.0433,33.2424,0.07083836229994311,53,True
Breakout_100,BKR,2024-06-25,2024-08-21,33.1642,33.5419,0.011387100831250052,40,True
Breakout_100,BKR,2024-11-07,2024-12-19,41.7077,39.9618,-0.041861491764127234,29,False
Breakout_100,BKR,2025-01-16,2025-02-26,44.4973,42.8716,-0.03653573887490269,27,False
Breakout_100,BKR,2025-07-25,2025-10-13,45.1734,45.5509,0.008357870750981489,55,True
Breakout_100,BKR,2026-01-16,2026-03-13,51.8245,55.88,0.0782544924509152,38,True
Breakout_50_noSMA,BKR,2020-05-21,2020-06-25,13.3292,12.192,-0.08531756655950451,24,False
Breakout_50_noSMA,BKR,2020-11-10,2021-01-27,15.518,17.85,0.15028227200901112,52,True
Breakout_50_noSMA,BKR,2021-02-23,2021-03-22,21.3999,19.8353,-0.07311043336275025,19,False
Breakout_50_noSMA,BKR,2021-05-18,2021-06-21,23.3357,20.4301,-0.12451183553957013,23,False
Breakout_50_noSMA,BKR,2021-09-13,2021-11-11,21.7992,21.8302,0.0014210821522178119,43,True
Breakout_50_noSMA,BKR,2022-01-12,2022-04-22,24.5703,29.6834,0.20810236613677957,69,True
Breakout_50_noSMA,BKR,2022-10-28,2023-01-05,25.2132,25.8477,0.025166489719775198,46,True
Breakout_50_noSMA,BKR,2023-02-08,2023-02-22,30.5432,28.1247,-0.07918064673827807,9,False
Breakout_50_noSMA,BKR,2023-07-03,2023-09-22,29.7365,33.2424,0.11789734940226393,57,True
Breakout_50_noSMA,BKR,2024-03-21,2024-05-02,32.0363,30.7721,-0.039461717299207,29,False
Breakout_50_noSMA,BKR,2024-06-25,2024-08-21,33.1642,33.5419,0.011387100831250052,40,True
Breakout_50_noSMA,BKR,2024-11-05,2024-12-19,37.377,39.9618,0.06915447311702705,31,True
Breakout_50_noSMA,BKR,2025-01-16,2025-02-26,44.4973,42.8716,-0.03653573887490269,27,False
Breakout_50_noSMA,BKR,2025-07-09,2025-10-13,39.5514,45.5509,0.15169063522225112,67,True
Breakout_50_noSMA,BKR,2026-01-16,2026-03-13,51.8245,55.88,0.0782544924509152,38,True
Breakout_50,BLK,2020-05-19,2020-09-08,444.0969,491.4583,0.10664653617724862,77,True
Breakout_50,BLK,2020-10-12,2021-01-28,540.0609,618.777,0.14575408186167937,74,True
Breakout_50,BLK,2021-04-05,2021-06-21,685.3957,756.8409,0.10423930328949993,54,True
Breakout_50,BLK,2021-07-06,2021-07-20,797.8475,755.4769,-0.05310619295897101,10,False
Breakout_50,BLK,2021-08-17,2021-09-17,818.137,786.1169,-0.03913783218483524,22,False
Breakout_50,BLK,2022-08-15,2022-09-06,679.5877,605.4501,-0.10909210836982874,15,False
Breakout_50,BLK,2022-11-11,2023-02-10,687.2284,658.8756,-0.041256715405481925,61,False
Breakout_50,BLK,2023-06-16,2023-08-09,671.5511,652.6001,-0.028219878094713935,36,False
Breakout_50,BLK,2023-11-17,2024-02-01,680.5738,739.0324,0.08589597739412391,50,True
Breakout_50,BLK,2024-03-05,2024-04-05,792.1405,760.0329,-0.04053277328493776,22,False
Breakout_50,BLK,2024-07-12,2024-12-20,799.5165,981.933,0.22815850539500504,113,True
Breakout_50,BLK,2025-05-16,2025-09-04,966.8249,1092.361,0.12984369243845584,75,True
Breakout_50,BLK,2025-09-30,2025-10-22,1164.4677,1117.8059,-0.04007135051332378,16,False
Breakout_50,BLK,2026-01-16,2026-02-04,1153.0807,1062.863,-0.07824061106140678,12,False
Breakout_100,BLK,2020-07-16,2020-09-08,493.1564,491.4583,-0.0034433518700067722,37,False
Breakout_100,BLK,2020-10-12,2021-01-28,540.0609,618.777,0.14575408186167937,74,True
Breakout_100,BLK,2021-04-06,2021-06-21,697.8445,756.8409,0.08454087609271221,53,True
Breakout_100,BLK,2021-07-06,2021-07-20,797.8475,755.4769,-0.05310619295897101,10,False
Breakout_100,BLK,2021-08-17,2021-09-17,818.137,786.1169,-0.03913783218483524,22,False
Breakout_100,BLK,2022-11-11,2023-02-10,687.2284,658.8756,-0.041256715405481925,61,False
Breakout_100,BLK,2023-07-13,2023-08-09,687.9023,652.6001,-0.051318729844876065,19,False
Breakout_100,BLK,2023-12-04,2024-02-01,710.8282,739.0324,0.03967792913047363,40,True
Breakout_100,BLK,2024-03-05,2024-04-05,792.1405,760.0329,-0.04053277328493776,22,False
Breakout_100,BLK,2024-07-17,2024-12-20,815.8271,981.933,0.20360421787480654,110,True
Breakout_100,BLK,2025-06-30,2025-09-04,1034.2266,1092.361,0.05621053156341271,46,True
Breakout_100,BLK,2025-09-30,2025-10-22,1164.4677,1117.8059,-0.04007135051332378,16,False
Breakout_50_noSMA,BLK,2020-05-19,2020-09-08,444.0969,491.4583,0.10664653617724862,77,True
Breakout_50_noSMA,BLK,2020-10-12,2021-01-28,540.0609,618.777,0.14575408186167937,74,True
Breakout_50_noSMA,BLK,2021-04-05,2021-06-21,685.3957,756.8409,0.10423930328949993,54,True
Breakout_50_noSMA,BLK,2021-07-06,2021-07-20,797.8475,755.4769,-0.05310619295897101,10,False
Breakout_50_noSMA,BLK,2021-08-17,2021-09-17,818.137,786.1169,-0.03913783218483524,22,False
Breakout_50_noSMA,BLK,2022-08-04,2022-09-06,631.5101,605.4501,-0.04126619406689058,22,False
Breakout_50_noSMA,BLK,2022-11-11,2023-02-10,687.2284,658.8756,-0.041256715405481925,61,False
Breakout_50_noSMA,BLK,2023-06-16,2023-08-09,671.5511,652.6001,-0.028219878094713935,36,False
Breakout_50_noSMA,BLK,2023-11-17,2024-02-01,680.5738,739.0324,0.08589597739412391,50,True
Breakout_50_noSMA,BLK,2024-03-05,2024-04-05,792.1405,760.0329,-0.04053277328493776,22,False
Breakout_50_noSMA,BLK,2024-07-12,2024-12-20,799.5165,981.933,0.22815850539500504,113,True
Breakout_50_noSMA,BLK,2025-05-16,2025-09-04,966.8249,1092.361,0.12984369243845584,75,True
Breakout_50_noSMA,BLK,2025-09-30,2025-10-22,1164.4677,1117.8059,-0.04007135051332378,16,False
Breakout_50_noSMA,BLK,2026-01-16,2026-02-04,1153.0807,1062.863,-0.07824061106140678,12,False
Breakout_50,BMY,2020-05-13,2020-06-11,50.1037,47.5101,-0.05176512060906013,20,False
Breakout_50,BMY,2020-08-12,2020-09-04,50.8137,48.0963,-0.053475970258096917,17,False
Breakout_50,BMY,2020-11-05,2020-12-08,52.3311,49.2552,-0.05877820988582372,22,False
Breakout_50,BMY,2021-01-19,2021-01-28,54.2582,50.9954,-0.06013453656523782,7,False
Breakout_50,BMY,2021-04-16,2021-05-03,53.1109,51.2868,-0.03434465493660155,11,False
Breakout_50,BMY,2021-05-21,2021-06-09,55.0004,52.3666,-0.04788818375421966,12,False
Breakout_50,BMY,2021-07-15,2021-08-27,55.7446,55.2749,-0.008425710915493712,31,False
Breakout_50,BMY,2022-01-10,2022-06-01,52.627,63.6015,0.20853401387561776,98,True
Breakout_50,BMY,2022-06-27,2022-07-08,66.8854,63.5673,-0.04960966355542129,8,False
Breakout_50,BMY,2022-10-31,2022-12-16,65.6017,63.7944,-0.027549283511170364,33,False
Breakout_50,BMY,2024-07-29,2024-12-31,46.006,52.2523,0.13577036979770196,108,True
Breakout_50,BMY,2025-01-28,2025-02-07,56.7957,54.1387,-0.046781711174208374,8,False
Breakout_50,BMY,2025-03-11,2025-04-04,59.17,54.1159,-0.08541600689539885,18,False
Breakout_50,BMY,2025-11-12,2026-03-20,47.9335,57.6654,0.20303054597599246,87,True
Breakout_100,BMY,2020-11-05,2020-12-08,52.3311,49.2552,-0.05877820988582372,22,False
Breakout_100,BMY,2021-01-19,2021-01-28,54.2582,50.9954,-0.06013453656523782,7,False
Breakout_100,BMY,2021-05-21,2021-06-09,55.0004,52.3666,-0.04788818375421966,12,False
Breakout_100,BMY,2021-07-15,2021-08-27,55.7446,55.2749,-0.008425710915493712,31,False
Breakout_100,BMY,2022-02-08,2022-06-01,55.5181,63.6015,0.1455991596176145,78,True
Breakout_100,BMY,2022-06-27,2022-07-08,66.8854,63.5673,-0.04960966355542129,8,False
Breakout_100,BMY,2022-11-09,2022-12-16,68.1713,63.7944,-0.06420394610802205,26,False
Breakout_100,BMY,2024-10-02,2024-12-31,48.6878,52.2523,0.07320934112184307,62,True
Breakout_100,BMY,2025-01-28,2025-02-07,56.7957,54.1387,-0.046781711174208374,8,False
Breakout_100,BMY,2025-03-11,2025-04-04,59.17,54.1159,-0.08541600689539885,18,False
Breakout_100,BMY,2025-11-13,2026-03-20,47.953,57.6654,0.20253966884665164,86,True
Breakout_50_noSMA,BMY,2020-05-13,2020-06-11,50.1037,47.5101,-0.05176512060906013,20,False
Breakout_50_noSMA,BMY,2020-08-12,2020-09-04,50.8137,48.0963,-0.053475970258096917,17,False
Breakout_50_noSMA,BMY,2020-11-05,2020-12-08,52.3311,49.2552,-0.05877820988582372,22,False
Breakout_50_noSMA,BMY,2021-01-19,2021-01-28,54.2582,50.9954,-0.06013453656523782,7,False
Breakout_50_noSMA,BMY,2021-04-16,2021-05-03,53.1109,51.2868,-0.03434465493660155,11,False
Breakout_50_noSMA,BMY,2021-05-21,2021-06-09,55.0004,52.3666,-0.04788818375421966,12,False
Breakout_50_noSMA,BMY,2021-07-15,2021-08-27,55.7446,55.2749,-0.008425710915493712,31,False
Breakout_50_noSMA,BMY,2021-12-16,2022-06-01,50.6745,63.6015,0.2550992239888239,114,True
Breakout_50_noSMA,BMY,2022-06-27,2022-07-08,66.8854,63.5673,-0.04960966355542129,8,False
Breakout_50_noSMA,BMY,2022-10-31,2022-12-16,65.6017,63.7944,-0.027549283511170364,33,False
Breakout_50_noSMA,BMY,2024-03-07,2024-04-11,48.0712,45.8072,-0.04709790066467501,24,False
Breakout_50_noSMA,BMY,2024-07-26,2024-12-31,44.4854,52.2523,0.17459406871249494,109,True
Breakout_50_noSMA,BMY,2025-01-28,2025-02-07,56.7957,54.1387,-0.046781711174208374,8,False
Breakout_50_noSMA,BMY,2025-03-11,2025-04-04,59.17,54.1159,-0.08541600689539885,18,False
Breakout_50_noSMA,BMY,2025-11-12,2026-03-20,47.9335,57.6654,0.20303054597599246,87,True
Breakout_50,BRK-B,2020-08-06,2020-10-07,203.0,212.33,0.04596060015297865,43,True
Breakout_50,BRK-B,2020-11-11,2021-01-28,228.5,229.76,0.005514199154643018,52,True
Breakout_50,BRK-B,2021-02-09,2021-06-18,237.07,276.5,0.16632214728814887,90,True
Breakout_50,BRK-B,2021-10-27,2021-11-18,290.85,281.1,-0.03352243354098439,16,False
Breakout_50,BRK-B,2021-12-17,2022-02-25,297.85,311.16,0.04468691383530787,47,True
Breakout_50,BRK-B,2022-03-04,2022-04-27,322.66,330.6,0.02460795373237845,37,True
Breakout_50,BRK-B,2022-11-11,2023-01-19,305.56,306.12,0.0018326926399663268,45,True
Breakout_50,BRK-B,2023-04-14,2023-09-29,318.89,357.3,0.12044896792041793,116,True
Breakout_50,BRK-B,2024-01-04,2024-04-15,367.41,406.99,0.10772702478908425,69,True
Breakout_50,BRK-B,2024-07-12,2024-08-06,420.23,416.41,-0.009090277287080784,17,False
Breakout_50,BRK-B,2024-08-26,2024-10-25,455.31,458.6,0.007225864932821846,43,True
Breakout_50,BRK-B,2024-11-25,2024-12-11,479.13,463.33,-0.03297647433792272,11,False
Breakout_50,BRK-B,2025-02-25,2025-04-07,503.15,467.42,-0.07101258253438614,29,False
Breakout_50,BRK-B,2025-05-05,2025-05-06,520.08,509.57,-0.020208447585498,1,False
Breakout_50,BRK-B,2025-08-29,2025-10-13,500.85,488.15,-0.025356917345043195,30,False
Breakout_50,BRK-B,2025-11-14,2025-12-10,514.7,490.86,-0.04631829471548454,17,False
Breakout_100,BRK-B,2020-08-06,2020-10-07,203.0,212.33,0.04596060015297865,43,True
Breakout_100,BRK-B,2020-11-11,2021-01-28,228.5,229.76,0.005514199154643018,52,True
Breakout_100,BRK-B,2021-02-09,2021-06-18,237.07,276.5,0.16632214728814887,90,True
Breakout_100,BRK-B,2021-12-17,2022-02-25,297.85,311.16,0.04468691383530787,47,True
Breakout_100,BRK-B,2022-03-04,2022-04-27,322.66,330.6,0.02460795373237845,37,True
Breakout_100,BRK-B,2022-11-14,2023-01-19,310.0,306.12,-0.012516144783266125,44,False
Breakout_100,BRK-B,2023-04-18,2023-09-29,324.95,357.3,0.09955369863265862,114,True
Breakout_100,BRK-B,2024-01-25,2024-04-15,379.24,406.99,0.07317266299593084,55,True
Breakout_100,BRK-B,2024-07-16,2024-08-06,437.4,416.41,-0.04798808991145642,15,False
Breakout_100,BRK-B,2024-08-26,2024-10-25,455.31,458.6,0.007225864932821846,43,True
Breakout_100,BRK-B,2025-02-25,2025-04-07,503.15,467.42,-0.07101258253438614,29,False
Breakout_100,BRK-B,2025-05-05,2025-05-06,520.08,509.57,-0.020208447585498,1,False
Breakout_100,BRK-B,2025-11-14,2025-12-10,514.7,490.86,-0.04631829471548454,17,False
Breakout_50_noSMA,BRK-B,2020-06-08,2020-06-12,202.34,184.02,-0.09054063653750821,4,False
Breakout_50_noSMA,BRK-B,2020-08-06,2020-10-07,203.0,212.33,0.04596060015297865,43,True
Breakout_50_noSMA,BRK-B,2020-11-11,2021-01-28,228.5,229.76,0.005514199154643018,52,True
Breakout_50_noSMA,BRK-B,2021-02-09,2021-06-18,237.07,276.5,0.16632214728814887,90,True
Breakout_50_noSMA,BRK-B,2021-10-27,2021-11-18,290.85,281.1,-0.03352243354098439,16,False
Breakout_50_noSMA,BRK-B,2021-12-17,2022-02-25,297.85,311.16,0.04468691383530787,47,True
Breakout_50_noSMA,BRK-B,2022-03-04,2022-04-27,322.66,330.6,0.02460795373237845,37,True
Breakout_50_noSMA,BRK-B,2022-11-11,2023-01-19,305.56,306.12,0.0018326926399663268,45,True
Breakout_50_noSMA,BRK-B,2023-04-14,2023-09-29,318.89,357.3,0.12044896792041793,116,True
Breakout_50_noSMA,BRK-B,2024-01-04,2024-04-15,367.41,406.99,0.10772702478908425,69,True
Breakout_50_noSMA,BRK-B,2024-07-12,2024-08-06,420.23,416.41,-0.009090277287080784,17,False
Breakout_50_noSMA,BRK-B,2024-08-26,2024-10-25,455.31,458.6,0.007225864932821846,43,True
Breakout_50_noSMA,BRK-B,2024-11-25,2024-12-11,479.13,463.33,-0.03297647433792272,11,False
Breakout_50_noSMA,BRK-B,2025-02-25,2025-04-07,503.15,467.42,-0.07101258253438614,29,False
Breakout_50_noSMA,BRK-B,2025-05-05,2025-05-06,520.08,509.57,-0.020208447585498,1,False
Breakout_50_noSMA,BRK-B,2025-08-29,2025-10-13,500.85,488.15,-0.025356917345043195,30,False
Breakout_50_noSMA,BRK-B,2025-11-14,2025-12-10,514.7,490.86,-0.04631829471548454,17,False
Breakout_50,BSX,2020-07-30,2020-09-21,39.16,37.83,-0.03396317726097531,36,False
Breakout_50,BSX,2021-02-05,2021-03-24,39.0,37.23,-0.045384627122145416,32,False
Breakout_50,BSX,2021-04-16,2021-07-15,41.14,42.42,0.031113242544649866,62,True
Breakout_50,BSX,2021-07-28,2021-08-11,45.41,42.81,-0.05725607757889628,10,False
Breakout_50,BSX,2022-04-20,2022-04-27,45.93,43.55,-0.05181800679951298,5,False
Breakout_50,BSX,2022-08-11,2022-09-21,41.99,40.56,-0.0340557334606898,28,False
Breakout_50,BSX,2022-11-11,2023-02-22,43.75,46.07,0.05302856445312498,68,True
Breakout_50,BSX,2023-03-31,2023-05-30,49.8,51.22,0.028514096493917895,40,True
Breakout_50,BSX,2023-06-20,2023-07-10,53.79,52.44,-0.02509764390854774,13,False
Breakout_50,BSX,2023-11-24,2024-07-19,55.5,76.9,0.38558561307889927,162,True
Breakout_50,BSX,2024-08-23,2024-11-04,79.8,83.65,0.048245593068762194,50,True
Breakout_50,BSX,2024-11-19,2024-12-19,90.03,88.04,-0.022103719768428398,21,False
Breakout_50,BSX,2025-01-08,2025-03-10,96.68,97.77,0.011274269077885757,40,True
Breakout_50,BSX,2025-05-19,2025-06-10,105.69,100.24,-0.05156594239514911,15,False
Breakout_50,BSX,2025-07-01,2025-07-09,107.36,102.95,-0.04107678499476619,5,False
Breakout_50,BSX,2025-07-24,2025-08-07,108.35,103.35,-0.04614674730423951,10,False
Breakout_100,BSX,2020-07-30,2020-09-21,39.16,37.83,-0.03396317726097531,36,False
Breakout_100,BSX,2021-04-16,2021-07-15,41.14,42.42,0.031113242544649866,62,True
Breakout_100,BSX,2021-07-28,2021-08-11,45.41,42.81,-0.05725607757889628,10,False
Breakout_100,BSX,2022-04-20,2022-04-27,45.93,43.55,-0.05181800679951298,5,False
Breakout_100,BSX,2022-11-11,2023-02-22,43.75,46.07,0.05302856445312498,68,True
Breakout_100,BSX,2023-03-31,2023-05-30,49.8,51.22,0.028514096493917895,40,True
Breakout_100,BSX,2023-06-20,2023-07-10,53.79,52.44,-0.02509764390854774,13,False
Breakout_100,BSX,2023-11-24,2024-07-19,55.5,76.9,0.38558561307889927,162,True
Breakout_100,BSX,2024-08-23,2024-11-04,79.8,83.65,0.048245593068762194,50,True
Breakout_100,BSX,2024-11-19,2024-12-19,90.03,88.04,-0.022103719768428398,21,False
Breakout_100,BSX,2025-01-08,2025-03-10,96.68,97.77,0.011274269077885757,40,True
Breakout_100,BSX,2025-07-01,2025-07-09,107.36,102.95,-0.04107678499476619,5,False
Breakout_100,BSX,2025-07-24,2025-08-07,108.35,103.35,-0.04614674730423951,10,False
Breakout_50_noSMA,BSX,2020-06-08,2020-06-12,38.68,35.95,-0.07057909826001285,4,False
Breakout_50_noSMA,BSX,2020-07-30,2020-09-21,39.16,37.83,-0.03396317726097531,36,False
Breakout_50_noSMA,BSX,2021-02-05,2021-03-24,39.0,37.23,-0.045384627122145416,32,False
Breakout_50_noSMA,BSX,2021-04-16,2021-07-15,41.14,42.42,0.031113242544649866,62,True
Breakout_50_noSMA,BSX,2021-07-28,2021-08-11,45.41,42.81,-0.05725607757889628,10,False
Breakout_50_noSMA,BSX,2022-04-20,2022-04-27,45.93,43.55,-0.05181800679951298,5,False
Breakout_50_noSMA,BSX,2022-08-11,2022-09-21,41.99,40.56,-0.0340557334606898,28,False
Breakout_50_noSMA,BSX,2022-11-11,2023-02-22,43.75,46.07,0.05302856445312498,68,True
Breakout_50_noSMA,BSX,2023-03-31,2023-05-30,49.8,51.22,0.028514096493917895,40,True
Breakout_50_noSMA,BSX,2023-06-20,2023-07-10,53.79,52.44,-0.02509764390854774,13,False
Breakout_50_noSMA,BSX,2023-11-24,2024-07-19,55.5,76.9,0.38558561307889927,162,True
Breakout_50_noSMA,BSX,2024-08-23,2024-11-04,79.8,83.65,0.048245593068762194,50,True
Breakout_50_noSMA,BSX,2024-11-19,2024-12-19,90.03,88.04,-0.022103719768428398,21,False
Breakout_50_noSMA,BSX,2025-01-08,2025-03-10,96.68,97.77,0.011274269077885757,40,True
Breakout_50_noSMA,BSX,2025-05-19,2025-06-10,105.69,100.24,-0.05156594239514911,15,False
Breakout_50_noSMA,BSX,2025-07-01,2025-07-09,107.36,102.95,-0.04107678499476619,5,False
Breakout_50_noSMA,BSX,2025-07-24,2025-08-07,108.35,103.35,-0.04614674730423951,10,False
Breakout_50,CAG,2020-04-15,2020-06-12,25.4477,24.9024,-0.021428689151410385,41,False
Breakout_50,CAG,2020-07-13,2020-09-09,28.162,27.5618,-0.021312287153461562,41,False
Breakout_50,CAG,2021-03-15,2021-06-10,29.3255,29.6564,0.011284918170210156,61,True
Breakout_50,CAG,2022-01-18,2022-02-25,28.2806,28.2306,-0.001765231885557328,27,False
Breakout_50,CAG,2022-04-20,2022-05-19,29.6528,26.3864,-0.11015423693145254,21,False
Breakout_50,CAG,2022-10-28,2022-11-15,29.9604,28.6891,-0.04242976510879348,12,False
Breakout_50,CAG,2022-11-28,2023-01-24,31.1506,31.4362,0.009169394759366956,38,True
Breakout_50,CAG,2023-04-06,2023-05-11,32.7206,31.3753,-0.041115028306475065,24,False
Breakout_50,CAG,2024-04-05,2024-05-29,27.2076,26.487,-0.026483978647217854,37,False
Breakout_50,CAG,2024-08-05,2024-10-03,27.9657,27.1136,-0.03047008279374419,42,False
Breakout_50,CAG,2026-02-04,2026-03-12,19.25,16.68,-0.13350647765320622,25,False
Breakout_100,CAG,2020-07-13,2020-09-09,28.162,27.5618,-0.021312287153461562,41,False
Breakout_100,CAG,2021-03-22,2021-06-10,29.6253,29.6564,0.0010507262124208605,56,True
Breakout_100,CAG,2022-01-18,2022-02-25,28.2806,28.2306,-0.001765231885557328,27,False
Breakout_100,CAG,2022-04-20,2022-05-19,29.6528,26.3864,-0.11015423693145254,21,False
Breakout_100,CAG,2022-10-28,2022-11-15,29.9604,28.6891,-0.04242976510879348,12,False
Breakout_100,CAG,2022-11-28,2023-01-24,31.1506,31.4362,0.009169394759366956,38,True
Breakout_100,CAG,2024-04-05,2024-05-29,27.2076,26.487,-0.026483978647217854,37,False
Breakout_100,CAG,2024-08-29,2024-10-03,28.6275,27.1136,-0.05288164264541351,24,False
Breakout_100,CAG,2026-02-04,2026-03-12,19.25,16.68,-0.13350647765320622,25,False
Breakout_50_noSMA,CAG,2020-04-15,2020-06-12,25.4477,24.9024,-0.021428689151410385,41,False
Breakout_50_noSMA,CAG,2020-07-13,2020-09-09,28.162,27.5618,-0.021312287153461562,41,False
Breakout_50_noSMA,CAG,2021-03-15,2021-06-10,29.3255,29.6564,0.011284918170210156,61,True
Breakout_50_noSMA,CAG,2022-01-18,2022-02-25,28.2806,28.2306,-0.001765231885557328,27,False
Breakout_50_noSMA,CAG,2022-04-20,2022-05-19,29.6528,26.3864,-0.11015423693145254,21,False
Breakout_50_noSMA,CAG,2022-10-28,2022-11-15,29.9604,28.6891,-0.04242976510879348,12,False
Breakout_50_noSMA,CAG,2022-11-28,2023-01-24,31.1506,31.4362,0.009169394759366956,38,True
Breakout_50_noSMA,CAG,2023-04-06,2023-05-11,32.7206,31.3753,-0.041115028306475065,24,False
Breakout_50_noSMA,CAG,2023-12-05,2024-01-08,25.424,24.6711,-0.029614458086285045,22,False
Breakout_50_noSMA,CAG,2024-04-05,2024-05-29,27.2076,26.487,-0.026483978647217854,37,False
Breakout_50_noSMA,CAG,2024-08-05,2024-10-03,27.9657,27.1136,-0.03047008279374419,42,False
Breakout_50_noSMA,CAG,2026-01-27,2026-03-12,17.62,16.68,-0.053348495419170194,31,False
Breakout_50,CAT,2020-06-05,2020-10-29,123.1376,136.3622,0.10739686186350417,102,True
Breakout_50,CAT,2020-11-10,2021-01-28,155.6484,165.907,0.06590886881734903,53,True
Breakout_50,CAT,2021-02-17,2021-06-10,184.2309,215.9244,0.17203145019503574,79,True
Breakout_50,CAT,2021-11-09,2021-11-29,198.9068,186.0119,-0.0648292540342067,13,False
Breakout_50,CAT,2022-01-05,2022-01-31,201.68,185.261,-0.08141087562110683,17,False
Breakout_50,CAT,2022-04-18,2022-04-27,211.78,197.0319,-0.06963854215282372,7,False
Breakout_50,CAT,2022-10-28,2023-02-22,201.0469,229.2789,0.1404248023885899,78,True
Breakout_50,CAT,2023-06-08,2023-09-22,224.1675,261.2678,0.1655027138672036,73,True
Breakout_50,CAT,2023-12-15,2024-04-26,270.4286,329.4646,0.21830542781154882,90,True
Breakout_50,CAT,2024-09-20,2024-11-20,362.0455,376.6971,0.040468843558145284,43,True
Breakout_50,CAT,2025-06-10,2026-03-19,355.5916,675.2045,0.8988202992691103,194,True
Breakout_100,CAT,2020-07-30,2020-10-29,125.1667,136.3622,0.08944409101674777,64,True
Breakout_100,CAT,2020-11-10,2021-01-28,155.6484,165.907,0.06590886881734903,53,True
Breakout_100,CAT,2021-02-17,2021-06-10,184.2309,215.9244,0.17203145019503574,79,True
Breakout_100,CAT,2022-01-06,2022-01-31,204.7397,185.261,-0.09513847367634742,16,False
Breakout_100,CAT,2022-04-19,2022-04-27,213.8699,197.0319,-0.0787301199531294,6,False
Breakout_100,CAT,2022-11-07,2023-02-22,215.7115,229.2789,0.0628958156175643,72,True
Breakout_100,CAT,2023-07-19,2023-09-22,249.8666,261.2678,0.045629170512577755,46,True
Breakout_100,CAT,2023-12-20,2024-04-26,281.85,329.4646,0.16893587315958913,87,True
Breakout_100,CAT,2024-09-20,2024-11-20,362.0455,376.6971,0.040468843558145284,43,True
Breakout_100,CAT,2025-06-27,2026-03-19,378.9191,675.2045,0.7819227526819104,182,True
Breakout_50_noSMA,CAT,2020-06-05,2020-10-29,123.1376,136.3622,0.10739686186350417,102,True
Breakout_50_noSMA,CAT,2020-11-10,2021-01-28,155.6484,165.907,0.06590886881734903,53,True
Breakout_50_noSMA,CAT,2021-02-17,2021-06-10,184.2309,215.9244,0.17203145019503574,79,True
Breakout_50_noSMA,CAT,2021-11-09,2021-11-29,198.9068,186.0119,-0.0648292540342067,13,False
Breakout_50_noSMA,CAT,2022-01-05,2022-01-31,201.68,185.261,-0.08141087562110683,17,False
Breakout_50_noSMA,CAT,2022-04-18,2022-04-27,211.78,197.0319,-0.06963854215282372,7,False
Breakout_50_noSMA,CAT,2022-10-28,2023-02-22,201.0469,229.2789,0.1404248023885899,78,True
Breakout_50_noSMA,CAT,2023-06-08,2023-09-22,224.1675,261.2678,0.1655027138672036,73,True
Breakout_50_noSMA,CAT,2023-12-15,2024-04-26,270.4286,329.4646,0.21830542781154882,90,True
Breakout_50_noSMA,CAT,2024-09-20,2024-11-20,362.0455,376.6971,0.040468843558145284,43,True
Breakout_50_noSMA,CAT,2025-05-14,2026-03-19,347.9542,675.2045,0.9404980345870364,212,True
Breakout_50,CB,2020-06-08,2020-08-03,129.7885,117.1665,-0.09725031132724626,39,False
Breakout_50,CB,2020-10-30,2021-01-27,121.7229,137.5139,0.12972881146652693,59,True
Breakout_50,CB,2021-02-05,2021-03-22,151.9333,148.4759,-0.022756137900728723,30,False
Breakout_50,CB,2021-08-09,2021-09-22,164.1082,167.3351,0.01966331519418607,31,True
Breakout_50,CB,2021-10-25,2021-11-29,177.3003,175.4165,-0.01062493590429947,24,False
Breakout_50,CB,2022-01-07,2022-03-08,186.9439,189.3368,0.01279985516351645,40,True
Breakout_50,CB,2022-03-18,2022-04-25,200.5671,195.3455,-0.02603431284472102,25,False
Breakout_50,CB,2022-10-25,2023-02-02,191.9436,203.6479,0.060977810180887326,68,True
Breakout_50,CB,2023-07-27,2023-10-24,200.7569,202.0406,0.006394573295995132,62,True
Breakout_50,CB,2023-11-02,2023-12-21,213.7363,213.1838,-0.0025850791871396828,34,False
Breakout_50,CB,2024-01-22,2024-04-10,232.3339,243.6282,0.04861230563278407,55,True
Breakout_50,CB,2024-05-17,2024-07-01,262.2632,252.8686,-0.0358213717887258,29,False
Breakout_50,CB,2024-07-31,2024-10-08,270.9482,273.1975,0.00830150621524961,48,True
Breakout_50,CB,2024-10-18,2024-10-30,297.6531,285.993,-0.03917344204663664,8,False
Breakout_50,CB,2025-02-28,2025-04-07,281.0671,276.6796,-0.01560984638464935,26,False
Breakout_50,CB,2025-10-06,2025-10-17,284.1611,267.1713,-0.059789443915762686,9,False
Breakout_50,CB,2025-11-12,2026-01-15,291.7089,300.6325,0.030590910457479525,43,True
Breakout_50,CB,2026-02-05,2026-03-30,329.0287,321.88,-0.02172666224349118,36,False
Breakout_100,CB,2020-11-10,2021-01-27,136.6517,137.5139,0.006309241094101914,52,True
Breakout_100,CB,2021-02-05,2021-03-22,151.9333,148.4759,-0.022756137900728723,30,False
Breakout_100,CB,2021-08-12,2021-09-22,169.9692,167.3351,-0.015497592413392547,28,False
Breakout_100,CB,2021-10-25,2021-11-29,177.3003,175.4165,-0.01062493590429947,24,False
Breakout_100,CB,2022-01-07,2022-03-08,186.9439,189.3368,0.01279985516351645,40,True
Breakout_100,CB,2022-03-18,2022-04-25,200.5671,195.3455,-0.02603431284472102,25,False
Breakout_100,CB,2022-10-31,2023-02-02,203.5481,203.6479,0.0004904069871820571,64,True
Breakout_100,CB,2023-07-28,2023-10-24,205.5576,202.0406,-0.01710926661184564,61,False
Breakout_100,CB,2023-11-02,2023-12-21,213.7363,213.1838,-0.0025850791871396828,34,False
Breakout_100,CB,2024-01-22,2024-04-10,232.3339,243.6282,0.04861230563278407,55,True
Breakout_100,CB,2024-05-17,2024-07-01,262.2632,252.8686,-0.0358213717887258,29,False
Breakout_100,CB,2024-07-31,2024-10-08,270.9482,273.1975,0.00830150621524961,48,True
Breakout_100,CB,2024-10-18,2024-10-30,297.6531,285.993,-0.03917344204663664,8,False
Breakout_100,CB,2025-04-01,2025-04-07,300.966,276.6796,-0.08069473303342756,4,False
Breakout_100,CB,2025-11-12,2026-01-15,291.7089,300.6325,0.030590910457479525,43,True
Breakout_100,CB,2026-02-05,2026-03-30,329.0287,321.88,-0.02172666224349118,36,False
Breakout_50_noSMA,CB,2020-06-04,2020-08-03,114.8736,117.1665,0.019959970299672225,41,True
Breakout_50_noSMA,CB,2020-10-30,2021-01-27,121.7229,137.5139,0.12972881146652693,59,True
Breakout_50_noSMA,CB,2021-02-05,2021-03-22,151.9333,148.4759,-0.022756137900728723,30,False
Breakout_50_noSMA,CB,2021-08-09,2021-09-22,164.1082,167.3351,0.01966331519418607,31,True
Breakout_50_noSMA,CB,2021-10-25,2021-11-29,177.3003,175.4165,-0.01062493590429947,24,False
Breakout_50_noSMA,CB,2022-01-07,2022-03-08,186.9439,189.3368,0.01279985516351645,40,True
Breakout_50_noSMA,CB,2022-03-18,2022-04-25,200.5671,195.3455,-0.02603431284472102,25,False
Breakout_50_noSMA,CB,2022-10-25,2023-02-02,191.9436,203.6479,0.060977810180887326,68,True
Breakout_50_noSMA,CB,2023-07-27,2023-10-24,200.7569,202.0406,0.006394573295995132,62,True
Breakout_50_noSMA,CB,2023-11-02,2023-12-21,213.7363,213.1838,-0.0025850791871396828,34,False
Breakout_50_noSMA,CB,2024-01-22,2024-04-10,232.3339,243.6282,0.04861230563278407,55,True
Breakout_50_noSMA,CB,2024-05-17,2024-07-01,262.2632,252.8686,-0.0358213717887258,29,False
Breakout_50_noSMA,CB,2024-07-31,2024-10-08,270.9482,273.1975,0.00830150621524961,48,True
Breakout_50_noSMA,CB,2024-10-18,2024-10-30,297.6531,285.993,-0.03917344204663664,8,False
Breakout_50_noSMA,CB,2025-02-28,2025-04-07,281.0671,276.6796,-0.01560984638464935,26,False
Breakout_50_noSMA,CB,2025-10-06,2025-10-17,284.1611,267.1713,-0.059789443915762686,9,False
Breakout_50_noSMA,CB,2025-11-12,2026-01-15,291.7089,300.6325,0.030590910457479525,43,True
Breakout_50_noSMA,CB,2026-02-05,2026-03-30,329.0287,321.88,-0.02172666224349118,36,False
Breakout_50,CCI,2020-05-29,2020-06-29,128.7226,125.8152,-0.022586780535826856,21,False
Breakout_50,CCI,2020-11-19,2020-12-07,132.3212,126.4948,-0.0440322443238087,11,False
Breakout_50,CCI,2021-03-29,2021-07-23,136.9352,153.6652,0.12217445834971818,81,True
Breakout_50,CCI,2021-12-08,2022-01-06,153.6679,152.9574,-0.004623914321190581,20,False
Breakout_50,CCI,2022-04-04,2022-05-03,153.8646,148.1587,-0.03708396218616794,20,False
Breakout_50,CCI,2023-11-29,2024-01-18,97.9929,96.1376,-0.018932752454569046,33,False
Breakout_50,CCI,2024-07-15,2024-10-07,94.2606,102.2086,0.08431868787416041,59,True
Breakout_50,CCI,2025-03-17,2025-04-09,98.9453,89.6152,-0.09429589045157816,17,False
Breakout_50,CCI,2025-07-22,2025-08-13,103.1933,98.7822,-0.04274633442890696,16,False
Breakout_100,CCI,2020-05-29,2020-06-29,128.7226,125.8152,-0.022586780535826856,21,False
Breakout_100,CCI,2021-03-29,2021-07-23,136.9352,153.6652,0.12217445834971818,81,True
Breakout_100,CCI,2021-12-17,2022-01-06,162.0048,152.9574,-0.05584622009316742,13,False
Breakout_100,CCI,2023-12-01,2024-01-18,102.4642,96.1376,-0.061744396563408466,31,False
Breakout_100,CCI,2024-08-02,2024-10-07,103.4924,102.2086,-0.012405069208465291,45,False
Breakout_100,CCI,2025-07-23,2025-08-13,105.8477,98.7822,-0.06675184497666808,15,False
Breakout_50_noSMA,CCI,2020-05-29,2020-06-29,128.7226,125.8152,-0.022586780535826856,21,False
Breakout_50_noSMA,CCI,2020-11-19,2020-12-07,132.3212,126.4948,-0.0440322443238087,11,False
Breakout_50_noSMA,CCI,2021-03-29,2021-07-23,136.9352,153.6652,0.12217445834971818,81,True
Breakout_50_noSMA,CCI,2021-12-08,2022-01-06,153.6679,152.9574,-0.004623914321190581,20,False
Breakout_50_noSMA,CCI,2022-04-04,2022-05-03,153.8646,148.1587,-0.03708396218616794,20,False
Breakout_50_noSMA,CCI,2023-01-11,2023-02-10,124.7093,117.3227,-0.0592304372227771,21,False
Breakout_50_noSMA,CCI,2023-11-15,2024-01-18,88.0024,96.1376,0.09244368433319416,42,True
Breakout_50_noSMA,CCI,2024-07-15,2024-10-07,94.2606,102.2086,0.08431868787416041,59,True
Breakout_50_noSMA,CCI,2025-03-10,2025-04-09,92.6487,89.6152,-0.032742599995666755,22,False
Breakout_50_noSMA,CCI,2025-07-22,2025-08-13,103.1933,98.7822,-0.04274633442890696,16,False
Breakout_50_noSMA,CCI,2026-02-18,2026-02-20,90.4396,85.5112,-0.054493851142738636,2,False
Breakout_50,CCL,2020-11-10,2020-11-13,18.4547,15.1201,-0.18069045310297804,3,False
Breakout_50,CCL,2020-11-25,2021-01-25,20.3858,19.7089,-0.03320311448842839,39,False
Breakout_50,CCL,2021-02-22,2021-04-21,25.0243,25.532,0.02028639231001339,41,True
Breakout_50,CCL,2021-06-03,2021-06-23,30.9967,27.9807,-0.09730241982779697,14,False
Breakout_50,CCL,2021-09-24,2021-10-14,24.6859,23.8298,-0.034677381815425457,14,False
Breakout_50,CCL,2023-02-02,2023-03-10,11.6661,9.9142,-0.1501706785476472,25,False
Breakout_50,CCL,2023-05-19,2023-08-16,11.1186,16.4042,0.4753805028834026,60,True
Breakout_50,CCL,2023-12-04,2024-01-24,15.6775,16.4241,0.047619005564666805,34,True
Breakout_50,CCL,2024-06-26,2024-08-01,17.8176,16.7127,-0.06201113092700161,25,False
Breakout_50,CCL,2024-10-10,2025-01-06,19.7686,24.5366,0.2411881842297341,59,True
Breakout_50,CCL,2025-01-29,2025-02-12,27.6422,25.0841,-0.09254589837118365,10,False
Breakout_50,CCL,2025-05-15,2025-09-25,22.6453,29.9316,0.3217582853341785,91,True
Breakout_50,CCL,2025-12-22,2026-01-21,31.1062,28.1996,-0.09344005314658743,19,False
Breakout_50,CCL,2026-02-09,2026-02-24,33.316,30.32,-0.08992670987798701,10,False
Breakout_100,CCL,2020-11-25,2021-01-25,20.3858,19.7089,-0.03320311448842839,39,False
Breakout_100,CCL,2021-02-22,2021-04-21,25.0243,25.532,0.02028639231001339,41,True
Breakout_100,CCL,2021-06-03,2021-06-23,30.9967,27.9807,-0.09730241982779697,14,False
Breakout_100,CCL,2023-02-03,2023-03-10,11.7358,9.9142,-0.15521629708851914,24,False
Breakout_100,CCL,2023-06-07,2023-08-16,12.8108,16.4042,0.2804972446771772,48,True
Breakout_100,CCL,2024-06-26,2024-08-01,17.8176,16.7127,-0.06201113092700161,25,False
Breakout_100,CCL,2024-10-10,2025-01-06,19.7686,24.5366,0.2411881842297341,59,True
Breakout_100,CCL,2025-01-29,2025-02-12,27.6422,25.0841,-0.09254589837118365,10,False
Breakout_100,CCL,2025-07-01,2025-09-25,27.9508,29.9316,0.07086892064106531,60,True
Breakout_100,CCL,2026-02-09,2026-02-24,33.316,30.32,-0.08992670987798701,10,False
Breakout_50_noSMA,CCL,2020-06-08,2020-06-29,24.4569,15.4486,-0.36833537948125716,15,False
Breakout_50_noSMA,CCL,2020-11-10,2020-11-13,18.4547,15.1201,-0.18069045310297804,3,False
Breakout_50_noSMA,CCL,2020-11-25,2021-01-25,20.3858,19.7089,-0.03320311448842839,39,False
Breakout_50_noSMA,CCL,2021-02-22,2021-04-21,25.0243,25.532,0.02028639231001339,41,True
Breakout_50_noSMA,CCL,2021-06-03,2021-06-23,30.9967,27.9807,-0.09730241982779697,14,False
Breakout_50_noSMA,CCL,2021-09-24,2021-10-14,24.6859,23.8298,-0.034677381815425457,14,False
Breakout_50_noSMA,CCL,2023-02-02,2023-03-10,11.6661,9.9142,-0.1501706785476472,25,False
Breakout_50_noSMA,CCL,2023-05-19,2023-08-16,11.1186,16.4042,0.4753805028834026,60,True
Breakout_50_noSMA,CCL,2023-12-04,2024-01-24,15.6775,16.4241,0.047619005564666805,34,True
Breakout_50_noSMA,CCL,2024-06-26,2024-08-01,17.8176,16.7127,-0.06201113092700161,25,False
Breakout_50_noSMA,CCL,2024-10-10,2025-01-06,19.7686,24.5366,0.2411881842297341,59,True
Breakout_50_noSMA,CCL,2025-01-29,2025-02-12,27.6422,25.0841,-0.09254589837118365,10,False
Breakout_50_noSMA,CCL,2025-05-15,2025-09-25,22.6453,29.9316,0.3217582853341785,91,True
Breakout_50_noSMA,CCL,2025-12-22,2026-01-21,31.1062,28.1996,-0.09344005314658743,19,False
Breakout_50_noSMA,CCL,2026-02-09,2026-02-24,33.316,30.32,-0.08992670987798701,10,False
Breakout_50,CDNS,2020-05-12,2020-09-09,83.57,102.39,0.22520042794722905,83,True
Breakout_50,CDNS,2020-11-05,2021-02-23,123.79,135.54,0.09491875178693565,73,True
Breakout_50,CDNS,2021-07-23,2021-09-29,143.59,153.86,0.07152311814462298,47,True
Breakout_50,CDNS,2021-10-27,2022-01-05,172.79,176.57,0.0218763480812596,48,True
Breakout_50,CDNS,2022-03-30,2022-04-18,165.01,148.52,-0.09993328151824077,12,False
Breakout_50,CDNS,2022-07-22,2022-09-02,169.46,171.34,0.011094001826624567,30,True
Breakout_50,CDNS,2022-12-02,2022-12-28,172.93,159.95,-0.0750592510107525,17,False
Breakout_50,CDNS,2023-01-23,2023-04-27,177.2,204.84,0.15598194055117132,66,True
Breakout_50,CDNS,2023-05-26,2023-08-03,226.26,227.85,0.007027365134279817,46,True
Breakout_50,CDNS,2023-10-11,2023-10-26,250.32,231.17,-0.0765021116768746,11,False
Breakout_50,CDNS,2023-11-09,2024-01-04,256.95,257.11,0.0006225846932528256,37,True
Breakout_50,CDNS,2024-01-22,2024-04-11,295.96,304.61,0.029226902778165975,56,True
Breakout_50,CDNS,2024-06-18,2024-07-18,320.39,289.36,-0.09685080020650494,20,False
Breakout_50,CDNS,2024-10-31,2025-01-13,287.44,298.0,0.03673809305907727,48,True
Breakout_50,CDNS,2025-04-30,2025-06-24,294.51,295.85,0.004549917807401549,37,True
Breakout_50,CDNS,2025-07-07,2025-09-11,326.81,342.36,0.04758112637047085,47,True
Breakout_100,CDNS,2020-05-12,2020-09-09,83.57,102.39,0.22520042794722905,83,True
Breakout_100,CDNS,2020-11-05,2021-02-23,123.79,135.54,0.09491875178693565,73,True
Breakout_100,CDNS,2021-08-04,2021-09-29,150.0,153.86,0.025733337402343848,39,True
Breakout_100,CDNS,2021-10-27,2022-01-05,172.79,176.57,0.0218763480812596,48,True
Breakout_100,CDNS,2022-07-22,2022-09-02,169.46,171.34,0.011094001826624567,30,True
Breakout_100,CDNS,2023-01-24,2023-04-27,183.35,204.84,0.11720746942458349,65,True
Breakout_100,CDNS,2023-05-26,2023-08-03,226.26,227.85,0.007027365134279817,46,True
Breakout_100,CDNS,2023-10-11,2023-10-26,250.32,231.17,-0.0765021116768746,11,False
Breakout_100,CDNS,2023-11-09,2024-01-04,256.95,257.11,0.0006225846932528256,37,True
Breakout_100,CDNS,2024-01-22,2024-04-11,295.96,304.61,0.029226902778165975,56,True
Breakout_100,CDNS,2024-12-05,2025-01-13,318.5,298.0,-0.06436420722135006,24,False
Breakout_100,CDNS,2025-07-07,2025-09-11,326.81,342.36,0.04758112637047085,47,True
Breakout_50_noSMA,CDNS,2020-05-12,2020-09-09,83.57,102.39,0.22520042794722905,83,True
Breakout_50_noSMA,CDNS,2020-11-05,2021-02-23,123.79,135.54,0.09491875178693565,73,True
Breakout_50_noSMA,CDNS,2021-07-23,2021-09-29,143.59,153.86,0.07152311814462298,47,True
Breakout_50_noSMA,CDNS,2021-10-27,2022-01-05,172.79,176.57,0.0218763480812596,48,True
Breakout_50_noSMA,CDNS,2022-03-30,2022-04-18,165.01,148.52,-0.09993328151824077,12,False
Breakout_50_noSMA,CDNS,2022-07-22,2022-09-02,169.46,171.34,0.011094001826624567,30,True
Breakout_50_noSMA,CDNS,2022-12-02,2022-12-28,172.93,159.95,-0.0750592510107525,17,False
Breakout_50_noSMA,CDNS,2023-01-23,2023-04-27,177.2,204.84,0.15598194055117132,66,True
Breakout_50_noSMA,CDNS,2023-05-26,2023-08-03,226.26,227.85,0.007027365134279817,46,True
Breakout_50_noSMA,CDNS,2023-10-11,2023-10-26,250.32,231.17,-0.0765021116768746,11,False
Breakout_50_noSMA,CDNS,2023-11-09,2024-01-04,256.95,257.11,0.0006225846932528256,37,True
Breakout_50_noSMA,CDNS,2024-01-22,2024-04-11,295.96,304.61,0.029226902778165975,56,True
Breakout_50_noSMA,CDNS,2024-06-18,2024-07-18,320.39,289.36,-0.09685080020650494,20,False
Breakout_50_noSMA,CDNS,2024-10-31,2025-01-13,287.44,298.0,0.03673809305907727,48,True
Breakout_50_noSMA,CDNS,2025-04-30,2025-06-24,294.51,295.85,0.004549917807401549,37,True
Breakout_50_noSMA,CDNS,2025-07-07,2025-09-11,326.81,342.36,0.04758112637047085,47,True
Breakout_50,CHTR,2020-05-29,2020-06-25,535.5,507.46,-0.05236229420153482,19,False
Breakout_50,CHTR,2020-07-16,2020-10-20,552.82,622.74,0.12647874893057098,67,True
Breakout_50,CHTR,2020-12-03,2021-01-06,666.66,612.16,-0.08175082080139295,22,False
Breakout_50,CHTR,2021-04-30,2021-09-15,654.09,761.5,0.16421282810395943,95,True
Breakout_50,CHTR,2023-07-20,2023-10-23,388.57,431.11,0.10947828505932233,66,True
Breakout_50,CHTR,2024-07-29,2024-09-05,366.52,334.27,-0.0879897439885523,27,False
Breakout_50,CHTR,2024-11-04,2024-12-19,377.0,356.88,-0.053368687313494645,32,False
Breakout_50,CHTR,2025-03-06,2025-03-13,378.89,348.03,-0.08144848023449458,5,False
Breakout_50,CHTR,2025-05-01,2025-06-17,388.3,375.13,-0.03391703148128389,32,False
Breakout_100,CHTR,2020-07-16,2020-10-20,552.82,622.74,0.12647874893057098,67,True
Breakout_100,CHTR,2020-12-03,2021-01-06,666.66,612.16,-0.08175082080139295,22,False
Breakout_100,CHTR,2021-05-10,2021-09-15,696.42,761.5,0.09344938210688825,89,True
Breakout_100,CHTR,2023-07-20,2023-10-23,388.57,431.11,0.10947828505932233,66,True
Breakout_100,CHTR,2024-07-29,2024-09-05,366.52,334.27,-0.0879897439885523,27,False
Breakout_100,CHTR,2024-11-07,2024-12-19,405.46,356.88,-0.11981450105083402,29,False
Breakout_100,CHTR,2025-05-07,2025-06-17,403.29,375.13,-0.06982569135226335,28,False
Breakout_50_noSMA,CHTR,2020-05-29,2020-06-25,535.5,507.46,-0.05236229420153482,19,False
Breakout_50_noSMA,CHTR,2020-07-16,2020-10-20,552.82,622.74,0.12647874893057098,67,True
Breakout_50_noSMA,CHTR,2020-12-03,2021-01-06,666.66,612.16,-0.08175082080139295,22,False
Breakout_50_noSMA,CHTR,2021-04-30,2021-09-15,654.09,761.5,0.16421282810395943,95,True
Breakout_50_noSMA,CHTR,2023-01-26,2023-03-01,401.43,365.28,-0.09005304674800729,23,False
Breakout_50_noSMA,CHTR,2023-07-20,2023-10-23,388.57,431.11,0.10947828505932233,66,True
Breakout_50_noSMA,CHTR,2024-06-28,2024-09-05,296.22,334.27,0.12845178460660067,47,True
Breakout_50_noSMA,CHTR,2024-11-04,2024-12-19,377.0,356.88,-0.053368687313494645,32,False
Breakout_50_noSMA,CHTR,2025-03-06,2025-03-13,378.89,348.03,-0.08144848023449458,5,False
Breakout_50_noSMA,CHTR,2025-05-01,2025-06-17,388.3,375.13,-0.03391703148128389,32,False
Breakout_50_noSMA,CHTR,2026-02-05,2026-03-13,223.12,217.6,-0.02474000149907074,25,False
Breakout_50,CI,2020-06-08,2020-06-15,189.2275,168.5651,-0.10919323241471357,5,False
Breakout_50,CI,2020-11-05,2020-12-21,189.7006,175.68,-0.07390895644517126,31,False
Breakout_50,CI,2021-01-13,2021-02-05,205.4408,188.7817,-0.08108954887556263,16,False
Breakout_50,CI,2021-03-09,2021-06-07,214.0455,233.0308,0.08869760665942672,62,True
Breakout_50,CI,2021-12-27,2022-02-04,210.7981,197.5994,-0.0626127609211804,28,False
Breakout_50,CI,2022-04-07,2022-06-06,232.1662,238.4105,0.0268960143112682,40,True
Breakout_50,CI,2022-07-08,2022-09-26,257.5997,259.9107,0.008971396498367534,55,True
Breakout_50,CI,2022-10-14,2023-01-04,281.4917,302.2966,0.07390950194649792,55,True
Breakout_50,CI,2023-07-20,2023-08-18,278.5232,257.129,-0.07681282141200241,21,False
Breakout_50,CI,2023-10-16,2023-11-10,292.9452,276.0072,-0.057819644700106254,19,False
Breakout_50,CI,2024-02-05,2024-04-18,313.8516,336.6788,0.07273260811678206,51,True
Breakout_50,CI,2024-07-31,2024-08-02,337.6201,322.1722,-0.045755291798349806,2,False
Breakout_50,CI,2024-08-29,2024-09-27,348.0992,335.3084,-0.03674452495319258,20,False
Breakout_50,CI,2025-03-10,2025-05-13,315.2299,303.175,-0.03824158752819451,45,False
Breakout_50,CI,2025-10-06,2025-10-16,306.5794,290.7757,-0.051548408993193795,8,False
Breakout_100,CI,2020-11-05,2020-12-21,189.7006,175.68,-0.07390895644517126,31,False
Breakout_100,CI,2021-01-13,2021-02-05,205.4408,188.7817,-0.08108954887556263,16,False
Breakout_100,CI,2021-03-09,2021-06-07,214.0455,233.0308,0.08869760665942672,62,True
Breakout_100,CI,2021-12-29,2022-02-04,213.586,197.5994,-0.07484848739254002,26,False
Breakout_100,CI,2022-04-07,2022-06-06,232.1662,238.4105,0.0268960143112682,40,True
Breakout_100,CI,2022-07-08,2022-09-26,257.5997,259.9107,0.008971396498367534,55,True
Breakout_100,CI,2022-10-14,2023-01-04,281.4917,302.2966,0.07390950194649792,55,True
Breakout_100,CI,2023-08-03,2023-08-18,277.9912,257.129,-0.07504608043945138,11,False
Breakout_100,CI,2023-10-16,2023-11-10,292.9452,276.0072,-0.057819644700106254,19,False
Breakout_100,CI,2024-02-05,2024-04-18,313.8516,336.6788,0.07273260811678206,51,True
Breakout_100,CI,2024-08-30,2024-09-27,348.7082,335.3084,-0.03842698530579913,19,False
Breakout_50_noSMA,CI,2020-06-08,2020-06-15,189.2275,168.5651,-0.10919323241471357,5,False
Breakout_50_noSMA,CI,2020-11-05,2020-12-21,189.7006,175.68,-0.07390895644517126,31,False
Breakout_50_noSMA,CI,2021-01-13,2021-02-05,205.4408,188.7817,-0.08108954887556263,16,False
Breakout_50_noSMA,CI,2021-03-09,2021-06-07,214.0455,233.0308,0.08869760665942672,62,True
Breakout_50_noSMA,CI,2021-12-27,2022-02-04,210.7981,197.5994,-0.0626127609211804,28,False
Breakout_50_noSMA,CI,2022-04-07,2022-06-06,232.1662,238.4105,0.0268960143112682,40,True
Breakout_50_noSMA,CI,2022-07-08,2022-09-26,257.5997,259.9107,0.008971396498367534,55,True
Breakout_50_noSMA,CI,2022-10-14,2023-01-04,281.4917,302.2966,0.07390950194649792,55,True
Breakout_50_noSMA,CI,2023-06-14,2023-08-18,247.078,257.129,0.040679610653788334,45,True
Breakout_50_noSMA,CI,2023-10-16,2023-11-10,292.9452,276.0072,-0.057819644700106254,19,False
Breakout_50_noSMA,CI,2024-02-05,2024-04-18,313.8516,336.6788,0.07273260811678206,51,True
Breakout_50_noSMA,CI,2024-07-31,2024-08-02,337.6201,322.1722,-0.045755291798349806,2,False
Breakout_50_noSMA,CI,2024-08-29,2024-09-27,348.0992,335.3084,-0.03674452495319258,20,False
Breakout_50_noSMA,CI,2025-03-10,2025-05-13,315.2299,303.175,-0.03824158752819451,45,False
Breakout_50_noSMA,CI,2025-10-06,2025-10-16,306.5794,290.7757,-0.051548408993193795,8,False
Breakout_50_noSMA,CI,2026-02-09,2026-03-09,293.3838,268.67,-0.08423704546533939,19,False
Breakout_50,CL,2020-06-11,2020-09-09,64.111,66.7685,0.04145309291517196,62,True
Breakout_50,CL,2020-10-13,2020-10-29,70.2965,67.2072,-0.04394729892679672,12,False
Breakout_50,CL,2020-11-04,2021-01-07,73.1868,71.9224,-0.017276405623262492,43,False
Breakout_50,CL,2021-04-21,2021-06-21,72.5712,72.1627,-0.005628518498250301,42,False
Breakout_50,CL,2021-11-11,2021-12-01,70.4041,67.8085,-0.03686674789186295,13,False
Breakout_50,CL,2021-12-13,2022-02-07,71.2035,73.5678,0.033206097897210185,38,True
Breakout_50,CL,2022-04-21,2022-05-02,74.1174,70.0028,-0.05551513796548169,7,False
Breakout_50,CL,2022-08-17,2022-08-29,74.9807,72.166,-0.03753810732062601,8,False
Breakout_50,CL,2022-12-01,2023-01-13,71.538,70.5446,-0.013886786687518082,29,False
Breakout_50,CL,2023-04-21,2023-05-25,71.8984,71.032,-0.012049894705238318,24,False
Breakout_50,CL,2023-11-01,2024-04-11,70.9149,82.5685,0.16433270421845747,110,True
Breakout_50,CL,2024-04-29,2024-09-20,86.8856,98.1538,0.12968993333076084,100,True
Breakout_50,CL,2025-03-10,2025-04-08,94.4123,87.5841,-0.07232373940223014,21,False
Breakout_50,CL,2026-01-15,2026-03-13,83.2003,88.5397,0.06417585644468948,39,True
Breakout_100,CL,2020-07-20,2020-09-09,65.4674,66.7685,0.01987422345107559,36,True
Breakout_100,CL,2020-10-13,2020-10-29,70.2965,67.2072,-0.04394729892679672,12,False
Breakout_100,CL,2020-11-04,2021-01-07,73.1868,71.9224,-0.017276405623262492,43,False
Breakout_100,CL,2021-12-29,2022-02-07,75.9725,73.5678,-0.03165191085519492,27,False
Breakout_100,CL,2022-08-22,2022-08-29,75.8397,72.166,-0.0484392871708178,5,False
Breakout_100,CL,2023-05-01,2023-05-25,74.3764,71.032,-0.04496507872638644,18,False
Breakout_100,CL,2023-12-01,2024-04-11,74.4158,82.5685,0.10955616003102997,89,True
Breakout_100,CL,2024-04-29,2024-09-20,86.8856,98.1538,0.12968993333076084,100,True
Breakout_100,CL,2026-01-21,2026-03-13,84.1669,88.5397,0.051954138183022414,36,True
Breakout_50_noSMA,CL,2020-06-11,2020-09-09,64.111,66.7685,0.04145309291517196,62,True
Breakout_50_noSMA,CL,2020-10-13,2020-10-29,70.2965,67.2072,-0.04394729892679672,12,False
Breakout_50_noSMA,CL,2020-11-04,2021-01-07,73.1868,71.9224,-0.017276405623262492,43,False
Breakout_50_noSMA,CL,2021-04-21,2021-06-21,72.5712,72.1627,-0.005628518498250301,42,False
Breakout_50_noSMA,CL,2021-11-11,2021-12-01,70.4041,67.8085,-0.03686674789186295,13,False
Breakout_50_noSMA,CL,2021-12-13,2022-02-07,71.2035,73.5678,0.033206097897210185,38,True
Breakout_50_noSMA,CL,2022-04-21,2022-05-02,74.1174,70.0028,-0.05551513796548169,7,False
Breakout_50_noSMA,CL,2022-08-17,2022-08-29,74.9807,72.166,-0.03753810732062601,8,False
Breakout_50_noSMA,CL,2022-12-01,2023-01-13,71.538,70.5446,-0.013886786687518082,29,False
Breakout_50_noSMA,CL,2023-04-21,2023-05-25,71.8984,71.032,-0.012049894705238318,24,False
Breakout_50_noSMA,CL,2023-11-01,2024-04-11,70.9149,82.5685,0.16433270421845747,110,True
Breakout_50_noSMA,CL,2024-04-29,2024-09-20,86.8856,98.1538,0.12968993333076084,100,True
Breakout_50_noSMA,CL,2025-03-10,2025-04-08,94.4123,87.5841,-0.07232373940223014,21,False
Breakout_50_noSMA,CL,2026-01-12,2026-03-13,80.9975,88.5397,0.09311625924765576,42,True
Breakout_50,CMCSA,2020-06-08,2020-10-20,33.0276,35.5417,0.07611975956047656,94,True
Breakout_50,CMCSA,2020-11-16,2021-01-15,39.3404,39.3683,0.000710798383452671,41,True
Breakout_50,CMCSA,2021-02-10,2021-04-12,42.4323,42.9644,0.012538055472549381,41,True
Breakout_50,CMCSA,2021-08-24,2021-09-15,48.3146,44.7955,-0.0728368736520203,15,False
Breakout_50,CMCSA,2023-01-09,2023-02-27,31.8602,31.2396,-0.019478847181782832,33,False
Breakout_50,CMCSA,2023-04-28,2023-09-26,33.8376,37.437,0.10637332543417921,103,True
Breakout_50,CMCSA,2024-01-26,2024-02-08,39.1752,37.097,-0.05304862477692962,9,False
Breakout_50,CMCSA,2024-08-01,2024-08-08,36.1269,33.6835,-0.06763630344081994,5,False
Breakout_50,CMCSA,2024-09-30,2024-12-10,36.5649,34.474,-0.05718287011343748,50,False
Breakout_50,CMCSA,2026-02-05,2026-03-18,30.1791,29.5959,-0.019325259447689702,28,False
Breakout_100,CMCSA,2020-07-27,2020-10-20,34.2302,35.5417,0.038314752794401885,60,True
Breakout_100,CMCSA,2020-11-16,2021-01-15,39.3404,39.3683,0.000710798383452671,41,True
Breakout_100,CMCSA,2021-02-10,2021-04-12,42.4323,42.9644,0.012538055472549381,41,True
Breakout_100,CMCSA,2021-08-24,2021-09-15,48.3146,44.7955,-0.0728368736520203,15,False
Breakout_100,CMCSA,2023-01-13,2023-02-27,32.4556,31.2396,-0.03746768400913436,29,False
Breakout_100,CMCSA,2023-05-01,2023-09-26,35.494,37.437,0.054742501641787955,102,True
Breakout_100,CMCSA,2024-01-31,2024-02-08,40.2186,37.097,-0.07761575360975492,6,False
Breakout_100,CMCSA,2024-09-30,2024-12-10,36.5649,34.474,-0.05718287011343748,50,False
Breakout_100,CMCSA,2026-02-09,2026-03-18,30.7425,29.5959,-0.037299031328925536,26,False
Breakout_50_noSMA,CMCSA,2020-05-27,2020-10-20,31.216,35.5417,0.1385745775669711,102,True
Breakout_50_noSMA,CMCSA,2020-11-16,2021-01-15,39.3404,39.3683,0.000710798383452671,41,True
Breakout_50_noSMA,CMCSA,2021-02-10,2021-04-12,42.4323,42.9644,0.012538055472549381,41,True
Breakout_50_noSMA,CMCSA,2021-08-24,2021-09-15,48.3146,44.7955,-0.0728368736520203,15,False
Breakout_50_noSMA,CMCSA,2022-11-23,2023-02-27,29.151,31.2396,0.07164828125784029,63,True
Breakout_50_noSMA,CMCSA,2023-04-28,2023-09-26,33.8376,37.437,0.10637332543417921,103,True
Breakout_50_noSMA,CMCSA,2024-01-26,2024-02-08,39.1752,37.097,-0.05304862477692962,9,False
Breakout_50_noSMA,CMCSA,2024-07-18,2024-07-25,35.2336,33.7535,-0.04200826712604311,5,False
Breakout_50_noSMA,CMCSA,2024-08-01,2024-08-08,36.1269,33.6835,-0.06763630344081994,5,False
Breakout_50_noSMA,CMCSA,2024-09-30,2024-12-10,36.5649,34.474,-0.05718287011343748,50,False
Breakout_50_noSMA,CMCSA,2025-07-02,2025-07-17,32.5374,31.0786,-0.04483428685203483,10,False
Breakout_50_noSMA,CMCSA,2026-01-13,2026-03-18,28.2368,29.5959,0.0481309686185869,44,True
Breakout_50,CME,2020-11-27,2021-01-28,138.4273,145.8506,0.05362626429741235,41,True
Breakout_50,CME,2021-03-02,2021-04-29,168.7895,163.1246,-0.03356162004641072,41,False
Breakout_50,CME,2021-10-18,2022-01-26,172.7603,185.8586,0.07581755127805434,69,True
Breakout_50,CME,2022-02-03,2022-03-09,199.2378,188.6144,-0.05332053180504859,23,False
Breakout_50,CME,2023-02-09,2023-03-10,164.6258,155.5321,-0.05523889432225604,20,False
Breakout_50,CME,2023-04-03,2023-04-27,167.6393,162.3237,-0.0317085911404984,17,False
Breakout_50,CME,2023-07-25,2023-09-27,168.8324,177.5968,0.051911970762072546,45,True
Breakout_50,CME,2023-10-09,2023-12-08,188.1373,188.1791,0.0002223596627628499,43,True
Breakout_50,CME,2024-08-20,2024-11-07,193.9108,206.3933,0.0643720022115466,56,True
Breakout_50,CME,2024-11-27,2025-01-07,218.8734,217.2391,-0.007466953370087959,26,False
Breakout_50,CME,2025-02-05,2025-06-10,233.2059,260.1626,0.11559177695688172,86,True
Breakout_50,CME,2025-11-10,2025-12-08,267.0553,262.9722,-0.015289410891834332,19,False
Breakout_50,CME,2026-01-30,2026-03-26,283.0338,297.55,0.051287676007373495,38,True
Breakout_100,CME,2020-12-02,2021-01-28,141.901,145.8506,0.027833192036045062,38,True
Breakout_100,CME,2021-03-02,2021-04-29,168.7895,163.1246,-0.03356162004641072,41,False
Breakout_100,CME,2021-10-27,2022-01-26,179.6773,185.8586,0.03440242043694508,62,True
Breakout_100,CME,2022-02-03,2022-03-09,199.2378,188.6144,-0.05332053180504859,23,False
Breakout_100,CME,2023-04-03,2023-04-27,167.6393,162.3237,-0.0317085911404984,17,False
Breakout_100,CME,2023-07-27,2023-09-27,176.611,177.5968,0.005581598550615574,43,True
Breakout_100,CME,2023-10-09,2023-12-08,188.1373,188.1791,0.0002223596627628499,43,True
Breakout_100,CME,2024-09-06,2024-11-07,202.7986,206.3933,0.01772512653549696,44,True
Breakout_100,CME,2024-11-27,2025-01-07,218.8734,217.2391,-0.007466953370087959,26,False
Breakout_100,CME,2025-02-05,2025-06-10,233.2059,260.1626,0.11559177695688172,86,True
Breakout_100,CME,2026-01-30,2026-03-26,283.0338,297.55,0.051287676007373495,38,True
Breakout_50_noSMA,CME,2020-11-25,2021-01-28,137.3486,145.8506,0.06190061360839505,42,True
Breakout_50_noSMA,CME,2021-03-02,2021-04-29,168.7895,163.1246,-0.03356162004641072,41,False
Breakout_50_noSMA,CME,2021-10-18,2022-01-26,172.7603,185.8586,0.07581755127805434,69,True
Breakout_50_noSMA,CME,2022-02-03,2022-03-09,199.2378,188.6144,-0.05332053180504859,23,False
Breakout_50_noSMA,CME,2023-02-09,2023-03-10,164.6258,155.5321,-0.05523889432225604,20,False
Breakout_50_noSMA,CME,2023-04-03,2023-04-27,167.6393,162.3237,-0.0317085911404984,17,False
Breakout_50_noSMA,CME,2023-07-25,2023-09-27,168.8324,177.5968,0.051911970762072546,45,True
Breakout_50_noSMA,CME,2023-10-09,2023-12-08,188.1373,188.1791,0.0002223596627628499,43,True
Breakout_50_noSMA,CME,2024-08-20,2024-11-07,193.9108,206.3933,0.0643720022115466,56,True
Breakout_50_noSMA,CME,2024-11-27,2025-01-07,218.8734,217.2391,-0.007466953370087959,26,False
Breakout_50_noSMA,CME,2025-02-05,2025-06-10,233.2059,260.1626,0.11559177695688172,86,True
Breakout_50_noSMA,CME,2025-11-10,2025-12-08,267.0553,262.9722,-0.015289410891834332,19,False
Breakout_50_noSMA,CME,2026-01-30,2026-03-26,283.0338,297.55,0.051287676007373495,38,True
Breakout_50,COP,2020-11-18,2021-01-27,32.2896,33.9638,0.051847992657593434,46,True
Breakout_50,COP,2021-02-17,2021-04-12,41.1426,43.2837,0.05204311353422986,37,True
Breakout_50,COP,2021-06-03,2021-07-15,49.4956,48.0458,-0.029291655899730595,29,False
Breakout_50,COP,2021-09-23,2021-11-22,52.8723,59.5043,0.1254355470206696,42,True
Breakout_50,COP,2022-01-07,2022-04-25,67.578,80.3251,0.1886281677375552,73,True
Breakout_50,COP,2022-05-09,2022-05-10,90.8364,85.4037,-0.059807766663514506,1,False
Breakout_50,COP,2022-05-24,2022-06-17,93.6562,88.0516,-0.05984248030166872,17,False
Breakout_50,COP,2022-09-15,2022-09-26,101.122,87.9043,-0.13071042461042004,7,False
Breakout_50,COP,2022-10-07,2022-12-06,105.2487,105.9193,0.006370728182949037,41,True
Breakout_50,COP,2023-07-13,2023-10-03,101.0605,108.3871,0.0724978089898567,57,True
Breakout_50,COP,2023-10-19,2023-10-27,116.6768,109.2597,-0.06356925099974076,6,False
Breakout_50,COP,2024-03-20,2024-05-03,113.9015,115.1136,0.010641833205098372,31,True
Breakout_50,COP,2025-04-03,2025-04-04,97.0073,89.0499,-0.08202944128165868,1,False
Breakout_50,COP,2025-08-26,2025-09-08,95.9462,91.463,-0.0467261720347798,8,False
Breakout_50,COP,2025-12-11,2026-04-20,95.4175,116.84,0.22451386113689065,87,True
Breakout_100,COP,2020-11-24,2021-01-27,36.533,33.9638,-0.07032651970346682,42,False
Breakout_100,COP,2021-02-17,2021-04-12,41.1426,43.2837,0.05204311353422986,37,True
Breakout_100,COP,2021-07-02,2021-07-15,52.6481,48.0458,-0.0874157855344988,8,False
Breakout_100,COP,2021-09-24,2021-11-22,54.1803,59.5043,0.09826542602001043,41,True
Breakout_100,COP,2022-01-07,2022-04-25,67.578,80.3251,0.1886281677375552,73,True
Breakout_100,COP,2022-05-09,2022-05-10,90.8364,85.4037,-0.059807766663514506,1,False
Breakout_100,COP,2022-05-24,2022-06-17,93.6562,88.0516,-0.05984248030166872,17,False
Breakout_100,COP,2022-10-14,2022-12-06,107.8769,105.9193,-0.018146613706697456,36,False
Breakout_100,COP,2023-07-14,2023-10-03,101.226,108.3871,0.07074391942629443,56,True
Breakout_100,COP,2023-10-19,2023-10-27,116.6768,109.2597,-0.06356925099974076,6,False
Breakout_100,COP,2024-03-20,2024-05-03,113.9015,115.1136,0.010641833205098372,31,True
Breakout_100,COP,2025-09-02,2025-09-08,97.4307,91.463,-0.06125129228790671,4,False
Breakout_100,COP,2026-01-06,2026-04-20,99.4263,116.84,0.17514233820190306,71,True
Breakout_50_noSMA,COP,2020-06-04,2020-06-25,36.2111,32.9531,-0.08997286546742322,15,False
Breakout_50_noSMA,COP,2020-11-17,2021-01-27,31.0962,33.9638,0.09221765821515726,47,True
Breakout_50_noSMA,COP,2021-02-17,2021-04-12,41.1426,43.2837,0.05204311353422986,37,True
Breakout_50_noSMA,COP,2021-06-03,2021-07-15,49.4956,48.0458,-0.029291655899730595,29,False
Breakout_50_noSMA,COP,2021-09-23,2021-11-22,52.8723,59.5043,0.1254355470206696,42,True
Breakout_50_noSMA,COP,2022-01-07,2022-04-25,67.578,80.3251,0.1886281677375552,73,True
Breakout_50_noSMA,COP,2022-05-09,2022-05-10,90.8364,85.4037,-0.059807766663514506,1,False
Breakout_50_noSMA,COP,2022-05-24,2022-06-17,93.6562,88.0516,-0.05984248030166872,17,False
Breakout_50_noSMA,COP,2022-09-15,2022-09-26,101.122,87.9043,-0.13071042461042004,7,False
Breakout_50_noSMA,COP,2022-10-07,2022-12-06,105.2487,105.9193,0.006370728182949037,41,True
Breakout_50_noSMA,COP,2023-07-12,2023-10-03,99.9109,108.3871,0.08483769297854815,58,True
Breakout_50_noSMA,COP,2023-10-19,2023-10-27,116.6768,109.2597,-0.06356925099974076,6,False
Breakout_50_noSMA,COP,2024-03-20,2024-05-03,113.9015,115.1136,0.010641833205098372,31,True
Breakout_50_noSMA,COP,2025-04-03,2025-04-04,97.0073,89.0499,-0.08202944128165868,1,False
Breakout_50_noSMA,COP,2025-08-26,2025-09-08,95.9462,91.463,-0.0467261720347798,8,False
Breakout_50_noSMA,COP,2025-12-11,2026-04-20,95.4175,116.84,0.22451386113689065,87,True
Breakout_50,COST,2020-07-08,2020-09-21,290.8262,306.9184,0.055332905871584126,52,True
Breakout_50,COST,2020-10-09,2020-12-21,336.354,344.9678,0.02560930601794076,50,True
Breakout_50,COST,2021-04-16,2021-10-04,350.0135,426.1725,0.21758870803266483,118,True
Breakout_50,COST,2021-10-22,2022-01-11,455.3071,493.9466,0.08486468875549136,55,True
Breakout_50,COST,2022-03-30,2022-05-02,544.4221,508.3269,-0.06629999800534281,22,False
Breakout_50,COST,2022-07-22,2022-09-06,506.8752,497.6565,-0.018187363037842852,31,False
Breakout_50,COST,2022-11-23,2022-12-06,511.8202,470.2803,-0.08116107957075502,8,False
Breakout_50,COST,2023-04-25,2023-05-04,490.7528,470.4265,-0.041418497774941554,7,False
Breakout_50,COST,2023-06-09,2023-08-22,498.569,521.439,0.04587131971863201,50,True
Breakout_50,COST,2023-11-13,2024-04-02,555.2904,712.1775,0.28253152900158307,95,True
Breakout_50,COST,2024-05-13,2024-07-25,780.6898,828.0363,0.06064712780814041,50,True
Breakout_50,COST,2024-08-28,2024-10-08,903.7939,869.8034,-0.03760865587907547,28,False
Breakout_50,COST,2024-11-11,2024-12-31,937.6198,917.6018,-0.02134982501462257,34,False
Breakout_50,COST,2025-02-05,2025-03-10,1013.3208,950.2621,-0.062229787121665936,22,False
Breakout_50,COST,2025-05-20,2025-06-16,1025.7306,988.2071,-0.03658216367792666,18,False
Breakout_50,COST,2026-01-15,2026-03-20,953.2377,975.08,0.022913825040215885,44,True
Breakout_50,COST,2026-04-09,2026-04-14,1029.49,973.68,-0.05421130665475238,3,False
Breakout_100,COST,2020-07-10,2020-09-21,298.9511,306.9184,0.026651028278865896,50,True
Breakout_100,COST,2020-10-09,2020-12-21,336.354,344.9678,0.02560930601794076,50,True
Breakout_100,COST,2021-05-07,2021-10-04,363.2206,426.1725,0.17331586065589777,103,True
Breakout_100,COST,2021-10-22,2022-01-11,455.3071,493.9466,0.08486468875549136,55,True
Breakout_100,COST,2022-03-31,2022-05-02,551.812,508.3269,-0.0788041914401606,21,False
Breakout_100,COST,2023-06-16,2023-08-22,510.028,521.439,0.022373329634758576,45,True
Breakout_100,COST,2023-11-13,2024-04-02,555.2904,712.1775,0.28253152900158307,95,True
Breakout_100,COST,2024-05-13,2024-07-25,780.6898,828.0363,0.06064712780814041,50,True
Breakout_100,COST,2024-08-28,2024-10-08,903.7939,869.8034,-0.03760865587907547,28,False
Breakout_100,COST,2024-11-11,2024-12-31,937.6198,917.6018,-0.02134982501462257,34,False
Breakout_100,COST,2025-02-05,2025-03-10,1013.3208,950.2621,-0.062229787121665936,22,False
Breakout_100,COST,2026-01-22,2026-03-20,976.5559,975.08,-0.001511294787729267,40,False
Breakout_100,COST,2026-04-09,2026-04-14,1029.49,973.68,-0.05421130665475238,3,False
Breakout_50_noSMA,COST,2020-07-08,2020-09-21,290.8262,306.9184,0.055332905871584126,52,True
Breakout_50_noSMA,COST,2020-10-09,2020-12-21,336.354,344.9678,0.02560930601794076,50,True
Breakout_50_noSMA,COST,2021-04-16,2021-10-04,350.0135,426.1725,0.21758870803266483,118,True
Breakout_50_noSMA,COST,2021-10-22,2022-01-11,455.3071,493.9466,0.08486468875549136,55,True
Breakout_50_noSMA,COST,2022-03-30,2022-05-02,544.4221,508.3269,-0.06629999800534281,22,False
Breakout_50_noSMA,COST,2022-07-22,2022-09-06,506.8752,497.6565,-0.018187363037842852,31,False
Breakout_50_noSMA,COST,2022-11-23,2022-12-06,511.8202,470.2803,-0.08116107957075502,8,False
Breakout_50_noSMA,COST,2023-04-25,2023-05-04,490.7528,470.4265,-0.041418497774941554,7,False
Breakout_50_noSMA,COST,2023-06-09,2023-08-22,498.569,521.439,0.04587131971863201,50,True
Breakout_50_noSMA,COST,2023-11-13,2024-04-02,555.2904,712.1775,0.28253152900158307,95,True
Breakout_50_noSMA,COST,2024-05-13,2024-07-25,780.6898,828.0363,0.06064712780814041,50,True
Breakout_50_noSMA,COST,2024-08-28,2024-10-08,903.7939,869.8034,-0.03760865587907547,28,False
Breakout_50_noSMA,COST,2024-11-11,2024-12-31,937.6198,917.6018,-0.02134982501462257,34,False
Breakout_50_noSMA,COST,2025-02-05,2025-03-10,1013.3208,950.2621,-0.062229787121665936,22,False
Breakout_50_noSMA,COST,2025-05-20,2025-06-16,1025.7306,988.2071,-0.03658216367792666,18,False
Breakout_50_noSMA,COST,2026-01-15,2026-03-20,953.2377,975.08,0.022913825040215885,44,True
Breakout_50_noSMA,COST,2026-04-09,2026-04-14,1029.49,973.68,-0.05421130665475238,3,False
Breakout_50,CPB,2020-03-05,2020-03-13,42.0551,38.7353,-0.07893762068514276,6,False
Breakout_50,CPB,2020-03-18,2020-03-20,42.6935,37.6102,-0.11906564323806779,2,False
Breakout_50,CPB,2020-08-17,2020-09-04,41.8219,39.6033,-0.0530494963319208,14,False
Breakout_50,CPB,2020-11-17,2020-12-08,40.38,39.4665,-0.02262197463485094,14,False
Breakout_50,CPB,2021-01-28,2021-02-03,42.7409,38.7545,-0.09326900813531935,4,False
Breakout_50,CPB,2022-01-06,2022-02-07,37.7081,36.689,-0.027027084454712025,21,False
Breakout_50,CPB,2022-04-12,2022-06-03,39.0578,39.229,0.004384745744563379,36,True
Breakout_50,CPB,2022-08-22,2022-09-06,44.3043,42.5008,-0.04070886996535328,10,False
Breakout_50,CPB,2022-10-27,2022-11-14,44.9525,42.7087,-0.049913040286164945,12,False
Breakout_50,CPB,2022-12-01,2023-01-19,46.6396,46.0383,-0.012893597829968018,32,False
Breakout_50,CPB,2023-04-06,2023-05-16,48.9766,47.02,-0.0399495248319226,27,False
Breakout_50,CPB,2024-04-23,2024-05-29,41.141,40.1653,-0.0237145952465887,25,False
Breakout_50,CPB,2024-07-18,2024-09-30,43.5464,45.4401,0.043487573056409934,51,True
Breakout_100,CPB,2020-03-05,2020-03-13,42.0551,38.7353,-0.07893762068514276,6,False
Breakout_100,CPB,2020-03-18,2020-03-20,42.6935,37.6102,-0.11906564323806779,2,False
Breakout_100,CPB,2021-01-28,2021-02-03,42.7409,38.7545,-0.09326900813531935,4,False
Breakout_100,CPB,2022-01-06,2022-02-07,37.7081,36.689,-0.027027084454712025,21,False
Breakout_100,CPB,2022-04-21,2022-06-03,40.368,39.229,-0.028214004852198493,30,False
Breakout_100,CPB,2022-10-27,2022-11-14,44.9525,42.7087,-0.049913040286164945,12,False
Breakout_100,CPB,2022-12-01,2023-01-19,46.6396,46.0383,-0.012893597829968018,32,False
Breakout_100,CPB,2024-04-23,2024-05-29,41.141,40.1653,-0.0237145952465887,25,False
Breakout_100,CPB,2024-07-18,2024-09-30,43.5464,45.4401,0.043487573056409934,51,True
Breakout_50_noSMA,CPB,2020-03-05,2020-03-13,42.0551,38.7353,-0.07893762068514276,6,False
Breakout_50_noSMA,CPB,2020-03-18,2020-03-20,42.6935,37.6102,-0.11906564323806779,2,False
Breakout_50_noSMA,CPB,2020-08-17,2020-09-04,41.8219,39.6033,-0.0530494963319208,14,False
Breakout_50_noSMA,CPB,2020-11-17,2020-12-08,40.38,39.4665,-0.02262197463485094,14,False
Breakout_50_noSMA,CPB,2021-01-28,2021-02-03,42.7409,38.7545,-0.09326900813531935,4,False
Breakout_50_noSMA,CPB,2021-12-14,2022-02-07,36.8108,36.689,-0.0033093725635992,37,False
Breakout_50_noSMA,CPB,2022-04-12,2022-06-03,39.0578,39.229,0.004384745744563379,36,True
Breakout_50_noSMA,CPB,2022-08-22,2022-09-06,44.3043,42.5008,-0.04070886996535328,10,False
Breakout_50_noSMA,CPB,2022-10-27,2022-11-14,44.9525,42.7087,-0.049913040286164945,12,False
Breakout_50_noSMA,CPB,2022-12-01,2023-01-19,46.6396,46.0383,-0.012893597829968018,32,False
Breakout_50_noSMA,CPB,2023-04-06,2023-05-16,48.9766,47.02,-0.0399495248319226,27,False
Breakout_50_noSMA,CPB,2023-12-07,2024-02-09,38.9005,38.8271,-0.0018885423487744468,43,False
Breakout_50_noSMA,CPB,2024-04-23,2024-05-29,41.141,40.1653,-0.0237145952465887,25,False
Breakout_50_noSMA,CPB,2024-07-18,2024-09-30,43.5464,45.4401,0.043487573056409934,51,True
Breakout_50_noSMA,CPB,2025-09-04,2025-09-26,32.2615,30.789,-0.045643237831203165,16,False
Breakout_50,CRM,2020-05-12,2020-10-27,180.3522,244.4117,0.355191101501362,117,True
Breakout_50,CRM,2021-02-17,2021-03-01,244.9931,216.7182,-0.11541089574676,8,False
Breakout_50,CRM,2021-06-15,2021-08-12,241.662,238.9912,-0.011051819169503041,41,False
Breakout_50,CRM,2021-08-24,2021-11-29,258.1302,285.3308,0.10537549865852824,67,True
Breakout_50,CRM,2023-02-01,2023-08-04,165.3031,213.2788,0.2902284501806627,127,True
Breakout_50,CRM,2023-11-30,2024-04-05,245.4465,289.6706,0.18017835317618203,86,True
Breakout_50,CRM,2024-09-26,2025-01-08,273.3428,324.8019,0.18825882327850563,71,True
Breakout_100,CRM,2020-07-07,2020-10-27,194.8001,244.4117,0.25467949671298884,79,True
Breakout_100,CRM,2021-08-24,2021-11-29,258.1302,285.3308,0.10537549865852824,67,True
Breakout_100,CRM,2023-02-01,2023-08-04,165.3031,213.2788,0.2902284501806627,127,True
Breakout_100,CRM,2023-12-01,2024-04-05,246.3827,289.6706,0.17569377208008952,85,True
Breakout_100,CRM,2024-10-09,2025-01-08,287.8844,324.8019,0.12823731435729657,62,True
Breakout_50_noSMA,CRM,2020-05-12,2020-10-27,180.3522,244.4117,0.355191101501362,117,True
Breakout_50_noSMA,CRM,2021-02-17,2021-03-01,244.9931,216.7182,-0.11541089574676,8,False
Breakout_50_noSMA,CRM,2021-06-15,2021-08-12,241.662,238.9912,-0.011051819169503041,41,False
Breakout_50_noSMA,CRM,2021-08-24,2021-11-29,258.1302,285.3308,0.10537549865852824,67,True
Breakout_50_noSMA,CRM,2023-02-01,2023-08-04,165.3031,213.2788,0.2902284501806627,127,True
Breakout_50_noSMA,CRM,2023-11-30,2024-04-05,245.4465,289.6706,0.18017835317618203,86,True
Breakout_50_noSMA,CRM,2024-09-26,2025-01-08,273.3428,324.8019,0.18825882327850563,71,True
Breakout_50_noSMA,CRM,2025-10-22,2025-11-07,261.1244,235.1812,-0.09935175233263605,12,False
Breakout_50,CRWD,2020-04-21,2020-08-10,68.66,102.81,0.4973782708277126,77,True
Breakout_50,CRWD,2020-09-01,2020-10-29,134.44,132.36,-0.015471599176452133,41,False
Breakout_50,CRWD,2020-12-04,2021-02-25,160.36,216.43,0.3496507349215503,55,True
Breakout_50,CRWD,2021-06-11,2021-08-12,226.61,240.0,0.05908829863458709,43,True
Breakout_50,CRWD,2021-08-27,2021-09-14,279.545,256.04,-0.08408307697782924,11,False
Breakout_50,CRWD,2022-04-14,2022-04-27,238.02,200.09,-0.15935638708396926,8,False
Breakout_50,CRWD,2022-08-11,2022-09-01,204.0,178.45,-0.1252451129988128,15,False
Breakout_50,CRWD,2023-05-19,2023-08-07,142.74,151.26,0.05968886567038778,53,True
Breakout_50,CRWD,2023-09-12,2024-04-05,170.44,309.72,0.8171790470795051,142,True
Breakout_50,CRWD,2024-05-20,2024-05-31,346.0,329.76,-0.046936387960621384,8,False
Breakout_50,CRWD,2024-06-11,2024-07-18,372.86,351.74,-0.05664323324283205,25,False
Breakout_50,CRWD,2024-10-11,2025-01-14,314.92,344.995,0.09550038234186253,63,True
Breakout_50,CRWD,2025-01-29,2025-02-26,404.35,384.69,-0.048621252294667516,19,False
Breakout_50,CRWD,2025-05-27,2025-07-18,464.0,472.31,0.01790947749696925,36,True
Breakout_50,CRWD,2025-10-09,2025-11-21,509.95,497.91,-0.02361017404983179,31,False
Breakout_100,CRWD,2020-04-21,2020-08-10,68.66,102.81,0.4973782708277126,77,True
Breakout_100,CRWD,2020-09-01,2020-10-29,134.44,132.36,-0.015471599176452133,41,False
Breakout_100,CRWD,2020-12-04,2021-02-25,160.36,216.43,0.3496507349215503,55,True
Breakout_100,CRWD,2021-06-23,2021-08-12,255.31,240.0,-0.05996630647054901,35,False
Breakout_100,CRWD,2021-08-27,2021-09-14,279.545,256.04,-0.08408307697782924,11,False
Breakout_100,CRWD,2023-05-19,2023-08-07,142.74,151.26,0.05968886567038778,53,True
Breakout_100,CRWD,2023-09-12,2024-04-05,170.44,309.72,0.8171790470795051,142,True
Breakout_100,CRWD,2024-06-11,2024-07-18,372.86,351.74,-0.05664323324283205,25,False
Breakout_100,CRWD,2024-12-17,2025-01-14,386.75,344.995,-0.10796381353021978,17,False
Breakout_100,CRWD,2025-01-29,2025-02-26,404.35,384.69,-0.048621252294667516,19,False
Breakout_100,CRWD,2025-05-28,2025-07-18,472.985,472.31,-0.001427080803563019,35,False
Breakout_100,CRWD,2025-10-24,2025-11-21,528.8,497.91,-0.05841525121773106,20,False
Breakout_50_noSMA,CRWD,2020-04-21,2020-08-10,68.66,102.81,0.4973782708277126,77,True
Breakout_50_noSMA,CRWD,2020-09-01,2020-10-29,134.44,132.36,-0.015471599176452133,41,False
Breakout_50_noSMA,CRWD,2020-12-04,2021-02-25,160.36,216.43,0.3496507349215503,55,True
Breakout_50_noSMA,CRWD,2021-06-11,2021-08-12,226.61,240.0,0.05908829863458709,43,True
Breakout_50_noSMA,CRWD,2021-08-27,2021-09-14,279.545,256.04,-0.08408307697782924,11,False
Breakout_50_noSMA,CRWD,2022-03-21,2022-04-27,203.0,200.09,-0.014334993409405805,26,False
Breakout_50_noSMA,CRWD,2022-08-04,2022-09-01,191.31,178.45,-0.06722074525359212,20,False
Breakout_50_noSMA,CRWD,2023-03-03,2023-04-26,123.3,123.82,0.004217328712053048,37,True
Breakout_50_noSMA,CRWD,2023-05-19,2023-08-07,142.74,151.26,0.05968886567038778,53,True
Breakout_50_noSMA,CRWD,2023-09-12,2024-04-05,170.44,309.72,0.8171790470795051,142,True
Breakout_50_noSMA,CRWD,2024-05-20,2024-05-31,346.0,329.76,-0.046936387960621384,8,False
Breakout_50_noSMA,CRWD,2024-06-11,2024-07-18,372.86,351.74,-0.05664323324283205,25,False
Breakout_50_noSMA,CRWD,2024-10-11,2025-01-14,314.92,344.995,0.09550038234186253,63,True
Breakout_50_noSMA,CRWD,2025-01-29,2025-02-26,404.35,384.69,-0.048621252294667516,19,False
Breakout_50_noSMA,CRWD,2025-05-27,2025-07-18,464.0,472.31,0.01790947749696925,36,True
Breakout_50_noSMA,CRWD,2025-10-09,2025-11-21,509.95,497.91,-0.02361017404983179,31,False
Breakout_50,CSX,2020-05-27,2020-06-29,22.3908,20.55,-0.08220903713523309,23,False
Breakout_50,CSX,2020-08-31,2020-10-29,23.9069,23.4392,-0.0195649087495543,42,False
Breakout_50,CSX,2020-11-05,2021-01-05,26.4872,27.2983,0.03062130497193305,40,True
Breakout_50,CSX,2021-01-08,2021-01-25,29.1558,27.2517,-0.06531005580285909,10,False
Breakout_50,CSX,2021-03-29,2021-05-21,30.5116,30.7079,0.006432901389985535,38,True
Breakout_50,CSX,2021-08-12,2021-09-07,31.8685,29.9647,-0.0597386229801572,17,False
Breakout_50,CSX,2021-10-21,2021-12-21,33.2075,33.5584,0.010567417837115345,42,True
Breakout_50,CSX,2021-12-29,2022-01-19,35.2641,33.2945,-0.05585284749500452,14,False
Breakout_50,CSX,2022-08-11,2022-09-06,32.3716,29.7126,-0.0821392284740029,17,False
Breakout_50,CSX,2022-12-01,2023-01-06,31.3619,29.6826,-0.053544184888073776,24,False
Breakout_50,CSX,2023-05-19,2023-07-24,31.1776,31.1067,-0.002273335434089252,43,False
Breakout_50,CSX,2023-11-21,2024-03-27,30.958,35.2794,0.1395885361650968,86,True
Breakout_50,CSX,2024-07-16,2024-07-25,33.7117,32.4646,-0.03699410954427029,7,False
Breakout_50,CSX,2024-10-15,2024-10-18,34.6331,32.4624,-0.06267628617103804,3,False
Breakout_50,CSX,2024-11-07,2024-12-06,35.826,33.9819,-0.05147346145913956,20,False
Breakout_50,CSX,2025-06-09,2025-08-26,31.9873,31.9576,-0.0009276250928652585,54,False
Breakout_50,CSX,2025-12-11,2026-01-08,36.9882,34.7256,-0.06116948071203643,18,False
Breakout_50,CSX,2026-01-28,2026-03-20,37.5264,38.48,0.02541100759408943,36,True
Breakout_100,CSX,2020-08-31,2020-10-29,23.9069,23.4392,-0.0195649087495543,42,False
Breakout_100,CSX,2020-11-05,2021-01-05,26.4872,27.2983,0.03062130497193305,40,True
Breakout_100,CSX,2021-01-08,2021-01-25,29.1558,27.2517,-0.06531005580285909,10,False
Breakout_100,CSX,2021-03-29,2021-05-21,30.5116,30.7079,0.006432901389985535,38,True
Breakout_100,CSX,2021-10-21,2021-12-21,33.2075,33.5584,0.010567417837115345,42,True
Breakout_100,CSX,2021-12-29,2022-01-19,35.2641,33.2945,-0.05585284749500452,14,False
Breakout_100,CSX,2023-06-15,2023-07-24,31.8179,31.1067,-0.02234973318009581,25,False
Breakout_100,CSX,2023-12-15,2024-03-27,32.6711,35.2794,0.07983540753802099,69,True
Breakout_100,CSX,2024-11-07,2024-12-06,35.826,33.9819,-0.05147346145913956,20,False
Breakout_100,CSX,2025-07-02,2025-08-26,33.0852,31.9576,-0.03408077839243384,38,False
Breakout_100,CSX,2025-12-11,2026-01-08,36.9882,34.7256,-0.06116948071203643,18,False
Breakout_100,CSX,2026-01-28,2026-03-20,37.5264,38.48,0.02541100759408943,36,True
Breakout_50_noSMA,CSX,2020-05-27,2020-06-29,22.3908,20.55,-0.08220903713523309,23,False
Breakout_50_noSMA,CSX,2020-08-31,2020-10-29,23.9069,23.4392,-0.0195649087495543,42,False
Breakout_50_noSMA,CSX,2020-11-05,2021-01-05,26.4872,27.2983,0.03062130497193305,40,True
Breakout_50_noSMA,CSX,2021-01-08,2021-01-25,29.1558,27.2517,-0.06531005580285909,10,False
Breakout_50_noSMA,CSX,2021-03-29,2021-05-21,30.5116,30.7079,0.006432901389985535,38,True
Breakout_50_noSMA,CSX,2021-08-12,2021-09-07,31.8685,29.9647,-0.0597386229801572,17,False
Breakout_50_noSMA,CSX,2021-10-21,2021-12-21,33.2075,33.5584,0.010567417837115345,42,True
Breakout_50_noSMA,CSX,2021-12-29,2022-01-19,35.2641,33.2945,-0.05585284749500452,14,False
Breakout_50_noSMA,CSX,2022-08-05,2022-09-06,30.8545,29.7126,-0.03700777004964684,21,False
Breakout_50_noSMA,CSX,2022-12-01,2023-01-06,31.3619,29.6826,-0.053544184888073776,24,False
Breakout_50_noSMA,CSX,2023-05-19,2023-07-24,31.1776,31.1067,-0.002273335434089252,43,False
Breakout_50_noSMA,CSX,2023-11-21,2024-03-27,30.958,35.2794,0.1395885361650968,86,True
Breakout_50_noSMA,CSX,2024-07-16,2024-07-25,33.7117,32.4646,-0.03699410954427029,7,False
Breakout_50_noSMA,CSX,2024-10-15,2024-10-18,34.6331,32.4624,-0.06267628617103804,3,False
Breakout_50_noSMA,CSX,2024-11-07,2024-12-06,35.826,33.9819,-0.05147346145913956,20,False
Breakout_50_noSMA,CSX,2025-05-28,2025-08-26,31.0276,31.9576,0.029975759768820387,62,True
Breakout_50_noSMA,CSX,2025-12-11,2026-01-08,36.9882,34.7256,-0.06116948071203643,18,False
Breakout_50_noSMA,CSX,2026-01-28,2026-03-20,37.5264,38.48,0.02541100759408943,36,True
Breakout_50,CTRA,2020-04-20,2020-05-18,15.3274,14.2868,-0.06789297382199921,20,False
Breakout_50,CTRA,2020-06-09,2020-06-16,16.6743,14.931,-0.10454576078081323,5,False
Breakout_50,CTRA,2021-01-13,2021-02-10,14.2624,13.5844,-0.04754190458812124,19,False
Breakout_50,CTRA,2021-09-09,2021-11-11,14.3955,16.1938,0.12492080110416426,45,True
Breakout_50,CTRA,2022-01-13,2022-01-21,17.9792,16.0896,-0.10509698923864874,5,False
Breakout_50,CTRA,2022-02-03,2022-06-16,18.6523,25.4155,0.36259646452555083,92,True
Breakout_50,CTRA,2022-09-15,2022-09-19,26.8743,24.1566,-0.10112715823802798,2,False
Breakout_50,CTRA,2023-04-12,2023-05-03,23.6468,21.7133,-0.0817659231820459,15,False
Breakout_50,CTRA,2023-07-12,2023-09-21,24.1813,24.892,0.029390575362144178,50,True
Breakout_50,CTRA,2023-10-16,2023-10-30,26.8182,25.3989,-0.0529209638049698,10,False
Breakout_50,CTRA,2024-02-22,2024-05-02,23.9623,25.314,0.056411803706462704,49,True
Breakout_50,CTRA,2024-11-14,2024-12-17,24.763,23.4299,-0.05383423883133853,22,False
Breakout_50,CTRA,2025-01-14,2025-02-27,27.4196,25.7988,-0.05911160080530087,30,False
Breakout_50,CTRA,2025-11-05,2026-01-07,25.3977,24.978,-0.01652583104025751,42,False
Breakout_50,CTRA,2026-02-05,2026-04-15,30.19,31.5,0.04339185262270595,47,True
Breakout_100,CTRA,2020-04-20,2020-05-18,15.3274,14.2868,-0.06789297382199921,20,False
Breakout_100,CTRA,2020-06-09,2020-06-16,16.6743,14.931,-0.10454576078081323,5,False
Breakout_100,CTRA,2021-09-09,2021-11-11,14.3955,16.1938,0.12492080110416426,45,True
Breakout_100,CTRA,2022-02-03,2022-06-16,18.6523,25.4155,0.36259646452555083,92,True
Breakout_100,CTRA,2023-07-12,2023-09-21,24.1813,24.892,0.029390575362144178,50,True
Breakout_100,CTRA,2023-10-16,2023-10-30,26.8182,25.3989,-0.0529209638049698,10,False
Breakout_100,CTRA,2024-04-03,2024-05-02,26.5867,25.314,-0.04787035709144838,21,False
Breakout_100,CTRA,2024-11-22,2024-12-17,26.1536,23.4299,-0.10414381161139852,16,False
Breakout_100,CTRA,2025-01-14,2025-02-27,27.4196,25.7988,-0.05911160080530087,30,False
Breakout_100,CTRA,2025-12-01,2026-01-07,26.6359,24.978,-0.06224370986235972,25,False
Breakout_100,CTRA,2026-02-05,2026-04-15,30.19,31.5,0.04339185262270595,47,True
Breakout_50_noSMA,CTRA,2020-04-20,2020-05-18,15.3274,14.2868,-0.06789297382199921,20,False
Breakout_50_noSMA,CTRA,2020-06-09,2020-06-16,16.6743,14.931,-0.10454576078081323,5,False
Breakout_50_noSMA,CTRA,2021-01-13,2021-02-10,14.2624,13.5844,-0.04754190458812124,19,False
Breakout_50_noSMA,CTRA,2021-09-09,2021-11-11,14.3955,16.1938,0.12492080110416426,45,True
Breakout_50_noSMA,CTRA,2022-01-13,2022-01-21,17.9792,16.0896,-0.10509698923864874,5,False
Breakout_50_noSMA,CTRA,2022-02-03,2022-06-16,18.6523,25.4155,0.36259646452555083,92,True
Breakout_50_noSMA,CTRA,2022-09-15,2022-09-19,26.8743,24.1566,-0.10112715823802798,2,False
Breakout_50_noSMA,CTRA,2023-03-06,2023-03-13,22.9456,21.2515,-0.07383089452043334,5,False
Breakout_50_noSMA,CTRA,2023-04-12,2023-05-03,23.6468,21.7133,-0.0817659231820459,15,False
Breakout_50_noSMA,CTRA,2023-07-12,2023-09-21,24.1813,24.892,0.029390575362144178,50,True
Breakout_50_noSMA,CTRA,2023-10-16,2023-10-30,26.8182,25.3989,-0.0529209638049698,10,False
Breakout_50_noSMA,CTRA,2024-02-22,2024-05-02,23.9623,25.314,0.056411803706462704,49,True
Breakout_50_noSMA,CTRA,2024-11-12,2024-12-17,24.1699,23.4299,-0.030618580645535243,24,False
Breakout_50_noSMA,CTRA,2025-01-14,2025-02-27,27.4196,25.7988,-0.05911160080530087,30,False
Breakout_50_noSMA,CTRA,2025-11-05,2026-01-07,25.3977,24.978,-0.01652583104025751,42,False
Breakout_50_noSMA,CTRA,2026-02-05,2026-04-15,30.19,31.5,0.04339185262270595,47,True
Breakout_50,CVS,2020-05-28,2020-06-25,54.8746,51.5838,-0.05997012455440254,20,False
Breakout_50,CVS,2020-11-09,2021-02-17,57.6956,59.1337,0.02492591015561585,67,True
Breakout_50,CVS,2021-05-04,2021-06-30,66.9355,70.5449,0.053924055152335226,40,True
Breakout_50,CVS,2021-09-03,2021-09-23,74.2539,71.7223,-0.03409486477403134,13,False
Breakout_50,CVS,2021-10-25,2022-02-18,75.2084,88.3931,0.17530967108170437,81,True
Breakout_50,CVS,2022-08-04,2022-09-22,89.0281,86.9714,-0.023101078003557207,34,False
Breakout_50,CVS,2023-12-07,2024-01-26,66.9451,66.3568,-0.008787954652806906,33,False
Breakout_50,CVS,2024-10-09,2024-10-22,61.4516,54.5461,-0.1123722517062401,9,False
Breakout_50,CVS,2025-02-13,2025-04-22,60.9781,62.5329,0.02549711900497642,46,True
Breakout_50,CVS,2025-08-19,2025-11-20,68.2276,75.894,0.11236473335047648,66,True
Breakout_50,CVS,2026-01-23,2026-01-28,81.6137,71.0068,-0.12996483356588207,3,False
Breakout_100,CVS,2020-11-10,2021-02-17,57.2357,59.1337,0.03316118802635559,66,True
Breakout_100,CVS,2021-05-04,2021-06-30,66.9355,70.5449,0.053924055152335226,40,True
Breakout_100,CVS,2021-10-25,2022-02-18,75.2084,88.3931,0.17530967108170437,81,True
Breakout_100,CVS,2023-12-21,2024-01-26,70.2303,66.3568,-0.05515505911903518,23,False
Breakout_100,CVS,2024-10-09,2024-10-22,61.4516,54.5461,-0.1123722517062401,9,False
Breakout_100,CVS,2025-02-14,2025-04-22,63.8714,62.5329,-0.020955954264586074,45,False
Breakout_100,CVS,2025-09-02,2025-11-20,71.1728,75.894,0.06633360530554633,57,True
Breakout_50_noSMA,CVS,2020-05-28,2020-06-25,54.8746,51.5838,-0.05997012455440254,20,False
Breakout_50_noSMA,CVS,2020-11-09,2021-02-17,57.6956,59.1337,0.02492591015561585,67,True
Breakout_50_noSMA,CVS,2021-05-04,2021-06-30,66.9355,70.5449,0.053924055152335226,40,True
Breakout_50_noSMA,CVS,2021-09-03,2021-09-23,74.2539,71.7223,-0.03409486477403134,13,False
Breakout_50_noSMA,CVS,2021-10-25,2022-02-18,75.2084,88.3931,0.17530967108170437,81,True
Breakout_50_noSMA,CVS,2022-08-04,2022-09-22,89.0281,86.9714,-0.023101078003557207,34,False
Breakout_50_noSMA,CVS,2023-07-20,2023-08-18,66.501,59.9415,-0.09863722670019992,21,False
Breakout_50_noSMA,CVS,2023-12-07,2024-01-26,66.9451,66.3568,-0.008787954652806906,33,False
Breakout_50_noSMA,CVS,2024-07-30,2024-08-06,57.5071,53.7958,-0.06453711822857877,5,False
Breakout_50_noSMA,CVS,2024-10-07,2024-10-22,59.9316,54.5461,-0.08986039746276164,11,False
Breakout_50_noSMA,CVS,2025-02-13,2025-04-22,60.9781,62.5329,0.02549711900497642,46,True
Breakout_50_noSMA,CVS,2025-08-19,2025-11-20,68.2276,75.894,0.11236473335047648,66,True
Breakout_50_noSMA,CVS,2026-01-23,2026-01-28,81.6137,71.0068,-0.12996483356588207,3,False
Breakout_50,CVX,2020-06-09,2020-06-25,78.3341,67.9181,-0.1329691584960635,12,False
Breakout_50,CVX,2020-11-17,2021-01-28,69.1824,71.0,0.02627311294411605,48,True
Breakout_50,CVX,2021-02-18,2021-04-21,77.7529,81.472,0.0478330355682377,43,True
Breakout_50,CVX,2021-09-28,2022-04-26,86.5635,135.2413,0.5623359469446088,145,True
Breakout_50,CVX,2022-05-26,2022-06-14,151.5244,145.4115,-0.04034230466052324,12,False
Breakout_50,CVX,2022-10-20,2022-12-12,146.6721,147.4837,0.005532972170717576,36,True
Breakout_50,CVX,2023-09-05,2023-10-09,148.4109,149.3986,0.0066553135038436295,24,True
Breakout_50,CVX,2024-02-16,2024-03-07,142.5131,136.2116,-0.04421707433432975,13,False
Breakout_50,CVX,2024-04-01,2024-05-23,145.1731,146.3148,0.007863989642215241,38,True
Breakout_50,CVX,2024-11-04,2024-12-16,144.6732,145.6474,0.006733800400656076,29,True
Breakout_50,CVX,2025-03-19,2025-04-04,154.038,145.2246,-0.057215566869718515,12,False
Breakout_50,CVX,2025-07-09,2025-10-01,148.1364,151.6365,0.023627423110190948,59,True
Breakout_50,CVX,2026-01-06,2026-04-13,163.2827,191.45,0.1725062037778673,66,True
Breakout_100,CVX,2020-11-24,2021-01-28,74.7794,71.0,-0.05054062912519608,43,False
Breakout_100,CVX,2021-02-18,2021-04-21,77.7529,81.472,0.0478330355682377,43,True
Breakout_100,CVX,2021-10-20,2022-04-26,92.5449,135.2413,0.46135857677250813,129,True
Breakout_100,CVX,2022-05-26,2022-06-14,151.5244,145.4115,-0.04034230466052324,12,False
Breakout_100,CVX,2022-11-08,2022-12-12,160.551,147.4837,-0.08139053009545272,23,False
Breakout_100,CVX,2023-09-28,2023-10-09,153.143,149.3986,-0.024450375852382855,7,False
Breakout_100,CVX,2024-04-01,2024-05-23,145.1731,146.3148,0.007863989642215241,38,True
Breakout_100,CVX,2024-11-22,2024-12-16,152.8593,145.6474,-0.04717967904939813,15,False
Breakout_100,CVX,2025-03-20,2025-04-04,156.105,145.2246,-0.06969897298293037,11,False
Breakout_100,CVX,2025-09-02,2025-10-01,157.17,151.6365,-0.03520684435867638,21,False
Breakout_100,CVX,2026-01-06,2026-04-13,163.2827,191.45,0.1725062037778673,66,True
Breakout_50_noSMA,CVX,2020-06-03,2020-06-25,74.6547,67.9181,-0.09023691564612535,16,False
Breakout_50_noSMA,CVX,2020-11-17,2021-01-28,69.1824,71.0,0.02627311294411605,48,True
Breakout_50_noSMA,CVX,2021-02-18,2021-04-21,77.7529,81.472,0.0478330355682377,43,True
Breakout_50_noSMA,CVX,2021-09-28,2022-04-26,86.5635,135.2413,0.5623359469446088,145,True
Breakout_50_noSMA,CVX,2022-05-26,2022-06-14,151.5244,145.4115,-0.04034230466052324,12,False
Breakout_50_noSMA,CVX,2022-10-20,2022-12-12,146.6721,147.4837,0.005532972170717576,36,True
Breakout_50_noSMA,CVX,2023-07-25,2023-10-09,144.001,149.3986,0.037483531583578866,53,True
Breakout_50_noSMA,CVX,2024-02-16,2024-03-07,142.5131,136.2116,-0.04421707433432975,13,False
Breakout_50_noSMA,CVX,2024-04-01,2024-05-23,145.1731,146.3148,0.007863989642215241,38,True
Breakout_50_noSMA,CVX,2024-11-04,2024-12-16,144.6732,145.6474,0.006733800400656076,29,True
Breakout_50_noSMA,CVX,2025-03-19,2025-04-04,154.038,145.2246,-0.057215566869718515,12,False
Breakout_50_noSMA,CVX,2025-07-09,2025-10-01,148.1364,151.6365,0.023627423110190948,59,True
Breakout_50_noSMA,CVX,2026-01-06,2026-04-13,163.2827,191.45,0.1725062037778673,66,True
Breakout_50,D,2020-05-29,2020-06-29,63.8657,62.465,-0.02193065615139589,21,False
Breakout_50,D,2021-03-30,2021-05-25,61.0557,61.6969,0.010501579862055133,39,True
Breakout_50,D,2021-08-20,2021-09-15,64.0363,61.8792,-0.03368513363544523,17,False
Breakout_50,D,2021-12-16,2022-02-16,64.1112,64.218,0.0016663784199246745,42,True
Breakout_50,D,2022-03-07,2022-05-02,68.5869,67.9487,-0.009305460555464773,39,False
Breakout_50,D,2022-08-16,2022-09-16,70.7846,68.1158,-0.03770332918915409,22,False
Breakout_50,D,2023-12-14,2024-01-18,44.9675,41.2562,-0.08253387896605724,22,False
Breakout_50,D,2024-04-10,2024-04-17,44.0576,43.1281,-0.021096097962926996,5,False
Breakout_50,D,2024-04-22,2024-06-14,45.2513,46.5062,0.027733717476813746,38,True
Breakout_50,D,2024-08-02,2024-10-11,51.7474,51.8198,0.0013989509398044664,49,True
Breakout_50,D,2024-10-17,2024-11-05,56.5732,53.6408,-0.05183236420553128,13,False
Breakout_50,D,2025-02-24,2025-03-06,54.3989,51.6859,-0.049873734071159914,8,False
Breakout_50,D,2025-05-21,2025-06-18,55.1169,52.2532,-0.051958025261095164,19,False
Breakout_50,D,2025-08-04,2025-09-04,58.6566,57.4862,-0.01995375423974055,22,False
Breakout_50,D,2025-11-28,2025-12-03,61.2582,59.2036,-0.03354097721533966,3,False
Breakout_50,D,2026-02-05,2026-03-20,61.9003,61.1,-0.01292937755940271,30,False
Breakout_100,D,2021-04-21,2021-05-25,64.7184,61.6969,-0.04668726118638877,24,False
Breakout_100,D,2022-02-03,2022-02-16,66.7824,64.218,-0.03840006581253119,9,False
Breakout_100,D,2022-03-07,2022-05-02,68.5869,67.9487,-0.009305460555464773,39,False
Breakout_100,D,2024-04-23,2024-06-14,45.8891,46.5062,0.013448130718680895,37,True
Breakout_100,D,2024-08-02,2024-10-11,51.7474,51.8198,0.0013989509398044664,49,True
Breakout_100,D,2024-10-17,2024-11-05,56.5732,53.6408,-0.05183236420553128,13,False
Breakout_100,D,2025-05-21,2025-06-18,55.1169,52.2532,-0.051958025261095164,19,False
Breakout_100,D,2025-08-04,2025-09-04,58.6566,57.4862,-0.01995375423974055,22,False
Breakout_100,D,2025-11-28,2025-12-03,61.2582,59.2036,-0.03354097721533966,3,False
Breakout_100,D,2026-02-05,2026-03-20,61.9003,61.1,-0.01292937755940271,30,False
Breakout_50_noSMA,D,2020-05-29,2020-06-29,63.8657,62.465,-0.02193065615139589,21,False
Breakout_50_noSMA,D,2021-03-26,2021-05-25,60.2863,61.6969,0.023397828794099906,41,True
Breakout_50_noSMA,D,2021-08-20,2021-09-15,64.0363,61.8792,-0.03368513363544523,17,False
Breakout_50_noSMA,D,2021-12-16,2022-02-16,64.1112,64.218,0.0016663784199246745,42,True
Breakout_50_noSMA,D,2022-03-07,2022-05-02,68.5869,67.9487,-0.009305460555464773,39,False
Breakout_50_noSMA,D,2022-08-16,2022-09-16,70.7846,68.1158,-0.03770332918915409,22,False
Breakout_50_noSMA,D,2023-12-12,2024-01-18,42.8468,41.2562,-0.03712252806923966,24,False
Breakout_50_noSMA,D,2024-04-10,2024-04-17,44.0576,43.1281,-0.021096097962926996,5,False
Breakout_50_noSMA,D,2024-04-22,2024-06-14,45.2513,46.5062,0.027733717476813746,38,True
Breakout_50_noSMA,D,2024-08-02,2024-10-11,51.7474,51.8198,0.0013989509398044664,49,True
Breakout_50_noSMA,D,2024-10-17,2024-11-05,56.5732,53.6408,-0.05183236420553128,13,False
Breakout_50_noSMA,D,2025-02-24,2025-03-06,54.3989,51.6859,-0.049873734071159914,8,False
Breakout_50_noSMA,D,2025-05-21,2025-06-18,55.1169,52.2532,-0.051958025261095164,19,False
Breakout_50_noSMA,D,2025-08-04,2025-09-04,58.6566,57.4862,-0.01995375423974055,22,False
Breakout_50_noSMA,D,2025-11-28,2025-12-03,61.2582,59.2036,-0.03354097721533966,3,False
Breakout_50_noSMA,D,2026-02-05,2026-03-20,61.9003,61.1,-0.01292937755940271,30,False
Breakout_50,DD,2020-06-08,2020-08-04,21.2198,19.7336,-0.07003670986242527,40,False
Breakout_50,DD,2020-09-03,2020-09-22,22.6087,21.1843,-0.06300015547457993,12,False
Breakout_50,DD,2020-11-10,2021-02-10,23.3322,28.1461,0.20631991165565178,62,True
Breakout_50,DD,2021-05-06,2021-06-17,30.7846,30.6017,-0.005940554996002101,29,False
Breakout_50,DD,2021-11-03,2021-12-21,30.404,29.2499,-0.03795842646332337,33,False
Breakout_50,DD,2022-01-05,2022-01-21,31.7653,30.1653,-0.05036920580557891,11,False
Breakout_50,DD,2022-11-09,2023-03-07,25.8113,28.5861,0.1075055118270789,79,True
Breakout_50,DD,2023-07-19,2023-09-14,29.6229,29.8522,0.007739486572999388,40,True
Breakout_50,DD,2023-12-27,2024-01-25,30.5319,25.8461,-0.15347314509530108,19,False
Breakout_50,DD,2024-03-28,2024-05-01,30.7518,30.949,0.006411064765304619,23,True
Breakout_50,DD,2024-05-02,2024-07-10,31.7738,31.8897,0.003648141633973978,46,True
Breakout_50,DD,2024-08-01,2024-08-05,33.9836,31.4329,-0.07505620079041675,2,False
Breakout_50,DD,2024-09-25,2024-10-28,35.3736,34.1067,-0.0358169290620548,23,False
Breakout_50,DD,2025-07-10,2025-08-04,31.1594,29.0601,-0.06737256521620916,17,False
Breakout_50,DD,2025-10-03,2025-10-13,33.6592,30.989,-0.07932986298250466,6,False
Breakout_50,DD,2025-11-05,2026-03-09,37.7355,44.18,0.1707817467742434,83,True
Breakout_100,DD,2020-09-03,2020-09-22,22.6087,21.1843,-0.06300015547457993,12,False
Breakout_100,DD,2020-11-10,2021-02-10,23.3322,28.1461,0.20631991165565178,62,True
Breakout_100,DD,2022-01-05,2022-01-21,31.7653,30.1653,-0.05036920580557891,11,False
Breakout_100,DD,2022-11-09,2023-03-07,25.8113,28.5861,0.1075055118270789,79,True
Breakout_100,DD,2023-07-20,2023-09-14,29.9439,29.8522,-0.003063392323256253,39,False
Breakout_100,DD,2024-05-02,2024-07-10,31.7738,31.8897,0.003648141633973978,46,True
Breakout_100,DD,2024-08-01,2024-08-05,33.9836,31.4329,-0.07505620079041675,2,False
Breakout_100,DD,2024-09-25,2024-10-28,35.3736,34.1067,-0.0358169290620548,23,False
Breakout_100,DD,2025-10-03,2025-10-13,33.6592,30.989,-0.07932986298250466,6,False
Breakout_100,DD,2025-11-05,2026-03-09,37.7355,44.18,0.1707817467742434,83,True
Breakout_50_noSMA,DD,2020-05-27,2020-08-04,18.9864,19.7336,0.039353360522304426,48,True
Breakout_50_noSMA,DD,2020-09-03,2020-09-22,22.6087,21.1843,-0.06300015547457993,12,False
Breakout_50_noSMA,DD,2020-11-10,2021-02-10,23.3322,28.1461,0.20631991165565178,62,True
Breakout_50_noSMA,DD,2021-05-06,2021-06-17,30.7846,30.6017,-0.005940554996002101,29,False
Breakout_50_noSMA,DD,2021-11-03,2021-12-21,30.404,29.2499,-0.03795842646332337,33,False
Breakout_50_noSMA,DD,2022-01-05,2022-01-21,31.7653,30.1653,-0.05036920580557891,11,False
Breakout_50_noSMA,DD,2022-11-09,2023-03-07,25.8113,28.5861,0.1075055118270789,79,True
Breakout_50_noSMA,DD,2023-07-19,2023-09-14,29.6229,29.8522,0.007739486572999388,40,True
Breakout_50_noSMA,DD,2023-12-27,2024-01-25,30.5319,25.8461,-0.15347314509530108,19,False
Breakout_50_noSMA,DD,2024-03-28,2024-05-01,30.7518,30.949,0.006411064765304619,23,True
Breakout_50_noSMA,DD,2024-05-02,2024-07-10,31.7738,31.8897,0.003648141633973978,46,True
Breakout_50_noSMA,DD,2024-08-01,2024-08-05,33.9836,31.4329,-0.07505620079041675,2,False
Breakout_50_noSMA,DD,2024-09-25,2024-10-28,35.3736,34.1067,-0.0358169290620548,23,False
Breakout_50_noSMA,DD,2025-07-03,2025-08-04,30.5573,29.0601,-0.0489943863259904,21,False
Breakout_50_noSMA,DD,2025-10-03,2025-10-13,33.6592,30.989,-0.07932986298250466,6,False
Breakout_50_noSMA,DD,2025-11-05,2026-03-09,37.7355,44.18,0.1707817467742434,83,True
Breakout_50,DHR,2020-04-28,2020-09-08,146.564,169.8032,0.15855978873041154,92,True
Breakout_50,DHR,2020-10-01,2020-11-24,187.6542,192.2719,0.024607364059741288,38,True
Breakout_50,DHR,2021-04-23,2021-06-03,219.1382,208.899,-0.04672494292838636,28,False
Breakout_50,DHR,2021-06-22,2021-09-29,227.974,265.2239,0.16339522695275588,69,True
Breakout_50,DHR,2022-07-29,2022-09-01,251.313,235.0314,-0.06478617459142999,24,False
Breakout_50,DHR,2023-07-24,2023-09-11,222.6804,215.7372,-0.03118021949464278,34,False
Breakout_50,DHR,2023-12-14,2024-04-03,227.6239,243.1609,0.06825716984632524,74,True
Breakout_50,DHR,2024-05-15,2024-06-21,256.9993,246.9665,-0.03903843975820931,25,False
Breakout_50,DHR,2024-08-02,2024-09-26,276.5214,269.9906,-0.0236177534339701,38,False
Breakout_50,DHR,2025-10-22,2026-01-29,221.7198,222.845,0.005074892790707164,67,True
Breakout_100,DHR,2020-04-28,2020-09-08,146.564,169.8032,0.15855978873041154,92,True
Breakout_100,DHR,2020-10-01,2020-11-24,187.6542,192.2719,0.024607364059741288,38,True
Breakout_100,DHR,2021-04-23,2021-06-03,219.1382,208.899,-0.04672494292838636,28,False
Breakout_100,DHR,2021-06-22,2021-09-29,227.974,265.2239,0.16339522695275588,69,True
Breakout_100,DHR,2023-07-27,2023-09-11,230.759,215.7372,-0.06509730189532759,31,False
Breakout_100,DHR,2024-01-31,2024-04-03,242.5017,243.1609,0.002718355340322276,43,True
Breakout_100,DHR,2024-05-15,2024-06-21,256.9993,246.9665,-0.03903843975820931,25,False
Breakout_100,DHR,2024-08-02,2024-09-26,276.5214,269.9906,-0.0236177534339701,38,False
Breakout_100,DHR,2025-10-22,2026-01-29,221.7198,222.845,0.005074892790707164,67,True
Breakout_50_noSMA,DHR,2020-04-28,2020-09-08,146.564,169.8032,0.15855978873041154,92,True
Breakout_50_noSMA,DHR,2020-10-01,2020-11-24,187.6542,192.2719,0.024607364059741288,38,True
Breakout_50_noSMA,DHR,2021-04-23,2021-06-03,219.1382,208.899,-0.04672494292838636,28,False
Breakout_50_noSMA,DHR,2021-06-22,2021-09-29,227.974,265.2239,0.16339522695275588,69,True
Breakout_50_noSMA,DHR,2022-03-30,2022-04-18,256.4444,238.9282,-0.06830396617990353,12,False
Breakout_50_noSMA,DHR,2022-07-22,2022-09-01,241.3022,235.0314,-0.025987483975738135,29,False
Breakout_50_noSMA,DHR,2023-07-24,2023-09-11,222.6804,215.7372,-0.03118021949464278,34,False
Breakout_50_noSMA,DHR,2023-12-14,2024-04-03,227.6239,243.1609,0.06825716984632524,74,True
Breakout_50_noSMA,DHR,2024-05-15,2024-06-21,256.9993,246.9665,-0.03903843975820931,25,False
Breakout_50_noSMA,DHR,2024-08-02,2024-09-26,276.5214,269.9906,-0.0236177534339701,38,False
Breakout_50_noSMA,DHR,2025-01-28,2025-01-30,255.5168,223.1198,-0.12679012303662363,2,False
Breakout_50_noSMA,DHR,2025-08-14,2025-09-04,207.6412,197.853,-0.04714005445623726,14,False
Breakout_50_noSMA,DHR,2025-10-22,2026-01-29,221.7198,222.845,0.005074892790707164,67,True
Breakout_50,DIS,2020-08-07,2020-09-22,127.2239,122.3781,-0.03808935391630186,31,False
Breakout_50,DIS,2020-11-10,2021-01-28,136.7496,162.3468,0.18718317775632798,53,True
Breakout_50,DIS,2021-02-09,2021-03-25,183.8407,177.6661,-0.0335865422150895,31,False
Breakout_50,DIS,2023-01-24,2023-03-01,102.2911,96.9079,-0.052626557675522045,25,False
Breakout_50,DIS,2023-05-09,2023-05-12,100.5423,90.2155,-0.10271113386935826,3,False
Breakout_50,DIS,2023-11-16,2024-01-10,91.7298,88.0395,-0.04023075610936977,36,False
Breakout_50,DIS,2024-01-30,2024-04-18,94.6066,110.9364,0.17260680857384414,55,True
Breakout_50,DIS,2024-11-14,2025-01-13,108.6418,106.7494,-0.017418256484386108,38,False
Breakout_50,DIS,2025-05-15,2025-08-04,111.0024,116.9388,0.05347988728829445,54,True
Breakout_100,DIS,2020-08-07,2020-09-22,127.2239,122.3781,-0.03808935391630186,31,False
Breakout_100,DIS,2020-11-10,2021-01-28,136.7496,162.3468,0.18718317775632798,53,True
Breakout_100,DIS,2021-02-09,2021-03-25,183.8407,177.6661,-0.0335865422150895,31,False
Breakout_100,DIS,2023-11-16,2024-01-10,91.7298,88.0395,-0.04023075610936977,36,False
Breakout_100,DIS,2024-01-30,2024-04-18,94.6066,110.9364,0.17260680857384414,55,True
Breakout_100,DIS,2024-11-15,2025-01-13,108.563,106.7494,-0.01670527655461307,37,False
Breakout_100,DIS,2025-06-11,2025-08-04,117.0851,116.9388,-0.0012498160328960894,36,False
Breakout_50_noSMA,DIS,2020-05-19,2020-06-25,112.4518,106.4824,-0.05308415717049009,26,False
Breakout_50_noSMA,DIS,2020-08-07,2020-09-22,127.2239,122.3781,-0.03808935391630186,31,False
Breakout_50_noSMA,DIS,2020-11-10,2021-01-28,136.7496,162.3468,0.18718317775632798,53,True
Breakout_50_noSMA,DIS,2021-02-09,2021-03-25,183.8407,177.6661,-0.0335865422150895,31,False
Breakout_50_noSMA,DIS,2022-08-12,2022-09-19,116.2621,105.056,-0.0963866299368824,25,False
Breakout_50_noSMA,DIS,2023-01-23,2023-03-01,100.9135,96.9079,-0.03969404753905448,26,False
Breakout_50_noSMA,DIS,2023-05-09,2023-05-12,100.5423,90.2155,-0.10271113386935826,3,False
Breakout_50_noSMA,DIS,2023-11-10,2024-01-10,88.0563,88.0395,-0.00019147552460430095,40,False
Breakout_50_noSMA,DIS,2024-01-30,2024-04-18,94.6066,110.9364,0.17260680857384414,55,True
Breakout_50_noSMA,DIS,2024-11-07,2025-01-13,97.2685,106.7494,0.09747162008070687,43,True
Breakout_50_noSMA,DIS,2025-05-15,2025-08-04,111.0024,116.9388,0.05347988728829445,54,True
Breakout_50,DOW,2020-06-05,2020-08-03,32.74,30.1843,-0.07805843430421844,40,False
Breakout_50,DOW,2020-08-25,2020-10-27,33.9849,34.8874,0.026555891807519494,44,True
Breakout_50,DOW,2020-11-10,2021-01-28,38.91,40.7614,0.04758265583782828,53,True
Breakout_50,DOW,2021-02-23,2021-04-23,47.3868,46.5127,-0.018445984711863095,42,False
Breakout_50,DOW,2021-05-06,2021-06-17,51.7806,50.5767,-0.023250508307570472,29,False
Breakout_50,DOW,2022-01-18,2022-01-25,47.8107,43.9787,-0.08015130709077578,5,False
Breakout_50,DOW,2022-02-02,2022-03-02,48.5583,45.8312,-0.05616058364865306,19,False
Breakout_50,DOW,2022-03-18,2022-06-10,49.5582,52.3119,0.05556477020469175,58,True
Breakout_50,DOW,2023-01-09,2023-03-08,45.5103,47.0476,0.03377919025663756,40,True
Breakout_50,DOW,2023-07-31,2023-08-17,47.1339,45.64,-0.03169463708462017,13,False
Breakout_50,DOW,2023-12-04,2024-02-06,45.5531,46.381,0.01817477025430736,43,True
Breakout_50,DOW,2024-02-23,2024-04-19,48.8299,49.851,0.02091002320193014,39,True
Breakout_100,DOW,2020-08-25,2020-10-27,33.9849,34.8874,0.026555891807519494,44,True
Breakout_100,DOW,2020-11-10,2021-01-28,38.91,40.7614,0.04758265583782828,53,True
Breakout_100,DOW,2021-02-23,2021-04-23,47.3868,46.5127,-0.018445984711863095,42,False
Breakout_100,DOW,2021-05-06,2021-06-17,51.7806,50.5767,-0.023250508307570472,29,False
Breakout_100,DOW,2022-02-02,2022-03-02,48.5583,45.8312,-0.05616058364865306,19,False
Breakout_100,DOW,2022-03-18,2022-06-10,49.5582,52.3119,0.05556477020469175,58,True
Breakout_100,DOW,2023-01-09,2023-03-08,45.5103,47.0476,0.03377919025663756,40,True
Breakout_100,DOW,2023-12-27,2024-02-06,48.5336,46.381,-0.04435271758009385,27,False
Breakout_100,DOW,2024-02-23,2024-04-19,48.8299,49.851,0.02091002320193014,39,True
Breakout_50_noSMA,DOW,2020-05-27,2020-08-03,28.7401,30.1843,0.05025244507155868,47,True
Breakout_50_noSMA,DOW,2020-08-25,2020-10-27,33.9849,34.8874,0.026555891807519494,44,True
Breakout_50_noSMA,DOW,2020-11-10,2021-01-28,38.91,40.7614,0.04758265583782828,53,True
Breakout_50_noSMA,DOW,2021-02-23,2021-04-23,47.3868,46.5127,-0.018445984711863095,42,False
Breakout_50_noSMA,DOW,2021-05-06,2021-06-17,51.7806,50.5767,-0.023250508307570472,29,False
Breakout_50_noSMA,DOW,2022-01-18,2022-01-25,47.8107,43.9787,-0.08015130709077578,5,False
Breakout_50_noSMA,DOW,2022-02-02,2022-03-02,48.5583,45.8312,-0.05616058364865306,19,False
Breakout_50_noSMA,DOW,2022-03-18,2022-06-10,49.5582,52.3119,0.05556477020469175,58,True
Breakout_50_noSMA,DOW,2022-11-14,2023-03-08,42.7803,47.0476,0.09974919407937244,77,True
Breakout_50_noSMA,DOW,2023-07-31,2023-08-17,47.1339,45.64,-0.03169463708462017,13,False
Breakout_50_noSMA,DOW,2023-12-04,2024-02-06,45.5531,46.381,0.01817477025430736,43,True
Breakout_50_noSMA,DOW,2024-02-23,2024-04-19,48.8299,49.851,0.02091002320193014,39,True
Breakout_50,DRE,2020-05-27,2020-09-24,71.0169,75.0769,0.057169941970085736,84,True
Breakout_50,DRE,2020-11-06,2021-02-05,98.2929,147.6082,0.5017181654300631,61,True
Breakout_50,DRE,2021-06-09,2021-06-21,165.3026,151.0869,-0.08599808168846268,8,False
Breakout_50,DRE,2021-07-13,2021-09-21,175.6209,206.8955,0.17807994323484433,49,True
Breakout_50,DRE,2021-11-02,2021-12-14,242.2487,232.7291,-0.03929687891016198,29,False
Breakout_50,DRE,2022-05-06,2022-06-14,223.6749,212.5705,-0.049645091862633994,26,False
Breakout_50,DRE,2022-08-12,2022-09-30,253.9887,250.6965,-0.012962260706185558,34,False
Breakout_50,DRE,2022-11-11,2022-11-18,307.6556,267.6509,-0.1300306651506189,5,False
Breakout_50,DRE,2023-02-03,2023-02-22,275.1569,231.8255,-0.15747877861314608,12,False
Breakout_50,DRE,2024-11-12,2024-12-16,103.7568,96.3472,-0.0714133114050336,23,False
Breakout_50,DRE,2025-07-23,2025-09-10,80.5176,72.4956,-0.09963142873049902,34,False
Breakout_50,DRE,2025-09-29,2026-03-04,90.0843,169.8792,0.8857805324136967,107,True
Breakout_100,DRE,2020-08-12,2020-09-24,87.0628,75.0769,-0.13766940504520364,30,False
Breakout_100,DRE,2020-11-06,2021-02-05,98.2929,147.6082,0.5017181654300631,61,True
Breakout_100,DRE,2021-07-13,2021-09-21,175.6209,206.8955,0.17807994323484433,49,True
Breakout_100,DRE,2021-11-02,2021-12-14,242.2487,232.7291,-0.03929687891016198,29,False
Breakout_100,DRE,2022-05-27,2022-06-14,245.9949,212.5705,-0.1358743254469551,11,False
Breakout_100,DRE,2022-08-15,2022-09-30,263.1018,250.6965,-0.04715048535608091,33,False
Breakout_100,DRE,2022-11-11,2022-11-18,307.6556,267.6509,-0.1300306651506189,5,False
Breakout_100,DRE,2024-11-12,2024-12-16,103.7568,96.3472,-0.0714133114050336,23,False
Breakout_100,DRE,2025-07-23,2025-09-10,80.5176,72.4956,-0.09963142873049902,34,False
Breakout_100,DRE,2025-09-29,2026-03-04,90.0843,169.8792,0.8857805324136967,107,True
Breakout_50_noSMA,DRE,2020-05-27,2020-09-24,71.0169,75.0769,0.057169941970085736,84,True
Breakout_50_noSMA,DRE,2020-11-06,2021-02-05,98.2929,147.6082,0.5017181654300631,61,True
Breakout_50_noSMA,DRE,2021-06-09,2021-06-21,165.3026,151.0869,-0.08599808168846268,8,False
Breakout_50_noSMA,DRE,2021-07-13,2021-09-21,175.6209,206.8955,0.17807994323484433,49,True
Breakout_50_noSMA,DRE,2021-11-02,2021-12-14,242.2487,232.7291,-0.03929687891016198,29,False
Breakout_50_noSMA,DRE,2022-05-06,2022-06-14,223.6749,212.5705,-0.049645091862633994,26,False
Breakout_50_noSMA,DRE,2022-08-12,2022-09-30,253.9887,250.6965,-0.012962260706185558,34,False
Breakout_50_noSMA,DRE,2022-11-11,2022-11-18,307.6556,267.6509,-0.1300306651506189,5,False
Breakout_50_noSMA,DRE,2023-02-03,2023-02-22,275.1569,231.8255,-0.15747877861314608,12,False
Breakout_50_noSMA,DRE,2023-06-14,2023-07-24,221.076,204.8254,-0.07350656168437564,26,False
Breakout_50_noSMA,DRE,2024-10-07,2024-12-16,97.2252,96.3472,-0.009030380160444107,49,False
Breakout_50_noSMA,DRE,2025-07-03,2025-09-10,67.8663,72.4956,0.06821163490949167,47,True
Breakout_50_noSMA,DRE,2025-09-29,2026-03-04,90.0843,169.8792,0.8857805324136967,107,True
Breakout_50,DUK,2020-10-01,2020-12-07,71.0409,73.9288,0.04065058040457936,46,True
Breakout_50,DUK,2021-03-26,2021-06-21,78.5113,83.2249,0.06003784568068826,59,True
Breakout_50,DUK,2021-08-06,2021-09-08,89.3198,86.6659,-0.029713067141307725,22,False
Breakout_50,DUK,2021-12-17,2022-01-27,88.5112,86.8673,-0.01857341060124118,27,False
Breakout_50,DUK,2022-02-04,2022-02-11,88.6044,84.825,-0.042654803498576976,5,False
Breakout_50,DUK,2022-03-07,2022-05-04,90.2092,92.6056,0.0265653471025451,41,True
Breakout_50,DUK,2022-08-17,2022-09-01,97.5377,93.2931,-0.04351717238797137,11,False
Breakout_50,DUK,2022-12-14,2023-02-06,90.9141,88.193,-0.029930291695110744,35,False
Breakout_50,DUK,2023-09-15,2023-09-27,86.6532,82.7995,-0.044472322924542285,8,False
Breakout_50,DUK,2023-12-07,2024-01-25,86.3319,87.8489,0.017571932674969926,32,True
Breakout_50,DUK,2024-04-22,2024-06-24,91.2449,93.9058,0.029161356603317534,43,True
Breakout_50,DUK,2024-07-15,2024-10-08,98.3198,105.2179,0.07016012184521703,60,True
Breakout_50,DUK,2024-10-17,2024-10-30,113.5405,109.038,-0.0396560439630651,9,False
Breakout_50,DUK,2025-02-26,2025-04-09,112.9118,110.8257,-0.018475781322804252,30,False
Breakout_50,DUK,2025-08-04,2025-09-09,119.9032,118.207,-0.014146640095008878,25,False
Breakout_50,DUK,2025-10-13,2025-11-04,124.0658,122.2275,-0.014816576402605142,16,False
Breakout_50,DUK,2026-02-12,2026-04-16,124.341,127.73,0.027255759930995938,43,True
Breakout_100,DUK,2020-10-05,2020-12-07,73.4216,73.9288,0.006907553334376981,44,True
Breakout_100,DUK,2021-03-30,2021-06-21,80.3725,83.2249,0.03548953177091785,57,True
Breakout_100,DUK,2021-08-17,2021-09-08,90.4591,86.6659,-0.041933400932706366,15,False
Breakout_100,DUK,2022-02-04,2022-02-11,88.6044,84.825,-0.042654803498576976,5,False
Breakout_100,DUK,2022-03-07,2022-05-04,90.2092,92.6056,0.0265653471025451,41,True
Breakout_100,DUK,2023-12-12,2024-01-25,87.7938,87.8489,0.000628621075913216,29,True
Breakout_100,DUK,2024-05-02,2024-06-24,92.9837,93.9058,0.00991595803254719,35,True
Breakout_100,DUK,2024-07-15,2024-10-08,98.3198,105.2179,0.07016012184521703,60,True
Breakout_100,DUK,2024-10-17,2024-10-30,113.5405,109.038,-0.0396560439630651,9,False
Breakout_100,DUK,2025-03-17,2025-04-09,115.5678,110.8257,-0.04103284729755696,17,False
Breakout_100,DUK,2025-08-05,2025-09-09,123.7431,118.207,-0.04473860994104395,24,False
Breakout_100,DUK,2025-10-13,2025-11-04,124.0658,122.2275,-0.014816576402605142,16,False
Breakout_100,DUK,2026-02-17,2026-04-16,128.5,127.73,-0.005992191774835898,41,False
Breakout_50_noSMA,DUK,2020-10-01,2020-12-07,71.0409,73.9288,0.04065058040457936,46,True
Breakout_50_noSMA,DUK,2021-03-26,2021-06-21,78.5113,83.2249,0.06003784568068826,59,True
Breakout_50_noSMA,DUK,2021-08-06,2021-09-08,89.3198,86.6659,-0.029713067141307725,22,False
Breakout_50_noSMA,DUK,2021-12-17,2022-01-27,88.5112,86.8673,-0.01857341060124118,27,False
Breakout_50_noSMA,DUK,2022-02-04,2022-02-11,88.6044,84.825,-0.042654803498576976,5,False
Breakout_50_noSMA,DUK,2022-03-07,2022-05-04,90.2092,92.6056,0.0265653471025451,41,True
Breakout_50_noSMA,DUK,2022-08-17,2022-09-01,97.5377,93.2931,-0.04351717238797137,11,False
Breakout_50_noSMA,DUK,2022-12-13,2023-02-06,91.0109,88.193,-0.030962717895174907,36,False
Breakout_50_noSMA,DUK,2023-09-15,2023-09-27,86.6532,82.7995,-0.044472322924542285,8,False
Breakout_50_noSMA,DUK,2023-12-07,2024-01-25,86.3319,87.8489,0.017571932674969926,32,True
Breakout_50_noSMA,DUK,2024-04-22,2024-06-24,91.2449,93.9058,0.029161356603317534,43,True
Breakout_50_noSMA,DUK,2024-07-15,2024-10-08,98.3198,105.2179,0.07016012184521703,60,True
Breakout_50_noSMA,DUK,2024-10-17,2024-10-30,113.5405,109.038,-0.0396560439630651,9,False
Breakout_50_noSMA,DUK,2025-02-26,2025-04-09,112.9118,110.8257,-0.018475781322804252,30,False
Breakout_50_noSMA,DUK,2025-08-04,2025-09-09,119.9032,118.207,-0.014146640095008878,25,False
Breakout_50_noSMA,DUK,2025-10-13,2025-11-04,124.0658,122.2275,-0.014816576402605142,16,False
Breakout_50_noSMA,DUK,2026-02-12,2026-04-16,124.341,127.73,0.027255759930995938,43,True
Breakout_50,DVN,2020-11-17,2021-04-19,9.4529,17.0511,0.8037933023758703,103,True
Breakout_50,DVN,2021-05-10,2021-07-15,20.5562,21.1506,0.02891614635661499,46,True
Breakout_50,DVN,2021-09-16,2021-12-15,24.1614,32.8809,0.36088427125539657,63,True
Breakout_50,DVN,2022-01-04,2022-04-25,37.7237,46.4147,0.23038457907667143,76,True
Breakout_50,DVN,2022-05-05,2022-06-17,56.9842,52.8307,-0.07288836121481512,30,False
Breakout_50,DVN,2022-08-26,2022-09-26,62.362,49.4426,-0.20716668502276125,20,False
Breakout_50,DVN,2022-10-24,2022-11-03,64.2711,58.2621,-0.09349430100973843,8,False
Breakout_50,DVN,2024-03-14,2024-05-14,44.6486,47.1872,0.05685903141063098,42,True
Breakout_50,DVN,2025-08-26,2025-10-13,34.7591,32.5691,-0.0630042645982174,33,False
Breakout_50,DVN,2025-12-02,2026-01-08,37.4619,34.649,-0.07508629365064867,25,False
Breakout_50,DVN,2026-01-28,2026-04-15,39.3644,45.05,0.14443517898880698,53,True
Breakout_100,DVN,2020-11-18,2021-04-19,10.078,17.0511,0.6919089332341475,102,True
Breakout_100,DVN,2021-05-10,2021-07-15,20.5562,21.1506,0.02891614635661499,46,True
Breakout_100,DVN,2021-09-24,2021-12-15,25.9215,32.8809,0.2684786801369714,57,True
Breakout_100,DVN,2022-01-04,2022-04-25,37.7237,46.4147,0.23038457907667143,76,True
Breakout_100,DVN,2022-05-05,2022-06-17,56.9842,52.8307,-0.07288836121481512,30,False
Breakout_100,DVN,2022-10-27,2022-11-03,67.6765,58.2621,-0.13910825853966868,5,False
Breakout_100,DVN,2024-03-20,2024-05-14,45.3753,47.1872,0.03993343130042226,38,True
Breakout_100,DVN,2025-09-02,2025-10-13,35.3382,32.5691,-0.07836051744454609,29,False
Breakout_100,DVN,2025-12-02,2026-01-08,37.4619,34.649,-0.07508629365064867,25,False
Breakout_100,DVN,2026-01-28,2026-04-15,39.3644,45.05,0.14443517898880698,53,True
Breakout_50_noSMA,DVN,2020-06-08,2020-06-25,11.4336,8.1906,-0.2836366938052768,13,False
Breakout_50_noSMA,DVN,2020-11-10,2021-04-19,8.8049,17.0511,0.9365395625533457,108,True
Breakout_50_noSMA,DVN,2021-05-10,2021-07-15,20.5562,21.1506,0.02891614635661499,46,True
Breakout_50_noSMA,DVN,2021-09-16,2021-12-15,24.1614,32.8809,0.36088427125539657,63,True
Breakout_50_noSMA,DVN,2022-01-04,2022-04-25,37.7237,46.4147,0.23038457907667143,76,True
Breakout_50_noSMA,DVN,2022-05-05,2022-06-17,56.9842,52.8307,-0.07288836121481512,30,False
Breakout_50_noSMA,DVN,2022-08-26,2022-09-26,62.362,49.4426,-0.20716668502276125,20,False
Breakout_50_noSMA,DVN,2022-10-24,2022-11-03,64.2711,58.2621,-0.09349430100973843,8,False
Breakout_50_noSMA,DVN,2023-07-24,2023-08-16,47.7654,44.763,-0.06285709013019192,17,False
Breakout_50_noSMA,DVN,2024-03-14,2024-05-14,44.6486,47.1872,0.05685903141063098,42,True
Breakout_50_noSMA,DVN,2025-08-26,2025-10-13,34.7591,32.5691,-0.0630042645982174,33,False
Breakout_50_noSMA,DVN,2025-12-02,2026-01-08,37.4619,34.649,-0.07508629365064867,25,False
Breakout_50_noSMA,DVN,2026-01-28,2026-04-15,39.3644,45.05,0.14443517898880698,53,True
Breakout_50,EBAY,2020-04-27,2020-08-31,36.2172,49.1666,0.3575500897921029,88,True
Breakout_50,EBAY,2021-01-13,2021-03-01,50.9461,52.317,0.026908388145154838,31,True
Breakout_50,EBAY,2021-04-19,2021-04-30,59.2162,51.0617,-0.13770691216726294,9,False
Breakout_50,EBAY,2021-06-07,2021-08-06,60.0208,61.8129,0.029857557130175127,43,True
Breakout_50,EBAY,2021-08-17,2021-09-29,68.0438,65.8808,-0.031788699453473956,30,False
Breakout_50,EBAY,2021-10-25,2021-10-29,74.2356,66.3874,-0.10571989159994444,4,False
Breakout_50,EBAY,2023-01-24,2023-02-24,44.4855,42.0674,-0.054356854941585486,22,False
Breakout_50,EBAY,2023-07-12,2023-07-28,45.2055,41.8555,-0.07410511893558647,12,False
Breakout_50,EBAY,2023-12-20,2024-01-16,41.7927,39.3082,-0.05944707197358512,16,False
Breakout_50,EBAY,2024-02-29,2024-05-03,46.1742,48.0184,0.03994030252835512,45,True
Breakout_50,EBAY,2024-05-28,2024-07-26,52.4136,52.2521,-0.0030817527529198863,41,False
Breakout_50,EBAY,2024-08-02,2024-10-30,54.2079,61.3309,0.13140233257152878,62,True
Breakout_50,EBAY,2025-01-10,2025-02-28,67.45,62.2472,-0.07713568137910387,33,False
Breakout_50,EBAY,2025-05-19,2025-09-30,70.1127,90.7653,0.2945633461831165,92,True
Breakout_50,EBAY,2026-01-14,2026-02-05,94.0157,85.4244,-0.09138135468220532,15,False
Breakout_100,EBAY,2020-04-27,2020-08-31,36.2172,49.1666,0.3575500897921029,88,True
Breakout_100,EBAY,2021-01-27,2021-03-01,53.5582,52.317,-0.023176106162636767,22,False
Breakout_100,EBAY,2021-04-19,2021-04-30,59.2162,51.0617,-0.13770691216726294,9,False
Breakout_100,EBAY,2021-06-07,2021-08-06,60.0208,61.8129,0.029857557130175127,43,True
Breakout_100,EBAY,2021-08-17,2021-09-29,68.0438,65.8808,-0.031788699453473956,30,False
Breakout_100,EBAY,2021-10-25,2021-10-29,74.2356,66.3874,-0.10571989159994444,4,False
Breakout_100,EBAY,2023-01-24,2023-02-24,44.4855,42.0674,-0.054356854941585486,22,False
Breakout_100,EBAY,2023-07-19,2023-07-28,45.8907,41.8555,-0.0879302665148195,7,False
Breakout_100,EBAY,2024-02-29,2024-05-03,46.1742,48.0184,0.03994030252835512,45,True
Breakout_100,EBAY,2024-05-28,2024-07-26,52.4136,52.2521,-0.0030817527529198863,41,False
Breakout_100,EBAY,2024-08-02,2024-10-30,54.2079,61.3309,0.13140233257152878,62,True
Breakout_100,EBAY,2025-01-10,2025-02-28,67.45,62.2472,-0.07713568137910387,33,False
Breakout_100,EBAY,2025-05-19,2025-09-30,70.1127,90.7653,0.2945633461831165,92,True
Breakout_50_noSMA,EBAY,2020-04-27,2020-08-31,36.2172,49.1666,0.3575500897921029,88,True
Breakout_50_noSMA,EBAY,2021-01-13,2021-03-01,50.9461,52.317,0.026908388145154838,31,True
Breakout_50_noSMA,EBAY,2021-04-19,2021-04-30,59.2162,51.0617,-0.13770691216726294,9,False
Breakout_50_noSMA,EBAY,2021-06-07,2021-08-06,60.0208,61.8129,0.029857557130175127,43,True
Breakout_50_noSMA,EBAY,2021-08-17,2021-09-29,68.0438,65.8808,-0.031788699453473956,30,False
Breakout_50_noSMA,EBAY,2021-10-25,2021-10-29,74.2356,66.3874,-0.10571989159994444,4,False
Breakout_50_noSMA,EBAY,2022-08-04,2022-08-23,46.6698,42.2171,-0.095409133207629,13,False
Breakout_50_noSMA,EBAY,2022-11-14,2022-12-19,43.3819,38.652,-0.10903056917229725,24,False
Breakout_50_noSMA,EBAY,2023-01-24,2023-02-24,44.4855,42.0674,-0.054356854941585486,22,False
Breakout_50_noSMA,EBAY,2023-07-12,2023-07-28,45.2055,41.8555,-0.07410511893558647,12,False
Breakout_50_noSMA,EBAY,2023-12-20,2024-01-16,41.7927,39.3082,-0.05944707197358512,16,False
Breakout_50_noSMA,EBAY,2024-02-29,2024-05-03,46.1742,48.0184,0.03994030252835512,45,True
Breakout_50_noSMA,EBAY,2024-05-28,2024-07-26,52.4136,52.2521,-0.0030817527529198863,41,False
Breakout_50_noSMA,EBAY,2024-08-02,2024-10-30,54.2079,61.3309,0.13140233257152878,62,True
Breakout_50_noSMA,EBAY,2025-01-10,2025-02-28,67.45,62.2472,-0.07713568137910387,33,False
Breakout_50_noSMA,EBAY,2025-05-19,2025-09-30,70.1127,90.7653,0.2945633461831165,92,True
Breakout_50_noSMA,EBAY,2026-01-14,2026-02-05,94.0157,85.4244,-0.09138135468220532,15,False
Breakout_50,ECL,2020-05-19,2020-06-25,191.7043,183.771,-0.04138291399790184,26,False
Breakout_50,ECL,2020-11-10,2021-01-15,206.7908,201.2915,-0.026593965025834443,45,False
Breakout_50,ECL,2021-04-07,2021-05-13,208.1874,205.7836,-0.011546313208023795,26,False
Breakout_50,ECL,2021-08-26,2021-09-20,212.1069,204.9069,-0.03394514804094528,16,False
Breakout_50,ECL,2021-11-11,2021-12-01,222.1876,213.091,-0.0409412598447938,13,False
Breakout_50,ECL,2023-02-03,2023-02-10,151.0486,140.2615,-0.0714148085637617,5,False
Breakout_50,ECL,2023-02-16,2023-03-20,155.3267,150.1922,-0.0330562755712801,21,False
Breakout_50,ECL,2023-04-03,2023-05-31,160.2994,159.9796,-0.0019947260417307877,40,False
Breakout_50,ECL,2023-06-14,2023-08-16,176.3661,177.1527,0.004460048727415122,43,True
Breakout_50,ECL,2023-11-17,2024-02-06,180.6257,191.4642,0.06000527491650831,53,True
Breakout_50,ECL,2024-02-08,2024-04-16,198.4541,215.2039,0.08440141507902443,46,True
Breakout_50,ECL,2024-05-08,2024-05-30,229.2777,221.4665,-0.03406861008037321,15,False
Breakout_50,ECL,2024-06-06,2024-07-31,235.0209,230.2289,-0.020389573666208527,37,False
Breakout_50,ECL,2024-08-29,2024-11-01,245.8781,242.1401,-0.01520277139433035,45,False
Breakout_50,ECL,2025-02-12,2025-03-14,254.7399,247.7803,-0.027320241303142256,21,False
Breakout_50,ECL,2025-05-28,2025-07-30,261.4067,258.0681,-0.012771523412599683,43,False
Breakout_50,ECL,2025-08-13,2025-09-10,275.5895,267.8011,-0.028260715848584805,19,False
Breakout_50,ECL,2026-01-16,2026-03-09,276.1599,278.8028,0.009570168310772287,34,True
Breakout_100,ECL,2020-05-29,2020-06-25,198.2508,183.771,-0.0730375767507283,19,False
Breakout_100,ECL,2020-11-10,2021-01-15,206.7908,201.2915,-0.026593965025834443,45,False
Breakout_100,ECL,2021-09-09,2021-09-20,217.6842,204.9069,-0.05869643252343271,7,False
Breakout_100,ECL,2021-11-11,2021-12-01,222.1876,213.091,-0.0409412598447938,13,False
Breakout_100,ECL,2023-02-16,2023-03-20,155.3267,150.1922,-0.0330562755712801,21,False
Breakout_100,ECL,2023-04-03,2023-05-31,160.2994,159.9796,-0.0019947260417307877,40,False
Breakout_100,ECL,2023-06-14,2023-08-16,176.3661,177.1527,0.004460048727415122,43,True
Breakout_100,ECL,2023-12-01,2024-02-06,186.8253,191.4642,0.024830134215362065,44,True
Breakout_100,ECL,2024-02-08,2024-04-16,198.4541,215.2039,0.08440141507902443,46,True
Breakout_100,ECL,2024-05-08,2024-05-30,229.2777,221.4665,-0.03406861008037321,15,False
Breakout_100,ECL,2024-06-06,2024-07-31,235.0209,230.2289,-0.020389573666208527,37,False
Breakout_100,ECL,2024-08-29,2024-11-01,245.8781,242.1401,-0.01520277139433035,45,False
Breakout_100,ECL,2025-07-02,2025-07-30,270.2418,258.0681,-0.04504731853203803,19,False
Breakout_100,ECL,2025-08-13,2025-09-10,275.5895,267.8011,-0.028260715848584805,19,False
Breakout_100,ECL,2026-01-27,2026-03-09,281.9942,278.8028,-0.011317495232759378,28,False
Breakout_50_noSMA,ECL,2020-05-19,2020-06-25,191.7043,183.771,-0.04138291399790184,26,False
Breakout_50_noSMA,ECL,2020-11-10,2021-01-15,206.7908,201.2915,-0.026593965025834443,45,False
Breakout_50_noSMA,ECL,2021-04-07,2021-05-13,208.1874,205.7836,-0.011546313208023795,26,False
Breakout_50_noSMA,ECL,2021-08-26,2021-09-20,212.1069,204.9069,-0.03394514804094528,16,False
Breakout_50_noSMA,ECL,2021-11-11,2021-12-01,222.1876,213.091,-0.0409412598447938,13,False
Breakout_50_noSMA,ECL,2022-08-15,2022-09-02,167.2018,157.2852,-0.05930935658036929,14,False
Breakout_50_noSMA,ECL,2023-02-03,2023-02-10,151.0486,140.2615,-0.0714148085637617,5,False
Breakout_50_noSMA,ECL,2023-02-16,2023-03-20,155.3267,150.1922,-0.0330562755712801,21,False
Breakout_50_noSMA,ECL,2023-04-03,2023-05-31,160.2994,159.9796,-0.0019947260417307877,40,False
Breakout_50_noSMA,ECL,2023-06-14,2023-08-16,176.3661,177.1527,0.004460048727415122,43,True
Breakout_50_noSMA,ECL,2023-11-17,2024-02-06,180.6257,191.4642,0.06000527491650831,53,True
Breakout_50_noSMA,ECL,2024-02-08,2024-04-16,198.4541,215.2039,0.08440141507902443,46,True
Breakout_50_noSMA,ECL,2024-05-08,2024-05-30,229.2777,221.4665,-0.03406861008037321,15,False
Breakout_50_noSMA,ECL,2024-06-06,2024-07-31,235.0209,230.2289,-0.020389573666208527,37,False
Breakout_50_noSMA,ECL,2024-08-29,2024-11-01,245.8781,242.1401,-0.01520277139433035,45,False
Breakout_50_noSMA,ECL,2025-02-12,2025-03-14,254.7399,247.7803,-0.027320241303142256,21,False
Breakout_50_noSMA,ECL,2025-05-28,2025-07-30,261.4067,258.0681,-0.012771523412599683,43,False
Breakout_50_noSMA,ECL,2025-08-13,2025-09-10,275.5895,267.8011,-0.028260715848584805,19,False
Breakout_50_noSMA,ECL,2026-01-16,2026-03-09,276.1599,278.8028,0.009570168310772287,34,True
Breakout_50,EEM,2020-06-04,2020-09-09,34.947,38.7608,0.10912953033543182,67,True
Breakout_50,EEM,2020-10-12,2020-10-29,40.5839,39.5798,-0.02473969243945162,13,False
Breakout_50,EEM,2020-11-05,2021-03-01,42.0195,48.7806,0.16090468571876593,77,True
Breakout_50,EEM,2021-06-02,2021-07-07,49.7594,48.3775,-0.02777138390422562,24,False
Breakout_50,EEM,2023-01-05,2023-02-21,36.2085,36.5893,0.010515717181231343,31,True
Breakout_50,EEM,2023-06-12,2023-07-07,37.3251,36.5764,-0.020060223100509478,17,False
Breakout_50,EEM,2023-07-14,2023-08-09,38.5044,37.6714,-0.021633364278988987,18,False
Breakout_50,EEM,2023-11-16,2024-01-17,36.7262,35.7614,-0.02626941593807164,40,False
Breakout_50,EEM,2024-02-23,2024-04-16,38.7081,37.888,-0.021187525755546943,36,False
Breakout_50,EEM,2024-05-03,2024-06-05,40.377,40.11,-0.00661316025282721,22,False
Breakout_50,EEM,2024-07-08,2024-07-22,42.0001,41.3087,-0.01646092988426251,10,False
Breakout_50,EEM,2024-09-25,2024-11-01,43.45,42.9987,-0.010386811536274632,27,False
Breakout_50,EEM,2025-02-18,2025-03-04,43.7051,41.9671,-0.039767647778663706,10,False
Breakout_50,EEM,2025-05-13,2025-11-19,44.496,53.0804,0.19292470372192505,132,True
Breakout_50,EEM,2026-01-05,2026-03-04,56.59,58.55,0.03463507826802892,40,True
Breakout_100,EEM,2020-07-30,2020-09-09,38.4261,38.7608,0.008709454805442052,28,True
Breakout_100,EEM,2020-10-12,2020-10-29,40.5839,39.5798,-0.02473969243945162,13,False
Breakout_100,EEM,2020-11-05,2021-03-01,42.0195,48.7806,0.16090468571876593,77,True
Breakout_100,EEM,2023-01-10,2023-02-21,37.5922,36.5893,-0.026679543869811084,28,False
Breakout_100,EEM,2023-07-14,2023-08-09,38.5044,37.6714,-0.021633364278988987,18,False
Breakout_100,EEM,2023-12-29,2024-01-17,38.3362,35.7614,-0.06716431010322277,11,False
Breakout_100,EEM,2024-02-23,2024-04-16,38.7081,37.888,-0.021187525755546943,36,False
Breakout_100,EEM,2024-05-03,2024-06-05,40.377,40.11,-0.00661316025282721,22,False
Breakout_100,EEM,2024-07-08,2024-07-22,42.0001,41.3087,-0.01646092988426251,10,False
Breakout_100,EEM,2024-09-25,2024-11-01,43.45,42.9987,-0.010386811536274632,27,False
Breakout_100,EEM,2025-05-13,2025-11-19,44.496,53.0804,0.19292470372192505,132,True
Breakout_100,EEM,2026-01-05,2026-03-04,56.59,58.55,0.03463507826802892,40,True
Breakout_50_noSMA,EEM,2020-06-02,2020-09-09,34.2115,38.7608,0.1329753670372813,69,True
Breakout_50_noSMA,EEM,2020-10-12,2020-10-29,40.5839,39.5798,-0.02473969243945162,13,False
Breakout_50_noSMA,EEM,2020-11-05,2021-03-01,42.0195,48.7806,0.16090468571876593,77,True
Breakout_50_noSMA,EEM,2021-06-02,2021-07-07,49.7594,48.3775,-0.02777138390422562,24,False
Breakout_50_noSMA,EEM,2022-12-01,2023-02-21,36.2503,36.5893,0.009349785549800815,54,True
Breakout_50_noSMA,EEM,2023-06-12,2023-07-07,37.3251,36.5764,-0.020060223100509478,17,False
Breakout_50_noSMA,EEM,2023-07-14,2023-08-09,38.5044,37.6714,-0.021633364278988987,18,False
Breakout_50_noSMA,EEM,2023-11-16,2024-01-17,36.7262,35.7614,-0.02626941593807164,40,False
Breakout_50_noSMA,EEM,2024-02-23,2024-04-16,38.7081,37.888,-0.021187525755546943,36,False
Breakout_50_noSMA,EEM,2024-05-03,2024-06-05,40.377,40.11,-0.00661316025282721,22,False
Breakout_50_noSMA,EEM,2024-07-08,2024-07-22,42.0001,41.3087,-0.01646092988426251,10,False
Breakout_50_noSMA,EEM,2024-09-25,2024-11-01,43.45,42.9987,-0.010386811536274632,27,False
Breakout_50_noSMA,EEM,2025-02-18,2025-03-04,43.7051,41.9671,-0.039767647778663706,10,False
Breakout_50_noSMA,EEM,2025-05-13,2025-11-19,44.496,53.0804,0.19292470372192505,132,True
Breakout_50_noSMA,EEM,2026-01-05,2026-03-04,56.59,58.55,0.03463507826802892,40,True
Breakout_50,EFA,2020-06-04,2020-09-09,52.342,54.8995,0.048860341376636196,67,True
Breakout_50,EFA,2020-10-13,2020-10-16,55.5523,54.8147,-0.01327816088736511,3,False
Breakout_50,EFA,2020-11-09,2021-02-01,58.8081,62.735,0.06677350221151501,56,True
Breakout_50,EFA,2021-02-16,2021-03-01,65.9111,64.1218,-0.027146511492634806,9,False
Breakout_50,EFA,2021-04-06,2021-06-21,65.9624,68.4439,0.037618391826909514,53,True
Breakout_50,EFA,2021-08-16,2021-08-20,70.1101,68.4786,-0.023270257622829638,4,False
Breakout_50,EFA,2021-09-03,2021-09-21,70.9865,69.4939,-0.02102694949366324,11,False
Breakout_50,EFA,2022-11-14,2023-02-27,58.7161,63.4094,0.07993246748698168,70,True
Breakout_50,EFA,2023-04-13,2023-05-25,66.451,64.9256,-0.02295402848556105,30,False
Breakout_50,EFA,2023-06-15,2023-06-26,67.2807,65.6905,-0.02363601682217087,6,False
Breakout_50,EFA,2023-07-14,2023-08-03,68.6306,66.1897,-0.035565300666047794,14,False
Breakout_50,EFA,2023-11-21,2024-04-15,66.6428,73.1519,0.09767178528267206,98,True
Breakout_50,EFA,2024-05-10,2024-06-17,75.3238,73.9428,-0.01833412482016694,25,False
Breakout_50,EFA,2024-07-15,2024-07-25,77.5242,74.5238,-0.03870251805056646,8,False
Breakout_50,EFA,2024-08-26,2024-09-09,78.6386,76.5908,-0.026041711841887194,9,False
Breakout_50,EFA,2024-09-27,2024-10-16,80.2674,77.5147,-0.03429441889779594,13,False
Breakout_50,EFA,2025-01-31,2025-04-04,77.1034,74.5834,-0.032682298004015564,44,False
Breakout_50,EFA,2025-05-05,2025-08-01,83.3886,85.7266,0.028036742742522547,61,True
Breakout_50,EFA,2025-08-14,2025-11-18,89.6063,91.1582,0.017318777610799474,67,True
Breakout_50,EFA,2025-12-12,2026-03-04,95.3325,100.79,0.0572466587336562,54,True
Breakout_100,EFA,2020-07-30,2020-09-09,53.2715,54.8995,0.0305586368521924,28,True
Breakout_100,EFA,2020-10-13,2020-10-16,55.5523,54.8147,-0.01327816088736511,3,False
Breakout_100,EFA,2020-11-09,2021-02-01,58.8081,62.735,0.06677350221151501,56,True
Breakout_100,EFA,2021-02-16,2021-03-01,65.9111,64.1218,-0.027146511492634806,9,False
Breakout_100,EFA,2021-04-06,2021-06-21,65.9624,68.4439,0.037618391826909514,53,True
Breakout_100,EFA,2021-08-16,2021-08-20,70.1101,68.4786,-0.023270257622829638,4,False
Breakout_100,EFA,2021-09-03,2021-09-21,70.9865,69.4939,-0.02102694949366324,11,False
Breakout_100,EFA,2022-12-01,2023-02-27,61.3747,63.4094,0.033151992297977495,58,True
Breakout_100,EFA,2023-04-13,2023-05-25,66.451,64.9256,-0.02295402848556105,30,False
Breakout_100,EFA,2023-06-15,2023-06-26,67.2807,65.6905,-0.02363601682217087,6,False
Breakout_100,EFA,2023-07-14,2023-08-03,68.6306,66.1897,-0.035565300666047794,14,False
Breakout_100,EFA,2023-12-15,2024-04-15,69.0744,73.1519,0.05903072807019094,81,True
Breakout_100,EFA,2024-05-10,2024-06-17,75.3238,73.9428,-0.01833412482016694,25,False
Breakout_100,EFA,2024-07-15,2024-07-25,77.5242,74.5238,-0.03870251805056646,8,False
Breakout_100,EFA,2024-08-26,2024-09-09,78.6386,76.5908,-0.026041711841887194,9,False
Breakout_100,EFA,2024-09-27,2024-10-16,80.2674,77.5147,-0.03429441889779594,13,False
Breakout_100,EFA,2025-03-06,2025-04-04,80.917,74.5834,-0.07827229406055702,21,False
Breakout_100,EFA,2025-05-05,2025-08-01,83.3886,85.7266,0.028036742742522547,61,True
Breakout_100,EFA,2025-08-14,2025-11-18,89.6063,91.1582,0.017318777610799474,67,True
Breakout_100,EFA,2025-12-12,2026-03-04,95.3325,100.79,0.0572466587336562,54,True
Breakout_50_noSMA,EFA,2020-05-27,2020-09-09,49.5832,54.8995,0.10721872475719207,73,True
Breakout_50_noSMA,EFA,2020-10-13,2020-10-16,55.5523,54.8147,-0.01327816088736511,3,False
Breakout_50_noSMA,EFA,2020-11-09,2021-02-01,58.8081,62.735,0.06677350221151501,56,True
Breakout_50_noSMA,EFA,2021-02-16,2021-03-01,65.9111,64.1218,-0.027146511492634806,9,False
Breakout_50_noSMA,EFA,2021-04-06,2021-06-21,65.9624,68.4439,0.037618391826909514,53,True
Breakout_50_noSMA,EFA,2021-08-16,2021-08-20,70.1101,68.4786,-0.023270257622829638,4,False
Breakout_50_noSMA,EFA,2021-09-03,2021-09-21,70.9865,69.4939,-0.02102694949366324,11,False
Breakout_50_noSMA,EFA,2022-11-11,2023-02-27,58.5624,63.4094,0.08276730456536319,71,True
Breakout_50_noSMA,EFA,2023-04-13,2023-05-25,66.451,64.9256,-0.02295402848556105,30,False
Breakout_50_noSMA,EFA,2023-06-15,2023-06-26,67.2807,65.6905,-0.02363601682217087,6,False
Breakout_50_noSMA,EFA,2023-07-14,2023-08-03,68.6306,66.1897,-0.035565300666047794,14,False
Breakout_50_noSMA,EFA,2023-11-21,2024-04-15,66.6428,73.1519,0.09767178528267206,98,True
Breakout_50_noSMA,EFA,2024-05-10,2024-06-17,75.3238,73.9428,-0.01833412482016694,25,False
Breakout_50_noSMA,EFA,2024-07-15,2024-07-25,77.5242,74.5238,-0.03870251805056646,8,False
Breakout_50_noSMA,EFA,2024-08-26,2024-09-09,78.6386,76.5908,-0.026041711841887194,9,False
Breakout_50_noSMA,EFA,2024-09-27,2024-10-16,80.2674,77.5147,-0.03429441889779594,13,False
Breakout_50_noSMA,EFA,2025-01-31,2025-04-04,77.1034,74.5834,-0.032682298004015564,44,False
Breakout_50_noSMA,EFA,2025-05-05,2025-08-01,83.3886,85.7266,0.028036742742522547,61,True
Breakout_50_noSMA,EFA,2025-08-14,2025-11-18,89.6063,91.1582,0.017318777610799474,67,True
Breakout_50_noSMA,EFA,2025-12-12,2026-03-04,95.3325,100.79,0.0572466587336562,54,True
Breakout_50,ELV,2020-05-29,2020-06-12,268.4653,251.4813,-0.0632630783958481,10,False
Breakout_50,ELV,2020-10-08,2020-10-30,272.6941,253.6379,-0.06988097857448072,16,False
Breakout_50,ELV,2020-11-05,2020-12-22,304.3803,284.0762,-0.06670635357631338,32,False
Breakout_50,ELV,2021-01-08,2021-01-25,314.0728,291.1156,-0.07309494701304164,10,False
Breakout_50,ELV,2021-03-19,2021-06-17,328.2037,353.2623,0.07635082287081651,62,True
Breakout_50,ELV,2021-10-21,2021-12-01,393.6817,385.8926,-0.01978544779744995,28,False
Breakout_50,ELV,2021-12-16,2022-01-27,417.2211,406.7405,-0.02512003589848333,28,False
Breakout_50,ELV,2022-03-07,2022-05-11,442.5062,461.237,0.04232883672229759,46,True
Breakout_50,ELV,2022-08-22,2022-09-07,477.4792,450.6969,-0.056091077463143124,11,False
Breakout_50,ELV,2022-10-25,2022-11-15,496.8027,467.6849,-0.058610434464217986,15,False
Breakout_50,ELV,2023-12-04,2023-12-21,463.5189,443.6909,-0.04277706979342766,13,False
Breakout_50,ELV,2024-02-09,2024-04-03,481.9529,481.7189,-0.00048540285752962653,36,False
Breakout_50,ELV,2024-04-19,2024-05-28,514.1495,501.9011,-0.023822512550898733,26,False
Breakout_50,ELV,2024-07-17,2024-07-18,509.2325,491.206,-0.03539930791419876,1,False
Breakout_50,ELV,2024-09-03,2024-09-24,538.4407,517.1048,-0.03962538327016962,15,False
Breakout_50,ELV,2025-04-04,2025-04-22,440.8766,401.8401,-0.08854288663443555,11,False
Breakout_50,ELV,2026-01-06,2026-01-28,361.6407,313.5273,-0.13304205839265293,15,False
Breakout_100,ELV,2020-10-23,2020-10-30,284.0093,253.6379,-0.10693775419785245,5,False
Breakout_100,ELV,2020-11-05,2020-12-22,304.3803,284.0762,-0.06670635357631338,32,False
Breakout_100,ELV,2021-01-08,2021-01-25,314.0728,291.1156,-0.07309494701304164,10,False
Breakout_100,ELV,2021-03-19,2021-06-17,328.2037,353.2623,0.07635082287081651,62,True
Breakout_100,ELV,2021-10-21,2021-12-01,393.6817,385.8926,-0.01978544779744995,28,False
Breakout_100,ELV,2021-12-16,2022-01-27,417.2211,406.7405,-0.02512003589848333,28,False
Breakout_100,ELV,2022-03-07,2022-05-11,442.5062,461.237,0.04232883672229759,46,True
Breakout_100,ELV,2022-10-25,2022-11-15,496.8027,467.6849,-0.058610434464217986,15,False
Breakout_100,ELV,2023-12-04,2023-12-21,463.5189,443.6909,-0.04277706979342766,13,False
Breakout_100,ELV,2024-02-09,2024-04-03,481.9529,481.7189,-0.00048540285752962653,36,False
Breakout_100,ELV,2024-04-19,2024-05-28,514.1495,501.9011,-0.023822512550898733,26,False
Breakout_100,ELV,2024-07-17,2024-07-18,509.2325,491.206,-0.03539930791419876,1,False
Breakout_100,ELV,2024-09-03,2024-09-24,538.4407,517.1048,-0.03962538327016962,15,False
Breakout_100,ELV,2025-04-04,2025-04-22,440.8766,401.8401,-0.08854288663443555,11,False
Breakout_100,ELV,2026-01-06,2026-01-28,361.6407,313.5273,-0.13304205839265293,15,False
Breakout_50_noSMA,ELV,2020-05-29,2020-06-12,268.4653,251.4813,-0.0632630783958481,10,False
Breakout_50_noSMA,ELV,2020-10-08,2020-10-30,272.6941,253.6379,-0.06988097857448072,16,False
Breakout_50_noSMA,ELV,2020-11-05,2020-12-22,304.3803,284.0762,-0.06670635357631338,32,False
Breakout_50_noSMA,ELV,2021-01-08,2021-01-25,314.0728,291.1156,-0.07309494701304164,10,False
Breakout_50_noSMA,ELV,2021-03-19,2021-06-17,328.2037,353.2623,0.07635082287081651,62,True
Breakout_50_noSMA,ELV,2021-10-21,2021-12-01,393.6817,385.8926,-0.01978544779744995,28,False
Breakout_50_noSMA,ELV,2021-12-16,2022-01-27,417.2211,406.7405,-0.02512003589848333,28,False
Breakout_50_noSMA,ELV,2022-03-07,2022-05-11,442.5062,461.237,0.04232883672229759,46,True
Breakout_50_noSMA,ELV,2022-08-22,2022-09-07,477.4792,450.6969,-0.056091077463143124,11,False
Breakout_50_noSMA,ELV,2022-10-25,2022-11-15,496.8027,467.6849,-0.058610434464217986,15,False
Breakout_50_noSMA,ELV,2023-12-04,2023-12-21,463.5189,443.6909,-0.04277706979342766,13,False
Breakout_50_noSMA,ELV,2024-02-09,2024-04-03,481.9529,481.7189,-0.00048540285752962653,36,False
Breakout_50_noSMA,ELV,2024-04-19,2024-05-28,514.1495,501.9011,-0.023822512550898733,26,False
Breakout_50_noSMA,ELV,2024-07-17,2024-07-18,509.2325,491.206,-0.03539930791419876,1,False
Breakout_50_noSMA,ELV,2024-09-03,2024-09-24,538.4407,517.1048,-0.03962538327016962,15,False
Breakout_50_noSMA,ELV,2025-03-12,2025-04-22,408.9483,401.8401,-0.017381590509873424,28,False
Breakout_50_noSMA,ELV,2025-10-02,2025-10-31,325.3077,316.4087,-0.02735552867591451,21,False
Breakout_50_noSMA,ELV,2026-01-06,2026-01-28,361.6407,313.5273,-0.13304205839265293,15,False
Breakout_50,EMR,2020-06-08,2020-07-10,60.2212,52.853,-0.12235299113448517,23,False
Breakout_50,EMR,2020-08-12,2020-09-22,62.8337,57.8254,-0.07970698940638854,28,False
Breakout_50,EMR,2020-11-10,2021-01-28,68.2775,72.2337,0.057942597847521204,53,True
Breakout_50,EMR,2021-02-08,2021-06-21,77.7108,84.6574,0.08939136850803076,92,True
Breakout_50,EMR,2021-07-30,2021-09-10,90.6058,92.1965,0.017556780677383976,29,True
Breakout_50,EMR,2022-03-30,2022-04-11,91.0156,87.2898,-0.04093631514498619,8,False
Breakout_50,EMR,2022-11-07,2023-01-18,83.7237,85.4051,0.020083570399432427,48,True
Breakout_50,EMR,2023-06-16,2023-09-27,84.1641,92.1528,0.09491753165761385,70,True
Breakout_50,EMR,2023-12-27,2024-02-01,93.7803,89.0792,-0.05012799410361535,24,False
Breakout_50,EMR,2024-02-08,2024-04-19,100.5867,105.8685,0.0525106290644628,49,True
Breakout_50,EMR,2024-05-10,2024-05-30,112.3706,107.5195,-0.04317026092099252,13,False
Breakout_50,EMR,2024-07-16,2024-08-05,114.0417,103.2199,-0.09489358579768747,14,False
Breakout_50,EMR,2024-11-06,2025-01-02,123.3688,122.8278,-0.004385399286133684,38,False
Breakout_50,EMR,2025-06-06,2025-08-07,122.5775,134.117,0.0941404106899475,42,True
Breakout_50,EMR,2026-01-06,2026-03-05,141.9047,143.0,0.007718683206126675,40,True
Breakout_100,EMR,2020-08-12,2020-09-22,62.8337,57.8254,-0.07970698940638854,28,False
Breakout_100,EMR,2020-11-10,2021-01-28,68.2775,72.2337,0.057942597847521204,53,True
Breakout_100,EMR,2021-02-08,2021-06-21,77.7108,84.6574,0.08939136850803076,92,True
Breakout_100,EMR,2021-07-30,2021-09-10,90.6058,92.1965,0.017556780677383976,29,True
Breakout_100,EMR,2022-03-30,2022-04-11,91.0156,87.2898,-0.04093631514498619,8,False
Breakout_100,EMR,2022-11-08,2023-01-18,85.0679,85.4051,0.003964725422796134,47,True
Breakout_100,EMR,2023-07-05,2023-09-27,85.5423,92.1528,0.07727723905909589,59,True
Breakout_100,EMR,2024-02-08,2024-04-19,100.5867,105.8685,0.0525106290644628,49,True
Breakout_100,EMR,2024-05-10,2024-05-30,112.3706,107.5195,-0.04317026092099252,13,False
Breakout_100,EMR,2024-07-16,2024-08-05,114.0417,103.2199,-0.09489358579768747,14,False
Breakout_100,EMR,2024-11-07,2025-01-02,123.1054,122.8278,-0.002255265223624514,37,False
Breakout_100,EMR,2025-06-25,2025-08-07,129.3649,134.117,0.03673436820885301,30,True
Breakout_100,EMR,2026-01-06,2026-03-05,141.9047,143.0,0.007718683206126675,40,True
Breakout_50_noSMA,EMR,2020-05-27,2020-07-10,54.0485,52.853,-0.02212029800469606,31,False
Breakout_50_noSMA,EMR,2020-08-12,2020-09-22,62.8337,57.8254,-0.07970698940638854,28,False
Breakout_50_noSMA,EMR,2020-11-10,2021-01-28,68.2775,72.2337,0.057942597847521204,53,True
Breakout_50_noSMA,EMR,2021-02-08,2021-06-21,77.7108,84.6574,0.08939136850803076,92,True
Breakout_50_noSMA,EMR,2021-07-30,2021-09-10,90.6058,92.1965,0.017556780677383976,29,True
Breakout_50_noSMA,EMR,2022-03-30,2022-04-11,91.0156,87.2898,-0.04093631514498619,8,False
Breakout_50_noSMA,EMR,2022-11-07,2023-01-18,83.7237,85.4051,0.020083570399432427,48,True
Breakout_50_noSMA,EMR,2023-06-16,2023-09-27,84.1641,92.1528,0.09491753165761385,70,True
Breakout_50_noSMA,EMR,2023-12-27,2024-02-01,93.7803,89.0792,-0.05012799410361535,24,False
Breakout_50_noSMA,EMR,2024-02-08,2024-04-19,100.5867,105.8685,0.0525106290644628,49,True
Breakout_50_noSMA,EMR,2024-05-10,2024-05-30,112.3706,107.5195,-0.04317026092099252,13,False
Breakout_50_noSMA,EMR,2024-07-16,2024-08-05,114.0417,103.2199,-0.09489358579768747,14,False
Breakout_50_noSMA,EMR,2024-11-06,2025-01-02,123.3688,122.8278,-0.004385399286133684,38,False
Breakout_50_noSMA,EMR,2025-06-06,2025-08-07,122.5775,134.117,0.0941404106899475,42,True
Breakout_50_noSMA,EMR,2026-01-06,2026-03-05,141.9047,143.0,0.007718683206126675,40,True
Breakout_50,ENPH,2020-05-12,2020-06-12,60.43,50.0,-0.17259639669871818,22,False
Breakout_50,ENPH,2020-08-05,2020-09-14,68.99,67.17,-0.026380631268000054,27,False
Breakout_50,ENPH,2020-09-30,2021-02-19,81.37,185.02,1.2738109626060292,97,True
Breakout_50,ENPH,2021-06-29,2021-08-17,188.2,166.14,-0.11721571687729926,34,False
Breakout_50,ENPH,2021-10-28,2021-12-14,216.22,205.1,-0.05142907711778677,32,False
Breakout_50,ENPH,2022-03-23,2022-04-22,184.89,156.91,-0.15133320255235827,21,False
Breakout_50,ENPH,2022-07-28,2022-09-26,271.4,277.86,0.02380247457758622,41,True
Breakout_50,ENPH,2022-12-05,2022-12-27,334.01,292.42,-0.12451721541840721,15,False
Breakout_50,ENPH,2024-05-29,2024-06-21,125.54,107.83,-0.14107056679399943,16,False
Breakout_50,ENPH,2026-01-23,2026-03-09,41.5,39.55,-0.04698797019131218,30,False
Breakout_100,ENPH,2020-05-12,2020-06-12,60.43,50.0,-0.17259639669871818,22,False
Breakout_100,ENPH,2020-08-06,2020-09-14,75.3,67.17,-0.10796818795909346,26,False
Breakout_100,ENPH,2020-09-30,2021-02-19,81.37,185.02,1.2738109626060292,97,True
Breakout_100,ENPH,2021-10-28,2021-12-14,216.22,205.1,-0.05142907711778677,32,False
Breakout_100,ENPH,2022-07-28,2022-09-26,271.4,277.86,0.02380247457758622,41,True
Breakout_100,ENPH,2022-12-05,2022-12-27,334.01,292.42,-0.12451721541840721,15,False
Breakout_100,ENPH,2026-02-05,2026-03-09,50.62,39.55,-0.21868826409341136,21,False
Breakout_50_noSMA,ENPH,2020-05-12,2020-06-12,60.43,50.0,-0.17259639669871818,22,False
Breakout_50_noSMA,ENPH,2020-08-05,2020-09-14,68.99,67.17,-0.026380631268000054,27,False
Breakout_50_noSMA,ENPH,2020-09-30,2021-02-19,81.37,185.02,1.2738109626060292,97,True
Breakout_50_noSMA,ENPH,2021-06-29,2021-08-17,188.2,166.14,-0.11721571687729926,34,False
Breakout_50_noSMA,ENPH,2021-10-28,2021-12-14,216.22,205.1,-0.05142907711778677,32,False
Breakout_50_noSMA,ENPH,2022-03-23,2022-04-22,184.89,156.91,-0.15133320255235827,21,False
Breakout_50_noSMA,ENPH,2022-07-28,2022-09-26,271.4,277.86,0.02380247457758622,41,True
Breakout_50_noSMA,ENPH,2022-12-05,2022-12-27,334.01,292.42,-0.12451721541840721,15,False
Breakout_50_noSMA,ENPH,2023-07-18,2023-07-28,189.67,150.0,-0.20915273133292245,8,False
Breakout_50_noSMA,ENPH,2023-12-20,2024-01-18,134.6,107.22,-0.20341756048477144,18,False
Breakout_50_noSMA,ENPH,2024-05-29,2024-06-21,125.54,107.83,-0.14107056679399943,16,False
Breakout_50_noSMA,ENPH,2026-01-13,2026-03-09,36.68,39.55,0.0782442450383456,37,True
Breakout_50,EOG,2020-11-24,2021-02-01,40.2656,39.8797,-0.009584789824337414,45,False
Breakout_50,EOG,2021-02-17,2021-04-21,49.2202,52.778,0.07228331559508905,44,True
Breakout_50,EOG,2021-05-10,2021-07-08,66.203,62.6006,-0.05441434031432735,41,False
Breakout_50,EOG,2021-09-28,2021-11-22,65.9983,68.4111,0.03655754102445874,39,True
Breakout_50,EOG,2022-01-10,2022-04-25,80.4363,93.7507,0.16552776081577347,72,True
Breakout_50,EOG,2022-05-09,2022-05-10,107.7945,100.6723,-0.06607225624060775,1,False
Breakout_50,EOG,2022-05-26,2022-06-17,112.7182,100.675,-0.10684346122233179,15,False
Breakout_50,EOG,2022-10-20,2022-12-07,113.9628,111.4151,-0.02235611633709289,33,False
Breakout_50,EOG,2023-07-13,2023-09-21,109.7791,114.3186,0.041350574405571994,49,True
Breakout_50,EOG,2023-10-19,2023-10-27,123.0485,116.6044,-0.052370490139239,6,False
Breakout_50,EOG,2024-03-21,2024-05-16,117.1442,120.6353,0.02980203827764849,39,True
Breakout_50,EOG,2024-07-16,2024-08-02,123.9702,117.6084,-0.05131723702060498,13,False
Breakout_50,EOG,2024-10-07,2024-10-23,125.6923,118.6638,-0.05591860156597561,12,False
Breakout_50,EOG,2024-11-15,2024-12-09,128.2689,122.8346,-0.042367007946021884,15,False
Breakout_50,EOG,2025-01-17,2025-02-03,130.9419,120.8474,-0.07709167713337439,10,False
Breakout_50,EOG,2026-02-12,2026-04-20,117.7557,128.72,0.09311051943639259,45,True
Breakout_100,EOG,2020-11-25,2021-02-01,41.6093,39.8797,-0.041569097894255225,44,False
Breakout_100,EOG,2021-02-17,2021-04-21,49.2202,52.778,0.07228331559508905,44,True
Breakout_100,EOG,2021-05-10,2021-07-08,66.203,62.6006,-0.05441434031432735,41,False
Breakout_100,EOG,2021-10-11,2021-11-22,73.4287,68.4111,-0.06833369776608877,30,False
Breakout_100,EOG,2022-01-10,2022-04-25,80.4363,93.7507,0.16552776081577347,72,True
Breakout_100,EOG,2022-05-09,2022-05-10,107.7945,100.6723,-0.06607225624060775,1,False
Breakout_100,EOG,2022-05-26,2022-06-17,112.7182,100.675,-0.10684346122233179,15,False
Breakout_100,EOG,2022-11-07,2022-12-07,124.1539,111.4151,-0.10260541272673585,21,False
Breakout_100,EOG,2023-07-25,2023-09-21,114.3004,114.3186,0.00015846151797904717,41,True
Breakout_100,EOG,2023-10-19,2023-10-27,123.0485,116.6044,-0.052370490139239,6,False
Breakout_100,EOG,2024-04-02,2024-05-16,121.8895,120.6353,-0.010289451827757423,32,False
Breakout_100,EOG,2024-11-15,2024-12-09,128.2689,122.8346,-0.042367007946021884,15,False
Breakout_100,EOG,2025-01-17,2025-02-03,130.9419,120.8474,-0.07709167713337439,10,False
Breakout_100,EOG,2026-02-12,2026-04-20,117.7557,128.72,0.09311051943639259,45,True
Breakout_50_noSMA,EOG,2020-06-03,2020-06-25,42.5606,36.7351,-0.13687411098087787,16,False
Breakout_50_noSMA,EOG,2020-11-17,2021-02-01,34.6358,39.8797,0.15139920880954105,50,True
Breakout_50_noSMA,EOG,2021-02-17,2021-04-21,49.2202,52.778,0.07228331559508905,44,True
Breakout_50_noSMA,EOG,2021-05-10,2021-07-08,66.203,62.6006,-0.05441434031432735,41,False
Breakout_50_noSMA,EOG,2021-09-28,2021-11-22,65.9983,68.4111,0.03655754102445874,39,True
Breakout_50_noSMA,EOG,2022-01-10,2022-04-25,80.4363,93.7507,0.16552776081577347,72,True
Breakout_50_noSMA,EOG,2022-05-09,2022-05-10,107.7945,100.6723,-0.06607225624060775,1,False
Breakout_50_noSMA,EOG,2022-05-26,2022-06-17,112.7182,100.675,-0.10684346122233179,15,False
Breakout_50_noSMA,EOG,2022-10-20,2022-12-07,113.9628,111.4151,-0.02235611633709289,33,False
Breakout_50_noSMA,EOG,2023-07-13,2023-09-21,109.7791,114.3186,0.041350574405571994,49,True
Breakout_50_noSMA,EOG,2023-10-19,2023-10-27,123.0485,116.6044,-0.052370490139239,6,False
Breakout_50_noSMA,EOG,2024-03-21,2024-05-16,117.1442,120.6353,0.02980203827764849,39,True
Breakout_50_noSMA,EOG,2024-07-16,2024-08-02,123.9702,117.6084,-0.05131723702060498,13,False
Breakout_50_noSMA,EOG,2024-10-07,2024-10-23,125.6923,118.6638,-0.05591860156597561,12,False
Breakout_50_noSMA,EOG,2024-11-15,2024-12-09,128.2689,122.8346,-0.042367007946021884,15,False
Breakout_50_noSMA,EOG,2025-01-17,2025-02-03,130.9419,120.8474,-0.07709167713337439,10,False
Breakout_50_noSMA,EOG,2026-02-12,2026-04-20,117.7557,128.72,0.09311051943639259,45,True
Breakout_50,EQIX,2020-04-13,2020-06-12,608.9528,599.8186,-0.014999848372642455,43,False
Breakout_50,EQIX,2020-07-02,2020-09-08,657.3255,669.3194,0.0182464346945872,46,True
Breakout_50,EQIX,2020-10-08,2020-10-23,722.8217,700.2829,-0.031181585223305497,11,False
Breakout_50,EQIX,2021-02-03,2021-02-16,690.2027,653.6557,-0.052951225764894194,8,False
Breakout_50,EQIX,2021-05-26,2021-07-30,674.0444,720.4428,0.06883583917980185,45,True
Breakout_50,EQIX,2021-09-02,2021-09-28,791.599,731.2271,-0.07626574138769182,17,False
Breakout_50,EQIX,2022-11-25,2023-02-23,627.9155,660.5505,0.05197358337929292,60,True
Breakout_50,EQIX,2023-05-05,2023-05-24,690.0468,653.1545,-0.05346345267836161,13,False
Breakout_50,EQIX,2023-06-02,2023-08-04,711.5898,714.9949,0.0047852175239533334,43,True
Breakout_50,EQIX,2023-11-15,2024-01-19,748.8346,756.858,0.010714612789230804,43,True
Breakout_50,EQIX,2024-01-30,2024-03-20,790.4486,767.0135,-0.02964786537908215,35,False
Breakout_50,EQIX,2024-08-14,2025-01-13,800.748,866.429,0.08202453924800279,103,True
Breakout_50,EQIX,2025-05-30,2025-06-26,862.5542,777.2745,-0.09886881791674718,18,False
Breakout_50,EQIX,2025-10-27,2025-11-14,833.3836,775.7388,-0.06916959760321095,14,False
Breakout_100,EQIX,2020-04-13,2020-06-12,608.9528,599.8186,-0.014999848372642455,43,False
Breakout_100,EQIX,2020-07-02,2020-09-08,657.3255,669.3194,0.0182464346945872,46,True
Breakout_100,EQIX,2020-10-08,2020-10-23,722.8217,700.2829,-0.031181585223305497,11,False
Breakout_100,EQIX,2021-06-04,2021-07-30,709.9318,720.4428,0.014805638844334057,39,True
Breakout_100,EQIX,2021-09-02,2021-09-28,791.599,731.2271,-0.07626574138769182,17,False
Breakout_100,EQIX,2023-01-13,2023-02-23,668.9593,660.5505,-0.012569907965279126,27,False
Breakout_100,EQIX,2023-06-05,2023-08-04,714.3536,714.9949,0.0008977908878506913,42,True
Breakout_100,EQIX,2023-12-01,2024-01-19,778.1082,756.858,-0.027310086131281164,32,False
Breakout_100,EQIX,2024-01-30,2024-03-20,790.4486,767.0135,-0.02964786537908215,35,False
Breakout_100,EQIX,2024-08-15,2025-01-13,806.9093,866.429,0.07376247040833461,102,True
Breakout_50_noSMA,EQIX,2020-04-13,2020-06-12,608.9528,599.8186,-0.014999848372642455,43,False
Breakout_50_noSMA,EQIX,2020-07-02,2020-09-08,657.3255,669.3194,0.0182464346945872,46,True
Breakout_50_noSMA,EQIX,2020-10-08,2020-10-23,722.8217,700.2829,-0.031181585223305497,11,False
Breakout_50_noSMA,EQIX,2021-02-03,2021-02-16,690.2027,653.6557,-0.052951225764894194,8,False
Breakout_50_noSMA,EQIX,2021-05-26,2021-07-30,674.0444,720.4428,0.06883583917980185,45,True
Breakout_50_noSMA,EQIX,2021-09-02,2021-09-28,791.599,731.2271,-0.07626574138769182,17,False
Breakout_50_noSMA,EQIX,2022-03-30,2022-04-28,699.2635,687.6642,-0.016587885713585826,20,False
Breakout_50_noSMA,EQIX,2022-07-29,2022-08-30,652.3935,615.2366,-0.056954808386417644,22,False
Breakout_50_noSMA,EQIX,2022-11-25,2023-02-23,627.9155,660.5505,0.05197358337929292,60,True
Breakout_50_noSMA,EQIX,2023-05-05,2023-05-24,690.0468,653.1545,-0.05346345267836161,13,False
Breakout_50_noSMA,EQIX,2023-06-02,2023-08-04,711.5898,714.9949,0.0047852175239533334,43,True
Breakout_50_noSMA,EQIX,2023-11-15,2024-01-19,748.8346,756.858,0.010714612789230804,43,True
Breakout_50_noSMA,EQIX,2024-01-30,2024-03-20,790.4486,767.0135,-0.02964786537908215,35,False
Breakout_50_noSMA,EQIX,2024-08-14,2025-01-13,800.748,866.429,0.08202453924800279,103,True
Breakout_50_noSMA,EQIX,2025-05-30,2025-06-26,862.5542,777.2745,-0.09886881791674718,18,False
Breakout_50_noSMA,EQIX,2025-10-15,2025-11-14,810.4285,775.7388,-0.042804164050360916,22,False
Breakout_50,EQR,2021-02-05,2021-05-13,52.6953,59.328,0.1258670604648544,67,True
Breakout_50,EQR,2021-05-25,2021-09-10,62.797,68.7138,0.09422073454672297,75,True
Breakout_50,EQR,2021-10-28,2021-12-02,72.9927,69.5045,-0.04778834627887929,24,False
Breakout_50,EQR,2021-12-16,2022-01-26,75.2847,73.9958,-0.017120522507344083,27,False
Breakout_50,EQR,2022-03-30,2022-04-28,78.2732,73.2778,-0.06382041967978902,20,False
Breakout_50,EQR,2023-06-08,2023-08-11,56.9527,58.2698,0.023127255765199806,44,True
Breakout_50,EQR,2023-12-14,2024-01-25,55.9965,54.1258,-0.03340675373694468,27,False
Breakout_50,EQR,2024-03-11,2024-04-16,57.8096,55.7585,-0.035480525075629266,25,False
Breakout_50,EQR,2024-05-07,2024-05-30,61.8781,58.6801,-0.05168307710058739,16,False
Breakout_50,EQR,2024-06-25,2024-10-08,63.7398,68.7911,0.0792489951352453,73,True
Breakout_50,EQR,2025-03-04,2025-03-12,71.3683,65.9849,-0.07543164312006045,6,False
Breakout_50,EQR,2026-02-09,2026-03-10,63.3725,61.0901,-0.03601489291769411,20,False
Breakout_100,EQR,2021-02-12,2021-05-13,54.9179,59.328,0.0803028897080924,62,True
Breakout_100,EQR,2021-05-25,2021-09-10,62.797,68.7138,0.09422073454672297,75,True
Breakout_100,EQR,2021-10-28,2021-12-02,72.9927,69.5045,-0.04778834627887929,24,False
Breakout_100,EQR,2021-12-16,2022-01-26,75.2847,73.9958,-0.017120522507344083,27,False
Breakout_100,EQR,2022-03-30,2022-04-28,78.2732,73.2778,-0.06382041967978902,20,False
Breakout_100,EQR,2023-06-15,2023-08-11,58.5244,58.2698,-0.004349590731715702,39,False
Breakout_100,EQR,2024-03-11,2024-04-16,57.8096,55.7585,-0.035480525075629266,25,False
Breakout_100,EQR,2024-05-07,2024-05-30,61.8781,58.6801,-0.05168307710058739,16,False
Breakout_100,EQR,2024-06-25,2024-10-08,63.7398,68.7911,0.0792489951352453,73,True
Breakout_100,EQR,2026-02-11,2026-03-10,64.7162,61.0901,-0.056030486009742364,18,False
Breakout_50_noSMA,EQR,2020-11-10,2021-05-13,48.2259,59.328,0.23020984122003352,126,True
Breakout_50_noSMA,EQR,2021-05-25,2021-09-10,62.797,68.7138,0.09422073454672297,75,True
Breakout_50_noSMA,EQR,2021-10-28,2021-12-02,72.9927,69.5045,-0.04778834627887929,24,False
Breakout_50_noSMA,EQR,2021-12-16,2022-01-26,75.2847,73.9958,-0.017120522507344083,27,False
Breakout_50_noSMA,EQR,2022-03-30,2022-04-28,78.2732,73.2778,-0.06382041967978902,20,False
Breakout_50_noSMA,EQR,2022-07-29,2022-08-31,66.6847,63.6392,-0.045670260891264025,23,False
Breakout_50_noSMA,EQR,2023-02-03,2023-03-02,56.7168,52.8083,-0.0689125448594593,18,False
Breakout_50_noSMA,EQR,2023-06-08,2023-08-11,56.9527,58.2698,0.023127255765199806,44,True
Breakout_50_noSMA,EQR,2023-12-14,2024-01-25,55.9965,54.1258,-0.03340675373694468,27,False
Breakout_50_noSMA,EQR,2024-03-11,2024-04-16,57.8096,55.7585,-0.035480525075629266,25,False
Breakout_50_noSMA,EQR,2024-05-07,2024-05-30,61.8781,58.6801,-0.05168307710058739,16,False
Breakout_50_noSMA,EQR,2024-06-25,2024-10-08,63.7398,68.7911,0.0792489951352453,73,True
Breakout_50_noSMA,EQR,2025-03-04,2025-03-12,71.3683,65.9849,-0.07543164312006045,6,False
Breakout_50_noSMA,EQR,2026-02-09,2026-03-10,63.3725,61.0901,-0.03601489291769411,20,False
Breakout_50,ES,2020-07-23,2020-08-12,72.0304,69.7974,-0.031001606765682754,14,False
Breakout_50,ES,2020-10-08,2020-11-20,74.2985,71.5632,-0.036814530075397034,31,False
Breakout_50,ES,2021-04-16,2021-05-06,73.2719,69.1308,-0.056516952294818346,14,False
Breakout_50,ES,2021-07-19,2021-09-15,72.3571,71.9939,-0.005019541072155298,41,False
Breakout_50,ES,2021-12-14,2022-01-25,74.6994,71.8192,-0.03855649658488891,28,False
Breakout_50,ES,2022-04-04,2022-05-03,75.7911,73.5542,-0.029513690104238877,20,False
Breakout_50,ES,2022-08-15,2022-09-16,79.5319,75.4102,-0.051823977990902326,23,False
Breakout_50,ES,2022-12-13,2023-01-19,74.6028,70.3031,-0.05763561944307383,24,False
Breakout_50,ES,2024-05-02,2024-05-24,57.107,53.1715,-0.06891522017617802,16,False
Breakout_50,ES,2024-07-25,2024-10-04,58.5237,60.6927,0.037061146508482024,50,True
Breakout_50,ES,2025-05-19,2025-08-19,60.8018,62.5047,0.02800767172493912,63,True
Breakout_50,ES,2025-09-24,2025-11-20,67.9514,63.9588,-0.058755749453816786,41,False
Breakout_50,ES,2026-02-17,2026-03-20,74.2153,68.9,-0.07162053240115884,23,False
Breakout_100,ES,2020-10-08,2020-11-20,74.2985,71.5632,-0.036814530075397034,31,False
Breakout_100,ES,2021-08-17,2021-09-15,75.1184,71.9939,-0.04159413299961601,20,False
Breakout_100,ES,2022-04-07,2022-05-03,78.0703,73.5542,-0.05784667960742018,17,False
Breakout_100,ES,2024-07-25,2024-10-04,58.5237,60.6927,0.037061146508482024,50,True
Breakout_100,ES,2025-05-19,2025-08-19,60.8018,62.5047,0.02800767172493912,63,True
Breakout_100,ES,2025-09-24,2025-11-20,67.9514,63.9588,-0.058755749453816786,41,False
Breakout_100,ES,2026-02-25,2026-03-20,74.1065,68.9,-0.07025697140527798,17,False
Breakout_50_noSMA,ES,2020-07-23,2020-08-12,72.0304,69.7974,-0.031001606765682754,14,False
Breakout_50_noSMA,ES,2020-10-08,2020-11-20,74.2985,71.5632,-0.036814530075397034,31,False
Breakout_50_noSMA,ES,2021-04-16,2021-05-06,73.2719,69.1308,-0.056516952294818346,14,False
Breakout_50_noSMA,ES,2021-07-19,2021-09-15,72.3571,71.9939,-0.005019541072155298,41,False
Breakout_50_noSMA,ES,2021-12-14,2022-01-25,74.6994,71.8192,-0.03855649658488891,28,False
Breakout_50_noSMA,ES,2022-04-04,2022-05-03,75.7911,73.5542,-0.029513690104238877,20,False
Breakout_50_noSMA,ES,2022-08-15,2022-09-16,79.5319,75.4102,-0.051823977990902326,23,False
Breakout_50_noSMA,ES,2022-12-13,2023-01-19,74.6028,70.3031,-0.05763561944307383,24,False
Breakout_50_noSMA,ES,2023-12-14,2024-01-10,56.6553,51.6608,-0.08815667556369045,17,False
Breakout_50_noSMA,ES,2024-05-02,2024-05-24,57.107,53.1715,-0.06891522017617802,16,False
Breakout_50_noSMA,ES,2024-07-25,2024-10-04,58.5237,60.6927,0.037061146508482024,50,True
Breakout_50_noSMA,ES,2025-05-19,2025-08-19,60.8018,62.5047,0.02800767172493912,63,True
Breakout_50_noSMA,ES,2025-09-24,2025-11-20,67.9514,63.9588,-0.058755749453816786,41,False
Breakout_50_noSMA,ES,2026-02-17,2026-03-20,74.2153,68.9,-0.07162053240115884,23,False
Breakout_50,ETN,2020-06-04,2020-09-22,79.9166,88.7687,0.1107665821793522,76,True
Breakout_50,ETN,2020-10-08,2020-10-29,97.612,92.6081,-0.05126285112121609,15,False
Breakout_50,ETN,2020-11-10,2021-01-28,104.1251,106.1955,0.019883657446175373,53,True
Breakout_50,ETN,2021-02-23,2021-06-18,119.7998,130.1652,0.08652298064512376,81,True
Breakout_50,ETN,2021-07-02,2021-09-13,138.9064,149.8392,0.07870635097582368,49,True
Breakout_50,ETN,2021-11-03,2021-12-01,157.8019,154.6049,-0.02025949090697654,19,False
Breakout_50,ETN,2022-08-15,2022-09-01,144.6427,128.9872,-0.10823591899538532,13,False
Breakout_50,ETN,2022-11-02,2022-12-29,144.3958,149.9705,0.03860736937871745,39,True
Breakout_50,ETN,2023-02-09,2023-03-16,161.744,153.0231,-0.053917742325151785,24,False
Breakout_50,ETN,2023-05-30,2023-09-20,176.9949,210.5544,0.18960695851091147,78,True
Breakout_50,ETN,2023-12-12,2024-06-05,228.4964,312.7868,0.3688912455751099,120,True
Breakout_50,ETN,2024-10-10,2024-12-18,329.1795,343.4911,0.04347661561832705,48,True
Breakout_50,ETN,2025-05-13,2025-08-15,320.8609,352.9221,0.09992224720307252,65,True
Breakout_50,ETN,2025-10-30,2025-11-12,382.2395,366.866,-0.040219317243276764,9,False
Breakout_50,ETN,2026-02-04,2026-03-09,364.4635,342.2528,-0.06094089074430331,22,False
Breakout_100,ETN,2020-08-11,2020-09-22,90.5848,88.7687,-0.02004875193023159,29,False
Breakout_100,ETN,2020-10-08,2020-10-29,97.612,92.6081,-0.05126285112121609,15,False
Breakout_100,ETN,2020-11-10,2021-01-28,104.1251,106.1955,0.019883657446175373,53,True
Breakout_100,ETN,2021-02-23,2021-06-18,119.7998,130.1652,0.08652298064512376,81,True
Breakout_100,ETN,2021-07-02,2021-09-13,138.9064,149.8392,0.07870635097582368,49,True
Breakout_100,ETN,2021-11-03,2021-12-01,157.8019,154.6049,-0.02025949090697654,19,False
Breakout_100,ETN,2022-11-07,2022-12-29,150.6561,149.9705,-0.0045506268879680345,36,False
Breakout_100,ETN,2023-02-09,2023-03-16,161.744,153.0231,-0.053917742325151785,24,False
Breakout_100,ETN,2023-05-30,2023-09-20,176.9949,210.5544,0.18960695851091147,78,True
Breakout_100,ETN,2023-12-27,2024-06-05,233.3574,312.7868,0.34037639260562247,110,True
Breakout_100,ETN,2024-10-15,2024-12-18,340.0344,343.4911,0.010165799476129722,45,True
Breakout_100,ETN,2025-06-25,2025-08-15,343.3229,352.9221,0.0279597369905773,36,True
Breakout_100,ETN,2026-02-12,2026-03-09,398.7566,342.2528,-0.14169996784686734,16,False
Breakout_50_noSMA,ETN,2020-06-04,2020-09-22,79.9166,88.7687,0.1107665821793522,76,True
Breakout_50_noSMA,ETN,2020-10-08,2020-10-29,97.612,92.6081,-0.05126285112121609,15,False
Breakout_50_noSMA,ETN,2020-11-10,2021-01-28,104.1251,106.1955,0.019883657446175373,53,True
Breakout_50_noSMA,ETN,2021-02-23,2021-06-18,119.7998,130.1652,0.08652298064512376,81,True
Breakout_50_noSMA,ETN,2021-07-02,2021-09-13,138.9064,149.8392,0.07870635097582368,49,True
Breakout_50_noSMA,ETN,2021-11-03,2021-12-01,157.8019,154.6049,-0.02025949090697654,19,False
Breakout_50_noSMA,ETN,2022-08-01,2022-09-01,138.709,128.9872,-0.07008745556134677,23,False
Breakout_50_noSMA,ETN,2022-11-02,2022-12-29,144.3958,149.9705,0.03860736937871745,39,True
Breakout_50_noSMA,ETN,2023-02-09,2023-03-16,161.744,153.0231,-0.053917742325151785,24,False
Breakout_50_noSMA,ETN,2023-05-30,2023-09-20,176.9949,210.5544,0.18960695851091147,78,True
Breakout_50_noSMA,ETN,2023-12-12,2024-06-05,228.4964,312.7868,0.3688912455751099,120,True
Breakout_50_noSMA,ETN,2024-10-10,2024-12-18,329.1795,343.4911,0.04347661561832705,48,True
Breakout_50_noSMA,ETN,2025-05-09,2025-08-15,306.9734,352.9221,0.14968302914269027,67,True
Breakout_50_noSMA,ETN,2025-10-30,2025-11-12,382.2395,366.866,-0.040219317243276764,9,False
Breakout_50_noSMA,ETN,2026-02-04,2026-03-09,364.4635,342.2528,-0.06094089074430331,22,False
Breakout_50,ETSY,2020-02-28,2020-03-12,56.85,45.27,-0.2036939019730809,9,False
Breakout_50,ETSY,2020-04-21,2020-09-04,65.43,114.23,0.7458352869348457,96,True
Breakout_50,ETSY,2020-10-08,2020-11-02,145.0,123.228,-0.1501517460264009,17,False
Breakout_50,ETSY,2020-11-30,2021-02-26,161.94,224.0,0.38322833532776146,60,True
Breakout_50,ETSY,2021-03-02,2021-03-05,243.5,201.01,-0.17449694247705982,3,False
Breakout_50,ETSY,2021-07-26,2021-08-06,207.47,183.007,-0.11791101023082418,9,False
Breakout_50,ETSY,2021-08-27,2021-09-30,210.0,206.59,-0.01623811267671127,23,False
Breakout_50,ETSY,2021-10-21,2021-12-06,232.61,228.66,-0.016981200025268373,31,False
Breakout_50,ETSY,2022-11-15,2023-01-04,124.76,116.78,-0.06396283440441042,33,False
Breakout_50,ETSY,2023-02-03,2023-02-17,143.3,130.4,-0.09002099707293199,10,False
Breakout_50,ETSY,2023-12-20,2024-01-11,87.0,74.62,-0.14229881900480423,14,False
Breakout_50,ETSY,2024-12-17,2024-12-30,61.61,52.3,-0.15111185328777244,8,False
Breakout_50,ETSY,2025-05-29,2025-06-27,51.99,50.88,-0.021350270715826958,20,False
Breakout_50,ETSY,2025-08-14,2025-08-26,69.1,57.02,-0.17481907790318618,8,False
Breakout_50,ETSY,2025-09-30,2025-10-31,71.89,62.55,-0.12992071542474892,23,False
Breakout_100,ETSY,2020-03-05,2020-03-12,61.01,45.27,-0.2579904654449756,5,False
Breakout_100,ETSY,2020-04-21,2020-09-04,65.43,114.23,0.7458352869348457,96,True
Breakout_100,ETSY,2020-10-08,2020-11-02,145.0,123.228,-0.1501517460264009,17,False
Breakout_100,ETSY,2020-11-30,2021-02-26,161.94,224.0,0.38322833532776146,60,True
Breakout_100,ETSY,2021-03-02,2021-03-05,243.5,201.01,-0.17449694247705982,3,False
Breakout_100,ETSY,2021-09-17,2021-09-30,224.34,206.59,-0.07912097837991294,9,False
Breakout_100,ETSY,2021-10-21,2021-12-06,232.61,228.66,-0.016981200025268373,31,False
Breakout_100,ETSY,2022-11-16,2023-01-04,120.09,116.78,-0.027562641848040248,32,False
Breakout_100,ETSY,2023-02-03,2023-02-17,143.3,130.4,-0.09002099707293199,10,False
Breakout_100,ETSY,2025-06-03,2025-06-27,58.43,50.88,-0.12921443090240348,17,False
Breakout_100,ETSY,2025-08-14,2025-08-26,69.1,57.02,-0.17481907790318618,8,False
Breakout_100,ETSY,2025-09-30,2025-10-31,71.89,62.55,-0.12992071542474892,23,False
Breakout_50_noSMA,ETSY,2020-02-28,2020-03-12,56.85,45.27,-0.2036939019730809,9,False
Breakout_50_noSMA,ETSY,2020-04-21,2020-09-04,65.43,114.23,0.7458352869348457,96,True
Breakout_50_noSMA,ETSY,2020-10-08,2020-11-02,145.0,123.228,-0.1501517460264009,17,False
Breakout_50_noSMA,ETSY,2020-11-30,2021-02-26,161.94,224.0,0.38322833532776146,60,True
Breakout_50_noSMA,ETSY,2021-03-02,2021-03-05,243.5,201.01,-0.17449694247705982,3,False
Breakout_50_noSMA,ETSY,2021-07-26,2021-08-06,207.47,183.007,-0.11791101023082418,9,False
Breakout_50_noSMA,ETSY,2021-08-27,2021-09-30,210.0,206.59,-0.01623811267671127,23,False
Breakout_50_noSMA,ETSY,2021-10-21,2021-12-06,232.61,228.66,-0.016981200025268373,31,False
Breakout_50_noSMA,ETSY,2022-07-22,2022-09-21,96.24,104.65,0.08738574240217645,42,True
Breakout_50_noSMA,ETSY,2022-11-15,2023-01-04,124.76,116.78,-0.06396283440441042,33,False
Breakout_50_noSMA,ETSY,2023-02-03,2023-02-17,143.3,130.4,-0.09002099707293199,10,False
Breakout_50_noSMA,ETSY,2023-11-28,2024-01-11,73.7,74.62,0.0124831185405061,30,True
Breakout_50_noSMA,ETSY,2024-12-05,2024-12-30,59.5,52.3,-0.12100841618385638,16,False
Breakout_50_noSMA,ETSY,2025-05-29,2025-06-27,51.99,50.88,-0.021350270715826958,20,False
Breakout_50_noSMA,ETSY,2025-08-14,2025-08-26,69.1,57.02,-0.17481907790318618,8,False
Breakout_50_noSMA,ETSY,2025-09-30,2025-10-31,71.89,62.55,-0.12992071542474892,23,False
Breakout_50,EW,2020-07-23,2020-09-23,77.98,78.75,0.009874283276726015,43,True
Breakout_50,EW,2020-12-29,2021-01-25,91.39,85.39,-0.06565269767010862,17,False
Breakout_50,EW,2021-04-19,2021-09-29,88.37,114.23,0.29263324438848426,114,True
Breakout_50,EW,2021-12-22,2022-01-18,124.2,115.0,-0.07407405132285227,17,False
Breakout_50,EW,2022-04-04,2022-04-28,122.2,110.16,-0.0985269524289133,17,False
Breakout_50,EW,2023-04-20,2023-05-24,86.55,84.23,-0.02680531037574696,24,False
Breakout_50,EW,2023-06-15,2023-07-28,90.2,82.94,-0.08048774670138636,29,False
Breakout_50,EW,2024-02-05,2024-04-16,88.0,89.09,0.012386322021484375,49,True
Breakout_50,EW,2024-06-28,2024-07-17,93.59,87.99,-0.05983543854306028,12,False
Breakout_50,EW,2025-05-19,2025-06-18,77.74,72.78,-0.06380240829391959,21,False
Breakout_50,EW,2025-07-11,2025-07-17,78.26,76.18,-0.026578095761279674,4,False
Breakout_50,EW,2025-07-28,2025-08-13,80.45,77.2,-0.04039776411788931,12,False
Breakout_100,EW,2020-08-27,2020-09-23,81.52,78.75,-0.033979351780334066,18,False
Breakout_100,EW,2020-12-29,2021-01-25,91.39,85.39,-0.06565269767010862,17,False
Breakout_100,EW,2021-04-22,2021-09-29,94.4,114.23,0.21006357532333797,111,True
Breakout_100,EW,2021-12-22,2022-01-18,124.2,115.0,-0.07407405132285227,17,False
Breakout_100,EW,2023-04-20,2023-05-24,86.55,84.23,-0.02680531037574696,24,False
Breakout_100,EW,2023-06-15,2023-07-28,90.2,82.94,-0.08048774670138636,29,False
Breakout_100,EW,2024-02-05,2024-04-16,88.0,89.09,0.012386322021484375,49,True
Breakout_100,EW,2025-05-19,2025-06-18,77.74,72.78,-0.06380240829391959,21,False
Breakout_100,EW,2025-07-11,2025-07-17,78.26,76.18,-0.026578095761279674,4,False
Breakout_100,EW,2025-07-28,2025-08-13,80.45,77.2,-0.04039776411788931,12,False
Breakout_50_noSMA,EW,2020-07-23,2020-09-23,77.98,78.75,0.009874283276726015,43,True
Breakout_50_noSMA,EW,2020-12-29,2021-01-25,91.39,85.39,-0.06565269767010862,17,False
Breakout_50_noSMA,EW,2021-04-19,2021-09-29,88.37,114.23,0.29263324438848426,114,True
Breakout_50_noSMA,EW,2021-12-22,2022-01-18,124.2,115.0,-0.07407405132285227,17,False
Breakout_50_noSMA,EW,2022-04-04,2022-04-28,122.2,110.16,-0.0985269524289133,17,False
Breakout_50_noSMA,EW,2022-07-22,2022-08-23,103.2,95.3,-0.07655033071799855,22,False
Breakout_50_noSMA,EW,2023-01-18,2023-02-22,79.0,75.58,-0.043291116062598944,24,False
Breakout_50_noSMA,EW,2023-04-20,2023-05-24,86.55,84.23,-0.02680531037574696,24,False
Breakout_50_noSMA,EW,2023-06-15,2023-07-28,90.2,82.94,-0.08048774670138636,29,False
Breakout_50_noSMA,EW,2023-12-14,2024-04-16,76.07,89.09,0.17115810037202195,83,True
Breakout_50_noSMA,EW,2024-06-28,2024-07-17,93.59,87.99,-0.05983543854306028,12,False
Breakout_50_noSMA,EW,2024-12-05,2025-01-14,73.41,71.34,-0.028197891580915235,25,False
Breakout_50_noSMA,EW,2025-05-19,2025-06-18,77.74,72.78,-0.06380240829391959,21,False
Breakout_50_noSMA,EW,2025-07-11,2025-07-17,78.26,76.18,-0.026578095761279674,4,False
Breakout_50_noSMA,EW,2025-07-28,2025-08-13,80.45,77.2,-0.04039776411788931,12,False
Breakout_50,EWA,2020-06-09,2020-09-09,16.1371,16.4197,0.017515066895839704,64,True
Breakout_50,EWA,2020-11-06,2021-02-01,17.1947,19.6854,0.14485247248393973,57,True
Breakout_50,EWA,2021-02-17,2021-03-01,20.4506,20.4669,0.0007958543556276787,8,True
Breakout_50,EWA,2021-04-16,2021-06-21,21.3054,21.5556,0.011739387676514834,45,True
Breakout_50,EWA,2021-10-21,2021-11-12,21.8197,21.4565,-0.016647713766447247,16,False
Breakout_50,EWA,2022-03-21,2022-04-25,21.907,21.0858,-0.03748538707797011,24,False
Breakout_50,EWA,2022-11-14,2023-02-22,19.9381,21.0873,0.05763916535115454,67,True
Breakout_50,EWA,2023-06-20,2023-06-26,21.3812,20.2183,-0.05438974310187783,4,False
Breakout_50,EWA,2023-11-29,2024-02-14,20.5662,21.7033,0.05528570202392302,52,True
Breakout_50,EWA,2024-03-08,2024-04-15,23.3569,22.5721,-0.03359992539635648,25,False
Breakout_50,EWA,2024-05-17,2024-05-30,23.4036,22.7964,-0.02594806294816565,8,False
Breakout_50,EWA,2024-07-05,2024-07-25,23.7791,23.084,-0.029235031008241652,14,False
Breakout_50,EWA,2024-08-26,2024-10-24,24.7314,24.8076,0.003080510912030654,42,True
Breakout_50,EWA,2025-05-05,2025-08-01,24.3059,25.5827,0.05252936602235181,61,True
Breakout_50,EWA,2025-08-13,2025-09-25,26.3693,25.9858,-0.014541421886916872,30,False
Breakout_50,EWA,2026-01-23,2026-03-16,27.17,28.54,0.05042329169622395,35,True
Breakout_100,EWA,2020-08-11,2020-09-09,16.896,16.4197,-0.028189098818719338,20,False
Breakout_100,EWA,2020-11-06,2021-02-01,17.1947,19.6854,0.14485247248393973,57,True
Breakout_100,EWA,2021-02-17,2021-03-01,20.4506,20.4669,0.0007958543556276787,8,True
Breakout_100,EWA,2021-04-16,2021-06-21,21.3054,21.5556,0.011739387676514834,45,True
Breakout_100,EWA,2022-03-23,2022-04-25,22.0952,21.0858,-0.04568336226076419,22,False
Breakout_100,EWA,2022-11-28,2023-02-22,20.3174,21.0873,0.03789132566400433,58,True
Breakout_100,EWA,2023-12-15,2024-02-14,21.894,21.7033,-0.008711258235343244,40,False
Breakout_100,EWA,2024-03-08,2024-04-15,23.3569,22.5721,-0.03359992539635648,25,False
Breakout_100,EWA,2024-05-17,2024-05-30,23.4036,22.7964,-0.02594806294816565,8,False
Breakout_100,EWA,2024-07-05,2024-07-25,23.7791,23.084,-0.029235031008241652,14,False
Breakout_100,EWA,2024-08-26,2024-10-24,24.7314,24.8076,0.003080510912030654,42,True
Breakout_100,EWA,2025-05-28,2025-08-01,24.7804,25.5827,0.03237542301204921,45,True
Breakout_100,EWA,2025-08-13,2025-09-25,26.3693,25.9858,-0.014541421886916872,30,False
Breakout_100,EWA,2026-01-26,2026-03-16,27.7,28.54,0.030324914420643223,34,True
Breakout_50_noSMA,EWA,2020-05-27,2020-09-09,14.6021,16.4197,0.12447586856250403,73,True
Breakout_50_noSMA,EWA,2020-11-06,2021-02-01,17.1947,19.6854,0.14485247248393973,57,True
Breakout_50_noSMA,EWA,2021-02-17,2021-03-01,20.4506,20.4669,0.0007958543556276787,8,True
Breakout_50_noSMA,EWA,2021-04-16,2021-06-21,21.3054,21.5556,0.011739387676514834,45,True
Breakout_50_noSMA,EWA,2021-10-21,2021-11-12,21.8197,21.4565,-0.016647713766447247,16,False
Breakout_50_noSMA,EWA,2022-03-21,2022-04-25,21.907,21.0858,-0.03748538707797011,24,False
Breakout_50_noSMA,EWA,2022-11-14,2023-02-22,19.9381,21.0873,0.05763916535115454,67,True
Breakout_50_noSMA,EWA,2023-06-20,2023-06-26,21.3812,20.2183,-0.05438974310187783,4,False
Breakout_50_noSMA,EWA,2023-11-29,2024-02-14,20.5662,21.7033,0.05528570202392302,52,True
Breakout_50_noSMA,EWA,2024-03-08,2024-04-15,23.3569,22.5721,-0.03359992539635648,25,False
Breakout_50_noSMA,EWA,2024-05-17,2024-05-30,23.4036,22.7964,-0.02594806294816565,8,False
Breakout_50_noSMA,EWA,2024-07-05,2024-07-25,23.7791,23.084,-0.029235031008241652,14,False
Breakout_50_noSMA,EWA,2024-08-26,2024-10-24,24.7314,24.8076,0.003080510912030654,42,True
Breakout_50_noSMA,EWA,2025-05-05,2025-08-01,24.3059,25.5827,0.05252936602235181,61,True
Breakout_50_noSMA,EWA,2025-08-13,2025-09-25,26.3693,25.9858,-0.014541421886916872,30,False
Breakout_50_noSMA,EWA,2026-01-23,2026-03-16,27.17,28.54,0.05042329169622395,35,True
Breakout_50,EWG,2020-06-02,2020-09-22,23.0525,25.3826,0.10107546803763778,78,True
Breakout_50,EWG,2020-11-27,2021-02-26,26.7185,28.6048,0.07059784183836082,61,True
Breakout_50,EWG,2021-03-12,2021-06-21,29.0823,31.1859,0.07233548216382224,69,True
Breakout_50,EWG,2022-11-14,2023-03-13,23.0943,25.0558,0.08493321830665335,80,True
Breakout_50,EWG,2023-04-14,2023-05-25,27.3081,26.4203,-0.032511968971216554,29,False
Breakout_50,EWG,2023-06-16,2023-06-26,27.9398,26.8165,-0.04020624470575995,5,False
Breakout_50,EWG,2023-07-14,2023-08-03,28.1318,26.9413,-0.042320875392870216,14,False
Breakout_50,EWG,2023-11-16,2024-02-06,26.5572,27.9033,0.05068563723838593,54,True
Breakout_50,EWG,2024-02-23,2024-04-15,29.0075,29.5644,0.019198986615819758,35,True
Breakout_50,EWG,2024-05-10,2024-06-14,30.8895,29.4994,-0.045001138923891126,24,False
Breakout_50,EWG,2024-08-22,2024-10-24,31.5651,32.411,0.026799678398657933,44,True
Breakout_50,EWG,2025-01-22,2025-04-07,33.6504,32.8045,-0.02513882915884713,52,False
Breakout_50,EWG,2025-04-28,2025-07-31,38.7752,41.35,0.0664036079659065,65,True
Breakout_50,EWG,2025-12-26,2026-03-03,42.66,40.83,-0.04289728136200255,44,False
Breakout_100,EWG,2020-07-21,2020-09-22,25.7231,25.3826,-0.013238238799590851,44,False
Breakout_100,EWG,2020-12-02,2021-02-26,27.0416,28.6048,0.057807368988337826,58,True
Breakout_100,EWG,2021-03-12,2021-06-21,29.0823,31.1859,0.07233548216382224,69,True
Breakout_100,EWG,2022-11-14,2023-03-13,23.0943,25.0558,0.08493321830665335,80,True
Breakout_100,EWG,2023-04-14,2023-05-25,27.3081,26.4203,-0.032511968971216554,29,False
Breakout_100,EWG,2023-06-16,2023-06-26,27.9398,26.8165,-0.04020624470575995,5,False
Breakout_100,EWG,2023-07-14,2023-08-03,28.1318,26.9413,-0.042320875392870216,14,False
Breakout_100,EWG,2023-12-15,2024-02-06,28.1991,27.9033,-0.0104881703236831,34,False
Breakout_100,EWG,2024-02-23,2024-04-15,29.0075,29.5644,0.019198986615819758,35,True
Breakout_100,EWG,2024-05-10,2024-06-14,30.8895,29.4994,-0.045001138923891126,24,False
Breakout_100,EWG,2024-08-22,2024-10-24,31.5651,32.411,0.026799678398657933,44,True
Breakout_100,EWG,2025-01-24,2025-04-07,33.9848,32.8045,-0.0347322848799273,50,False
Breakout_100,EWG,2025-04-28,2025-07-31,38.7752,41.35,0.0664036079659065,65,True
Breakout_100,EWG,2026-01-06,2026-03-03,43.19,40.83,-0.0546422058507513,38,False
Breakout_50_noSMA,EWG,2020-05-27,2020-09-22,22.1453,25.3826,0.14618399361099166,82,True
Breakout_50_noSMA,EWG,2020-11-27,2021-02-26,26.7185,28.6048,0.07059784183836082,61,True
Breakout_50_noSMA,EWG,2021-03-12,2021-06-21,29.0823,31.1859,0.07233548216382224,69,True
Breakout_50_noSMA,EWG,2022-11-11,2023-03-13,22.7954,25.0558,0.09916173426177655,81,True
Breakout_50_noSMA,EWG,2023-04-14,2023-05-25,27.3081,26.4203,-0.032511968971216554,29,False
Breakout_50_noSMA,EWG,2023-06-16,2023-06-26,27.9398,26.8165,-0.04020624470575995,5,False
Breakout_50_noSMA,EWG,2023-07-14,2023-08-03,28.1318,26.9413,-0.042320875392870216,14,False
Breakout_50_noSMA,EWG,2023-11-16,2024-02-06,26.5572,27.9033,0.05068563723838593,54,True
Breakout_50_noSMA,EWG,2024-02-23,2024-04-15,29.0075,29.5644,0.019198986615819758,35,True
Breakout_50_noSMA,EWG,2024-05-10,2024-06-14,30.8895,29.4994,-0.045001138923891126,24,False
Breakout_50_noSMA,EWG,2024-08-22,2024-10-24,31.5651,32.411,0.026799678398657933,44,True
Breakout_50_noSMA,EWG,2025-01-22,2025-04-07,33.6504,32.8045,-0.02513882915884713,52,False
Breakout_50_noSMA,EWG,2025-04-28,2025-07-31,38.7752,41.35,0.0664036079659065,65,True
Breakout_50_noSMA,EWG,2025-12-26,2026-03-03,42.66,40.83,-0.04289728136200255,44,False
Breakout_50,EWJ,2020-05-29,2020-08-03,48.52,48.4548,-0.0013431866308065699,45,False
Breakout_50,EWJ,2020-08-13,2020-10-27,51.1119,52.0918,0.019170833031480372,52,True
Breakout_50,EWJ,2020-11-04,2021-03-01,52.6833,60.9992,0.15784725713178016,78,True
Breakout_50,EWJ,2021-09-02,2021-10-05,62.3328,60.7794,-0.02492121394266289,22,False
Breakout_50,EWJ,2022-11-25,2023-01-06,50.9889,49.3004,-0.033115703624081116,28,False
Breakout_50,EWJ,2023-01-17,2023-02-22,52.2752,51.4514,-0.015759172095825447,25,False
Breakout_50,EWJ,2023-04-28,2023-08-03,53.575,56.1005,0.04713876242283366,66,True
Breakout_50,EWJ,2023-12-04,2024-04-15,57.4369,65.0838,0.13313657812541235,90,True
Breakout_50,EWJ,2024-07-05,2024-07-26,65.904,64.3129,-0.024142803994290807,15,False
Breakout_50,EWJ,2024-09-27,2024-10-16,67.4857,65.9135,-0.023297972099424635,13,False
Breakout_50,EWJ,2025-03-06,2025-04-01,66.9813,64.8586,-0.03169156368847337,18,False
Breakout_50,EWJ,2025-04-30,2025-07-14,67.7271,69.6442,0.02830512032822652,50,True
Breakout_50,EWJ,2025-07-24,2025-10-13,73.9915,76.17,0.029442343177679797,56,True
Breakout_50,EWJ,2025-10-29,2025-11-19,80.5077,77.7701,-0.03400377067434779,15,False
Breakout_50,EWJ,2025-12-16,2026-03-06,81.11,84.38,0.0403155790711347,54,True
Breakout_100,EWJ,2020-08-13,2020-10-27,51.1119,52.0918,0.019170833031480372,52,True
Breakout_100,EWJ,2020-11-04,2021-03-01,52.6833,60.9992,0.15784725713178016,78,True
Breakout_100,EWJ,2021-09-02,2021-10-05,62.3328,60.7794,-0.02492121394266289,22,False
Breakout_100,EWJ,2023-01-17,2023-02-22,52.2752,51.4514,-0.015759172095825447,25,False
Breakout_100,EWJ,2023-04-28,2023-08-03,53.575,56.1005,0.04713876242283366,66,True
Breakout_100,EWJ,2023-12-26,2024-04-15,58.981,65.0838,0.10347009510240324,75,True
Breakout_100,EWJ,2024-07-17,2024-07-26,67.3069,64.3129,-0.04448173748210338,7,False
Breakout_100,EWJ,2024-09-27,2024-10-16,67.4857,65.9135,-0.023297972099424635,13,False
Breakout_100,EWJ,2025-03-18,2025-04-01,67.5741,64.8586,-0.040186700760517335,10,False
Breakout_100,EWJ,2025-04-30,2025-07-14,67.7271,69.6442,0.02830512032822652,50,True
Breakout_100,EWJ,2025-07-24,2025-10-13,73.9915,76.17,0.029442343177679797,56,True
Breakout_100,EWJ,2025-10-29,2025-11-19,80.5077,77.7701,-0.03400377067434779,15,False
Breakout_100,EWJ,2025-12-16,2026-03-06,81.11,84.38,0.0403155790711347,54,True
Breakout_50_noSMA,EWJ,2020-05-27,2020-08-03,48.3623,48.4548,0.0019121898908180945,47,True
Breakout_50_noSMA,EWJ,2020-08-13,2020-10-27,51.1119,52.0918,0.019170833031480372,52,True
Breakout_50_noSMA,EWJ,2020-11-04,2021-03-01,52.6833,60.9992,0.15784725713178016,78,True
Breakout_50_noSMA,EWJ,2021-09-02,2021-10-05,62.3328,60.7794,-0.02492121394266289,22,False
Breakout_50_noSMA,EWJ,2022-11-14,2023-01-06,49.4546,49.3004,-0.0031182855205231785,36,False
Breakout_50_noSMA,EWJ,2023-01-17,2023-02-22,52.2752,51.4514,-0.015759172095825447,25,False
Breakout_50_noSMA,EWJ,2023-04-28,2023-08-03,53.575,56.1005,0.04713876242283366,66,True
Breakout_50_noSMA,EWJ,2023-12-04,2024-04-15,57.4369,65.0838,0.13313657812541235,90,True
Breakout_50_noSMA,EWJ,2024-07-05,2024-07-26,65.904,64.3129,-0.024142803994290807,15,False
Breakout_50_noSMA,EWJ,2024-09-27,2024-10-16,67.4857,65.9135,-0.023297972099424635,13,False
Breakout_50_noSMA,EWJ,2025-03-06,2025-04-01,66.9813,64.8586,-0.03169156368847337,18,False
Breakout_50_noSMA,EWJ,2025-04-30,2025-07-14,67.7271,69.6442,0.02830512032822652,50,True
Breakout_50_noSMA,EWJ,2025-07-24,2025-10-13,73.9915,76.17,0.029442343177679797,56,True
Breakout_50_noSMA,EWJ,2025-10-29,2025-11-19,80.5077,77.7701,-0.03400377067434779,15,False
Breakout_50_noSMA,EWJ,2025-12-16,2026-03-06,81.11,84.38,0.0403155790711347,54,True
Breakout_50,EWL,2020-06-02,2020-09-24,34.4399,36.9333,0.07239897794183636,80,True
Breakout_50,EWL,2020-11-17,2021-02-01,39.0782,40.3032,0.031346155200575154,50,True
Breakout_50,EWL,2021-04-09,2021-09-09,41.6433,45.9461,0.10332539171933997,106,True
Breakout_50,EWL,2021-12-09,2022-01-11,47.0804,47.0159,-0.0013710473302376291,22,False
Breakout_50,EWL,2022-11-14,2023-02-27,40.1665,41.5023,0.033255240755213133,70,True
Breakout_50,EWL,2023-04-06,2023-05-31,43.299,43.6658,0.00847266099412658,37,True
Breakout_50,EWL,2023-12-04,2024-02-08,43.8433,44.9586,0.02543854228653486,45,True
Breakout_50,EWL,2024-03-12,2024-03-26,46.5642,45.372,-0.02560404702098351,10,False
Breakout_50,EWL,2024-05-20,2024-08-06,47.1027,47.8174,0.015174590050056613,53,True
Breakout_50,EWL,2024-08-19,2024-09-23,50.0748,49.9472,-0.002548111884376869,24,False
Breakout_50,EWL,2025-01-28,2025-04-04,48.7694,49.0443,0.005634973068872062,47,True
Breakout_50,EWL,2025-04-29,2025-06-23,52.6855,52.72,0.0006542934669491185,37,True
Breakout_50,EWL,2025-07-03,2025-07-29,54.97,54.14,-0.015099177962944799,17,False
Breakout_50,EWL,2025-09-08,2025-09-25,56.21,54.12,-0.03718199940631606,13,False
Breakout_50,EWL,2025-10-06,2025-10-30,56.77,55.45,-0.02325171189326103,18,False
Breakout_50,EWL,2025-11-13,2025-11-21,58.07,56.27,-0.030997059523335646,6,False
Breakout_50,EWL,2025-12-11,2026-03-06,58.47,60.0,0.02616724384050695,57,True
Breakout_100,EWL,2020-07-21,2020-09-24,37.2682,36.9333,-0.00898477702403,46,False
Breakout_100,EWL,2020-11-17,2021-02-01,39.0782,40.3032,0.031346155200575154,50,True
Breakout_100,EWL,2021-04-09,2021-09-09,41.6433,45.9461,0.10332539171933997,106,True
Breakout_100,EWL,2021-12-09,2022-01-11,47.0804,47.0159,-0.0013710473302376291,22,False
Breakout_100,EWL,2023-01-17,2023-02-27,42.537,41.5023,-0.024325584320455618,28,False
Breakout_100,EWL,2023-04-10,2023-05-31,43.2801,43.6658,0.008911050522972808,36,True
Breakout_100,EWL,2023-12-26,2024-02-08,45.7085,44.9586,-0.01640736791891939,30,False
Breakout_100,EWL,2024-03-12,2024-03-26,46.5642,45.372,-0.02560404702098351,10,False
Breakout_100,EWL,2024-05-20,2024-08-06,47.1027,47.8174,0.015174590050056613,53,True
Breakout_100,EWL,2024-08-19,2024-09-23,50.0748,49.9472,-0.002548111884376869,24,False
Breakout_100,EWL,2025-03-05,2025-04-04,51.9004,49.0443,-0.055030255411172346,22,False
Breakout_100,EWL,2025-04-29,2025-06-23,52.6855,52.72,0.0006542934669491185,37,True
Breakout_100,EWL,2025-07-03,2025-07-29,54.97,54.14,-0.015099177962944799,17,False
Breakout_100,EWL,2025-09-08,2025-09-25,56.21,54.12,-0.03718199940631606,13,False
Breakout_100,EWL,2025-10-06,2025-10-30,56.77,55.45,-0.02325171189326103,18,False
Breakout_100,EWL,2025-11-13,2025-11-21,58.07,56.27,-0.030997059523335646,6,False
Breakout_100,EWL,2025-12-11,2026-03-06,58.47,60.0,0.02616724384050695,57,True
Breakout_50_noSMA,EWL,2020-05-21,2020-09-24,33.6119,36.9333,0.09881824516625426,87,True
Breakout_50_noSMA,EWL,2020-11-17,2021-02-01,39.0782,40.3032,0.031346155200575154,50,True
Breakout_50_noSMA,EWL,2021-04-09,2021-09-09,41.6433,45.9461,0.10332539171933997,106,True
Breakout_50_noSMA,EWL,2021-12-09,2022-01-11,47.0804,47.0159,-0.0013710473302376291,22,False
Breakout_50_noSMA,EWL,2022-11-14,2023-02-27,40.1665,41.5023,0.033255240755213133,70,True
Breakout_50_noSMA,EWL,2023-04-06,2023-05-31,43.299,43.6658,0.00847266099412658,37,True
Breakout_50_noSMA,EWL,2023-12-04,2024-02-08,43.8433,44.9586,0.02543854228653486,45,True
Breakout_50_noSMA,EWL,2024-03-12,2024-03-26,46.5642,45.372,-0.02560404702098351,10,False
Breakout_50_noSMA,EWL,2024-05-20,2024-08-06,47.1027,47.8174,0.015174590050056613,53,True
Breakout_50_noSMA,EWL,2024-08-19,2024-09-23,50.0748,49.9472,-0.002548111884376869,24,False
Breakout_50_noSMA,EWL,2025-01-28,2025-04-04,48.7694,49.0443,0.005634973068872062,47,True
Breakout_50_noSMA,EWL,2025-04-29,2025-06-23,52.6855,52.72,0.0006542934669491185,37,True
Breakout_50_noSMA,EWL,2025-07-03,2025-07-29,54.97,54.14,-0.015099177962944799,17,False
Breakout_50_noSMA,EWL,2025-09-08,2025-09-25,56.21,54.12,-0.03718199940631606,13,False
Breakout_50_noSMA,EWL,2025-10-06,2025-10-30,56.77,55.45,-0.02325171189326103,18,False
Breakout_50_noSMA,EWL,2025-11-13,2025-11-21,58.07,56.27,-0.030997059523335646,6,False
Breakout_50_noSMA,EWL,2025-12-11,2026-03-06,58.47,60.0,0.02616724384050695,57,True
Breakout_50,EWP,2020-11-10,2021-01-26,21.2056,23.087,0.08872597662848314,51,True
Breakout_50,EWP,2021-04-06,2021-06-21,23.7374,25.1345,0.058858669790525786,53,True
Breakout_50,EWP,2021-11-02,2021-11-16,24.7613,24.0236,-0.029793306959680965,10,False
Breakout_50,EWP,2022-05-31,2022-06-10,23.2225,21.58,-0.07072966658742286,8,False
Breakout_50,EWP,2022-11-23,2023-03-14,21.4725,24.6509,0.14802118205087522,74,True
Breakout_50,EWP,2023-04-05,2023-05-19,25.7333,25.4514,-0.010957971746424544,31,False
Breakout_50,EWP,2023-07-03,2023-08-03,26.6338,25.8692,-0.028709816386931486,22,False
Breakout_50,EWP,2023-11-15,2024-01-17,26.8734,27.3488,0.0176909048867826,41,True
Breakout_50,EWP,2024-03-14,2024-04-17,28.93,28.8552,-0.002587286863787064,23,False
Breakout_50,EWP,2024-05-09,2024-06-14,30.2773,29.4981,-0.02573501267196099,25,False
Breakout_50,EWP,2024-08-22,2024-10-28,31.6853,32.427,0.02340942331504392,46,True
Breakout_50,EWP,2025-01-31,2025-04-07,32.4372,33.5197,0.033373310175537574,45,True
Breakout_50,EWP,2025-04-23,2025-11-21,39.0787,48.8415,0.24982385344707936,148,True
Breakout_50,EWP,2025-12-11,2026-03-04,52.6684,54.22,0.029460612595006097,55,True
Breakout_100,EWP,2020-11-10,2021-01-26,21.2056,23.087,0.08872597662848314,51,True
Breakout_100,EWP,2021-04-28,2021-06-21,24.6444,25.1345,0.01988668244858105,37,True
Breakout_100,EWP,2022-11-23,2023-03-14,21.4725,24.6509,0.14802118205087522,74,True
Breakout_100,EWP,2023-04-05,2023-05-19,25.7333,25.4514,-0.010957971746424544,31,False
Breakout_100,EWP,2023-07-03,2023-08-03,26.6338,25.8692,-0.028709816386931486,22,False
Breakout_100,EWP,2023-11-21,2024-01-17,27.5459,27.3488,-0.007155763647279545,37,False
Breakout_100,EWP,2024-03-14,2024-04-17,28.93,28.8552,-0.002587286863787064,23,False
Breakout_100,EWP,2024-05-09,2024-06-14,30.2773,29.4981,-0.02573501267196099,25,False
Breakout_100,EWP,2024-08-26,2024-10-28,32.0086,32.427,0.013071917371612507,44,True
Breakout_100,EWP,2025-02-13,2025-04-07,33.9489,33.5197,-0.01264024105341155,36,False
Breakout_100,EWP,2025-04-23,2025-11-21,39.0787,48.8415,0.24982385344707936,148,True
Breakout_100,EWP,2025-12-11,2026-03-04,52.6684,54.22,0.029460612595006097,55,True
Breakout_50_noSMA,EWP,2020-05-28,2020-08-03,18.2482,19.0783,0.04549100372234105,46,True
Breakout_50_noSMA,EWP,2020-11-10,2021-01-26,21.2056,23.087,0.08872597662848314,51,True
Breakout_50_noSMA,EWP,2021-04-06,2021-06-21,23.7374,25.1345,0.058858669790525786,53,True
Breakout_50_noSMA,EWP,2021-11-02,2021-11-16,24.7613,24.0236,-0.029793306959680965,10,False
Breakout_50_noSMA,EWP,2022-02-10,2022-02-15,24.026,23.4963,-0.022050746018258405,3,False
Breakout_50_noSMA,EWP,2022-05-31,2022-06-10,23.2225,21.58,-0.07072966658742286,8,False
Breakout_50_noSMA,EWP,2022-11-14,2023-03-14,20.935,24.6509,0.1774953547525142,81,True
Breakout_50_noSMA,EWP,2023-04-05,2023-05-19,25.7333,25.4514,-0.010957971746424544,31,False
Breakout_50_noSMA,EWP,2023-07-03,2023-08-03,26.6338,25.8692,-0.028709816386931486,22,False
Breakout_50_noSMA,EWP,2023-11-15,2024-01-17,26.8734,27.3488,0.0176909048867826,41,True
Breakout_50_noSMA,EWP,2024-03-14,2024-04-17,28.93,28.8552,-0.002587286863787064,23,False
Breakout_50_noSMA,EWP,2024-05-09,2024-06-14,30.2773,29.4981,-0.02573501267196099,25,False
Breakout_50_noSMA,EWP,2024-08-22,2024-10-28,31.6853,32.427,0.02340942331504392,46,True
Breakout_50_noSMA,EWP,2025-01-31,2025-04-07,32.4372,33.5197,0.033373310175537574,45,True
Breakout_50_noSMA,EWP,2025-04-23,2025-11-21,39.0787,48.8415,0.24982385344707936,148,True
Breakout_50_noSMA,EWP,2025-12-11,2026-03-04,52.6684,54.22,0.029460612595006097,55,True
Breakout_50,EWQ,2020-06-08,2020-09-22,24.5936,23.8704,-0.029402972449086517,74,False
Breakout_50,EWQ,2020-11-10,2021-01-26,26.9351,28.5141,0.058621816165627116,51,True
Breakout_50,EWQ,2021-02-17,2021-07-01,29.2841,32.8282,0.12102507114690142,94,True
Breakout_50,EWQ,2021-08-16,2021-08-20,33.9441,32.586,-0.0400101539617862,4,False
Breakout_50,EWQ,2021-11-02,2021-11-29,34.3766,32.9493,-0.04151970827821505,18,False
Breakout_50,EWQ,2022-11-11,2023-03-13,29.7568,32.6455,0.09707766630202541,81,True
Breakout_50,EWQ,2023-03-31,2023-05-24,34.6733,34.6916,0.0005290314289849718,37,True
Breakout_50,EWQ,2023-07-13,2023-08-04,37.0481,35.6975,-0.036455692516259575,16,False
Breakout_50,EWQ,2023-11-27,2024-01-18,35.2942,35.6066,0.008852512232891518,35,True
Breakout_50,EWQ,2024-02-22,2024-04-15,37.7589,37.9949,0.006250039424757992,36,True
Breakout_50,EWQ,2024-05-10,2024-06-11,39.7318,38.0045,-0.043472352807987225,21,False
Breakout_50,EWQ,2024-09-20,2024-10-16,38.5163,37.3383,-0.03058408428669679,18,False
Breakout_50,EWQ,2025-01-23,2025-04-01,37.5109,38.9117,0.037344453684508006,47,True
Breakout_50,EWQ,2025-05-14,2025-08-01,40.9351,41.1811,0.0060106332891267655,54,True
Breakout_50,EWQ,2025-10-02,2025-10-13,44.6336,43.0815,-0.03477484639608963,7,False
Breakout_50,EWQ,2025-10-17,2025-11-05,44.9023,43.5292,-0.030578345434589038,13,False
Breakout_50,EWQ,2026-01-06,2026-01-21,45.37,44.67,-0.015428714556294909,10,False
Breakout_50,EWQ,2026-01-28,2026-03-04,45.56,45.26,-0.006584790226404236,24,False
Breakout_100,EWQ,2020-08-13,2020-09-22,25.2581,23.8704,-0.05493764744170726,27,False
Breakout_100,EWQ,2020-11-10,2021-01-26,26.9351,28.5141,0.058621816165627116,51,True
Breakout_100,EWQ,2021-02-17,2021-07-01,29.2841,32.8282,0.12102507114690142,94,True
Breakout_100,EWQ,2021-08-16,2021-08-20,33.9441,32.586,-0.0400101539617862,4,False
Breakout_100,EWQ,2021-11-02,2021-11-29,34.3766,32.9493,-0.04151970827821505,18,False
Breakout_100,EWQ,2022-11-14,2023-03-13,29.9397,32.6455,0.09037794242962804,80,True
Breakout_100,EWQ,2023-03-31,2023-05-24,34.6733,34.6916,0.0005290314289849718,37,True
Breakout_100,EWQ,2023-07-14,2023-08-04,37.1888,35.6975,-0.04010083131255626,15,False
Breakout_100,EWQ,2023-12-22,2024-01-18,37.032,35.6066,-0.038490984329068945,16,False
Breakout_100,EWQ,2024-02-22,2024-04-15,37.7589,37.9949,0.006250039424757992,36,True
Breakout_100,EWQ,2024-05-10,2024-06-11,39.7318,38.0045,-0.043472352807987225,21,False
Breakout_100,EWQ,2025-03-05,2025-04-01,40.3709,38.9117,-0.03614457417946515,19,False
Breakout_100,EWQ,2025-05-14,2025-08-01,40.9351,41.1811,0.0060106332891267655,54,True
Breakout_100,EWQ,2025-10-02,2025-10-13,44.6336,43.0815,-0.03477484639608963,7,False
Breakout_100,EWQ,2025-10-17,2025-11-05,44.9023,43.5292,-0.030578345434589038,13,False
Breakout_100,EWQ,2026-01-06,2026-01-21,45.37,44.67,-0.015428714556294909,10,False
Breakout_100,EWQ,2026-01-28,2026-03-04,45.56,45.26,-0.006584790226404236,24,False
Breakout_50_noSMA,EWQ,2020-05-28,2020-09-22,21.9042,23.8704,0.08976685903811044,81,True
Breakout_50_noSMA,EWQ,2020-11-10,2021-01-26,26.9351,28.5141,0.058621816165627116,51,True
Breakout_50_noSMA,EWQ,2021-02-17,2021-07-01,29.2841,32.8282,0.12102507114690142,94,True
Breakout_50_noSMA,EWQ,2021-08-16,2021-08-20,33.9441,32.586,-0.0400101539617862,4,False
Breakout_50_noSMA,EWQ,2021-11-02,2021-11-29,34.3766,32.9493,-0.04151970827821505,18,False
Breakout_50_noSMA,EWQ,2022-11-09,2023-03-13,28.221,32.6455,0.1567825380734833,83,True
Breakout_50_noSMA,EWQ,2023-03-31,2023-05-24,34.6733,34.6916,0.0005290314289849718,37,True
Breakout_50_noSMA,EWQ,2023-07-13,2023-08-04,37.0481,35.6975,-0.036455692516259575,16,False
Breakout_50_noSMA,EWQ,2023-11-27,2024-01-18,35.2942,35.6066,0.008852512232891518,35,True
Breakout_50_noSMA,EWQ,2024-02-22,2024-04-15,37.7589,37.9949,0.006250039424757992,36,True
Breakout_50_noSMA,EWQ,2024-05-10,2024-06-11,39.7318,38.0045,-0.043472352807987225,21,False
Breakout_50_noSMA,EWQ,2024-09-20,2024-10-16,38.5163,37.3383,-0.03058408428669679,18,False
Breakout_50_noSMA,EWQ,2025-01-22,2025-04-01,37.3747,38.9117,0.04112451347703794,48,True
Breakout_50_noSMA,EWQ,2025-05-14,2025-08-01,40.9351,41.1811,0.0060106332891267655,54,True
Breakout_50_noSMA,EWQ,2025-10-02,2025-10-13,44.6336,43.0815,-0.03477484639608963,7,False
Breakout_50_noSMA,EWQ,2025-10-17,2025-11-05,44.9023,43.5292,-0.030578345434589038,13,False
Breakout_50_noSMA,EWQ,2026-01-06,2026-01-21,45.37,44.67,-0.015428714556294909,10,False
Breakout_50_noSMA,EWQ,2026-01-28,2026-03-04,45.56,45.26,-0.006584790226404236,24,False
Breakout_50,EWT,2020-06-02,2020-09-24,25.3907,28.4237,0.1194540833192943,80,True
Breakout_50,EWT,2020-10-08,2020-11-02,30.9968,30.3369,-0.02129039113012221,17,False
Breakout_50,EWT,2020-11-06,2021-03-09,31.3434,38.8125,0.23829578517737415,82,True
Breakout_50,EWT,2021-04-06,2021-05-12,41.0676,39.0162,-0.04995021938399413,26,False
Breakout_50,EWT,2021-08-06,2021-08-13,43.9748,42.5959,-0.03135625761958172,5,False
Breakout_50,EWT,2021-09-07,2021-09-21,44.2668,42.7385,-0.03452511368171984,10,False
Breakout_50,EWT,2021-11-18,2022-01-24,45.0752,45.2123,0.003042388189942402,44,True
Breakout_50,EWT,2023-01-13,2023-03-13,35.3184,35.812,0.013976229992290756,39,True
Breakout_50,EWT,2023-05-30,2023-08-03,38.8478,37.8523,-0.02562480607075679,45,False
Breakout_50,EWT,2023-11-15,2024-01-17,39.0205,39.1014,0.0020721866994721783,41,True
Breakout_50,EWT,2024-02-09,2024-04-17,43.3699,43.6013,0.005337333414352274,46,True
Breakout_50,EWT,2024-05-15,2024-07-25,47.2217,47.6754,0.009607833620505435,48,True
Breakout_50,EWT,2024-09-27,2024-11-13,51.9346,50.5364,-0.026921039408095426,33,False
Breakout_50,EWT,2025-05-15,2025-09-02,51.5803,55.0986,0.06821131158508531,74,True
Breakout_50,EWT,2025-09-10,2025-11-14,59.6878,61.5426,0.031074838164106167,47,True
Breakout_50,EWT,2026-01-05,2026-03-13,65.28,71.26,0.0916054452934536,47,True
Breakout_100,EWT,2020-07-06,2020-09-24,28.1771,28.4237,0.008753391371914443,57,True
Breakout_100,EWT,2020-10-08,2020-11-02,30.9968,30.3369,-0.02129039113012221,17,False
Breakout_100,EWT,2020-11-06,2021-03-09,31.3434,38.8125,0.23829578517737415,82,True
Breakout_100,EWT,2021-04-06,2021-05-12,41.0676,39.0162,-0.04995021938399413,26,False
Breakout_100,EWT,2021-09-07,2021-09-21,44.2668,42.7385,-0.03452511368171984,10,False
Breakout_100,EWT,2021-11-18,2022-01-24,45.0752,45.2123,0.003042388189942402,44,True
Breakout_100,EWT,2023-01-24,2023-03-13,36.8815,35.812,-0.02899854817072145,33,False
Breakout_100,EWT,2023-05-30,2023-08-03,38.8478,37.8523,-0.02562480607075679,45,False
Breakout_100,EWT,2023-12-14,2024-01-17,40.8634,39.1014,-0.043118875002778334,21,False
Breakout_100,EWT,2024-02-09,2024-04-17,43.3699,43.6013,0.005337333414352274,46,True
Breakout_100,EWT,2024-05-15,2024-07-25,47.2217,47.6754,0.009607833620505435,48,True
Breakout_100,EWT,2025-06-10,2025-09-02,52.8614,55.0986,0.04232235583494792,57,True
Breakout_100,EWT,2025-09-10,2025-11-14,59.6878,61.5426,0.031074838164106167,47,True
Breakout_100,EWT,2026-01-05,2026-03-13,65.28,71.26,0.0916054452934536,47,True
Breakout_50_noSMA,EWT,2020-06-02,2020-09-24,25.3907,28.4237,0.1194540833192943,80,True
Breakout_50_noSMA,EWT,2020-10-08,2020-11-02,30.9968,30.3369,-0.02129039113012221,17,False
Breakout_50_noSMA,EWT,2020-11-06,2021-03-09,31.3434,38.8125,0.23829578517737415,82,True
Breakout_50_noSMA,EWT,2021-04-06,2021-05-12,41.0676,39.0162,-0.04995021938399413,26,False
Breakout_50_noSMA,EWT,2021-08-06,2021-08-13,43.9748,42.5959,-0.03135625761958172,5,False
Breakout_50_noSMA,EWT,2021-09-07,2021-09-21,44.2668,42.7385,-0.03452511368171984,10,False
Breakout_50_noSMA,EWT,2021-11-18,2022-01-24,45.0752,45.2123,0.003042388189942402,44,True
Breakout_50_noSMA,EWT,2022-12-01,2023-03-13,35.5713,35.812,0.006767426518851316,68,True
Breakout_50_noSMA,EWT,2023-05-30,2023-08-03,38.8478,37.8523,-0.02562480607075679,45,False
Breakout_50_noSMA,EWT,2023-11-15,2024-01-17,39.0205,39.1014,0.0020721866994721783,41,True
Breakout_50_noSMA,EWT,2024-02-09,2024-04-17,43.3699,43.6013,0.005337333414352274,46,True
Breakout_50_noSMA,EWT,2024-05-15,2024-07-25,47.2217,47.6754,0.009607833620505435,48,True
Breakout_50_noSMA,EWT,2024-09-27,2024-11-13,51.9346,50.5364,-0.026921039408095426,33,False
Breakout_50_noSMA,EWT,2025-05-15,2025-09-02,51.5803,55.0986,0.06821131158508531,74,True
Breakout_50_noSMA,EWT,2025-09-10,2025-11-14,59.6878,61.5426,0.031074838164106167,47,True
Breakout_50_noSMA,EWT,2026-01-05,2026-03-13,65.28,71.26,0.0916054452934536,47,True
Breakout_50,EWU,2020-11-10,2021-02-01,22.7776,24.3348,0.06836463366879686,55,True
Breakout_50,EWU,2021-02-17,2021-06-21,25.5413,27.218,0.0656452812375421,86,True
Breakout_50,EWU,2021-10-18,2021-11-22,27.9608,27.5435,-0.014925571653099712,25,False
Breakout_50,EWU,2021-12-28,2022-02-25,28.5418,28.7218,0.00630804008209096,41,True
Breakout_50,EWU,2022-11-23,2023-03-08,26.8549,28.3246,0.054726232608085956,70,True
Breakout_50,EWU,2023-04-13,2023-05-25,29.8396,28.5638,-0.04275524316040702,30,False
Breakout_50,EWU,2023-07-26,2023-08-07,30.0487,29.3803,-0.022242365143336218,8,False
Breakout_50,EWU,2023-12-04,2024-01-18,29.3893,29.3865,-9.768602862891829e-05,30,False
Breakout_50,EWU,2024-03-08,2024-04-17,30.883,30.9939,0.003589525219604539,27,True
Breakout_50,EWU,2024-04-26,2024-06-28,32.047,32.8736,0.025792721119058948,43,True
Breakout_50,EWU,2024-08-01,2024-08-06,34.079,32.1391,-0.05692171903796617,3,False
Breakout_50,EWU,2024-08-16,2024-10-09,34.2767,34.2108,-0.0019229750106599663,37,False
Breakout_50,EWU,2025-01-31,2025-04-07,34.3977,31.9174,-0.07210720903071155,45,False
Breakout_50,EWU,2025-04-29,2025-09-26,36.7338,40.5567,0.10406816698706622,104,True
Breakout_50,EWU,2025-10-02,2025-11-19,41.5377,41.0864,-0.010864375654312974,34,False
Breakout_50,EWU,2025-12-16,2026-03-09,42.76,45.22,0.0575304723043244,55,True
Breakout_100,EWU,2020-11-11,2021-02-01,23.0616,24.3348,0.05520736774915602,54,True
Breakout_100,EWU,2021-02-17,2021-06-21,25.5413,27.218,0.0656452812375421,86,True
Breakout_100,EWU,2021-10-27,2021-11-22,28.2863,27.5435,-0.026261657122703674,18,False
Breakout_100,EWU,2021-12-28,2022-02-25,28.5418,28.7218,0.00630804008209096,41,True
Breakout_100,EWU,2022-12-01,2023-03-08,27.8761,28.3246,0.01609025406301301,65,True
Breakout_100,EWU,2023-04-13,2023-05-25,29.8396,28.5638,-0.04275524316040702,30,False
Breakout_100,EWU,2023-07-26,2023-08-07,30.0487,29.3803,-0.022242365143336218,8,False
Breakout_100,EWU,2023-12-26,2024-01-18,30.4488,29.3865,-0.03489073804234688,15,False
Breakout_100,EWU,2024-03-08,2024-04-17,30.883,30.9939,0.003589525219604539,27,True
Breakout_100,EWU,2024-04-26,2024-06-28,32.047,32.8736,0.025792721119058948,43,True
Breakout_100,EWU,2024-08-01,2024-08-06,34.079,32.1391,-0.05692171903796617,3,False
Breakout_100,EWU,2024-08-16,2024-10-09,34.2767,34.2108,-0.0019229750106599663,37,False
Breakout_100,EWU,2025-03-03,2025-04-07,36.1763,31.9174,-0.11772530510234036,25,False
Breakout_100,EWU,2025-04-29,2025-09-26,36.7338,40.5567,0.10406816698706622,104,True
Breakout_100,EWU,2025-10-02,2025-11-19,41.5377,41.0864,-0.010864375654312974,34,False
Breakout_100,EWU,2025-12-16,2026-03-09,42.76,45.22,0.0575304723043244,55,True
Breakout_50_noSMA,EWU,2020-06-02,2020-08-03,21.2998,21.2277,-0.003383867826485032,43,False
Breakout_50_noSMA,EWU,2020-11-10,2021-02-01,22.7776,24.3348,0.06836463366879686,55,True
Breakout_50_noSMA,EWU,2021-02-17,2021-06-21,25.5413,27.218,0.0656452812375421,86,True
Breakout_50_noSMA,EWU,2021-10-18,2021-11-22,27.9608,27.5435,-0.014925571653099712,25,False
Breakout_50_noSMA,EWU,2021-12-28,2022-02-25,28.5418,28.7218,0.00630804008209096,41,True
Breakout_50_noSMA,EWU,2022-11-23,2023-03-08,26.8549,28.3246,0.054726232608085956,70,True
Breakout_50_noSMA,EWU,2023-04-13,2023-05-25,29.8396,28.5638,-0.04275524316040702,30,False
Breakout_50_noSMA,EWU,2023-07-26,2023-08-07,30.0487,29.3803,-0.022242365143336218,8,False
Breakout_50_noSMA,EWU,2023-12-04,2024-01-18,29.3893,29.3865,-9.768602862891829e-05,30,False
Breakout_50_noSMA,EWU,2024-03-08,2024-04-17,30.883,30.9939,0.003589525219604539,27,True
Breakout_50_noSMA,EWU,2024-04-26,2024-06-28,32.047,32.8736,0.025792721119058948,43,True
Breakout_50_noSMA,EWU,2024-08-01,2024-08-06,34.079,32.1391,-0.05692171903796617,3,False
Breakout_50_noSMA,EWU,2024-08-16,2024-10-09,34.2767,34.2108,-0.0019229750106599663,37,False
Breakout_50_noSMA,EWU,2025-01-31,2025-04-07,34.3977,31.9174,-0.07210720903071155,45,False
Breakout_50_noSMA,EWU,2025-04-29,2025-09-26,36.7338,40.5567,0.10406816698706622,104,True
Breakout_50_noSMA,EWU,2025-10-02,2025-11-19,41.5377,41.0864,-0.010864375654312974,34,False
Breakout_50_noSMA,EWU,2025-12-16,2026-03-09,42.76,45.22,0.0575304723043244,55,True
Breakout_50,EWY,2020-06-03,2020-09-25,51.676,55.671,0.07730887826987187,80,True
Breakout_50,EWY,2020-10-08,2020-11-02,60.3006,58.9599,-0.022232245956344987,17,False
Breakout_50,EWY,2020-11-05,2021-02-26,62.6868,79.561,0.2691811312913861,76,True
Breakout_50,EWY,2023-01-10,2023-02-22,56.7382,55.649,-0.019196120149844842,29,False
Breakout_50,EWY,2023-06-05,2023-06-30,60.4059,58.9909,-0.023424273603453782,18,False
Breakout_50,EWY,2023-07-26,2023-08-07,62.1374,60.1732,-0.03161050282857181,8,False
Breakout_50,EWY,2023-12-15,2024-01-16,59.745,56.6907,-0.0511222093300745,19,False
Breakout_50,EWY,2024-03-13,2024-04-11,64.0648,62.0684,-0.03116153141363509,20,False
Breakout_50,EWY,2024-07-08,2024-07-22,65.3829,62.8421,-0.03886045022855744,10,False
Breakout_50,EWY,2025-05-28,2025-08-20,59.2884,69.8316,0.17782913782788756,58,True
Breakout_50,EWY,2025-09-11,2025-12-17,75.69,90.56,0.1964596224941515,68,True
Breakout_50,EWY,2025-12-30,2026-03-23,98.18,131.71,0.3415156478352934,56,True
Breakout_100,EWY,2020-07-30,2020-09-25,54.1606,55.671,0.027887777829319615,40,True
Breakout_100,EWY,2020-10-08,2020-11-02,60.3006,58.9599,-0.022232245956344987,17,False
Breakout_100,EWY,2020-11-05,2021-02-26,62.6868,79.561,0.2691811312913861,76,True
Breakout_100,EWY,2023-01-10,2023-02-22,56.7382,55.649,-0.019196120149844842,29,False
Breakout_100,EWY,2023-06-07,2023-06-30,60.7596,58.9909,-0.029109799612494935,16,False
Breakout_100,EWY,2023-07-26,2023-08-07,62.1374,60.1732,-0.03161050282857181,8,False
Breakout_100,EWY,2023-12-27,2024-01-16,61.8296,56.6907,-0.08311448249985265,12,False
Breakout_100,EWY,2024-03-13,2024-04-11,64.0648,62.0684,-0.03116153141363509,20,False
Breakout_100,EWY,2024-07-08,2024-07-22,65.3829,62.8421,-0.03886045022855744,10,False
Breakout_100,EWY,2025-05-28,2025-08-20,59.2884,69.8316,0.17782913782788756,58,True
Breakout_100,EWY,2025-09-11,2025-12-17,75.69,90.56,0.1964596224941515,68,True
Breakout_100,EWY,2025-12-30,2026-03-23,98.18,131.71,0.3415156478352934,56,True
Breakout_50_noSMA,EWY,2020-05-27,2020-09-25,47.4486,55.671,0.17329077828321515,85,True
Breakout_50_noSMA,EWY,2020-10-08,2020-11-02,60.3006,58.9599,-0.022232245956344987,17,False
Breakout_50_noSMA,EWY,2020-11-05,2021-02-26,62.6868,79.561,0.2691811312913861,76,True
Breakout_50_noSMA,EWY,2022-01-13,2022-01-18,72.9912,69.6158,-0.04624497455805576,2,False
Breakout_50_noSMA,EWY,2022-11-14,2023-01-04,54.6423,53.1914,-0.02655111086396955,34,False
Breakout_50_noSMA,EWY,2023-01-10,2023-02-22,56.7382,55.649,-0.019196120149844842,29,False
Breakout_50_noSMA,EWY,2023-06-05,2023-06-30,60.4059,58.9909,-0.023424273603453782,18,False
Breakout_50_noSMA,EWY,2023-07-26,2023-08-07,62.1374,60.1732,-0.03161050282857181,8,False
Breakout_50_noSMA,EWY,2023-12-15,2024-01-16,59.745,56.6907,-0.0511222093300745,19,False
Breakout_50_noSMA,EWY,2024-03-13,2024-04-11,64.0648,62.0684,-0.03116153141363509,20,False
Breakout_50_noSMA,EWY,2024-07-08,2024-07-22,65.3829,62.8421,-0.03886045022855744,10,False
Breakout_50_noSMA,EWY,2025-02-14,2025-03-04,55.4545,53.029,-0.043738933133323,11,False
Breakout_50_noSMA,EWY,2025-05-28,2025-08-20,59.2884,69.8316,0.17782913782788756,58,True
Breakout_50_noSMA,EWY,2025-09-11,2025-12-17,75.69,90.56,0.1964596224941515,68,True
Breakout_50_noSMA,EWY,2025-12-30,2026-03-23,98.18,131.71,0.3415156478352934,56,True
Breakout_50,EWZ,2020-11-18,2021-01-25,21.9739,23.5187,0.07030183763196107,44,True
Breakout_50,EWZ,2021-05-07,2021-07-07,25.2222,26.4299,0.04788295557557176,41,True
Breakout_50,EWZ,2022-02-02,2022-04-25,23.4908,24.9613,0.06259794226591864,56,True
Breakout_50,EWZ,2022-10-24,2022-10-27,25.3139,23.8824,-0.05655199912920794,3,False
Breakout_50,EWZ,2023-01-26,2023-02-08,25.1847,23.3982,-0.07093593780935692,9,False
Breakout_50,EWZ,2023-05-16,2023-08-09,25.0772,26.9173,0.07337768713500425,58,True
Breakout_50,EWZ,2023-11-15,2024-01-19,28.5615,28.8107,0.008722892459687603,43,True
Breakout_50,EWZ,2024-08-20,2024-09-24,27.7852,26.9603,-0.02969014276410109,24,False
Breakout_50,EWZ,2025-03-20,2025-04-07,25.4188,22.5829,-0.11156720563570088,12,False
Breakout_50,EWZ,2025-04-29,2025-07-15,25.7982,26.511,0.02763053593313769,52,True
Breakout_50,EWZ,2025-08-29,2025-10-13,28.4433,28.1728,-0.009510877815089858,30,False
Breakout_50,EWZ,2025-11-04,2025-12-23,30.2017,31.1346,0.030888581947011495,34,True
Breakout_50,EWZ,2026-01-22,2026-03-13,35.55,36.51,0.027004194235589862,35,True
Breakout_100,EWZ,2020-11-27,2021-01-25,22.5687,23.5187,0.04209421995588203,38,True
Breakout_100,EWZ,2021-06-01,2021-07-07,27.0671,26.4299,-0.023540001681854772,25,False
Breakout_100,EWZ,2022-02-10,2022-04-25,23.7922,24.9613,0.049134782249922404,50,True
Breakout_100,EWZ,2023-06-06,2023-08-09,25.4329,26.9173,0.058367853400609127,44,True
Breakout_100,EWZ,2023-12-04,2024-01-19,28.8582,28.8107,-0.0016458160916229536,31,False
Breakout_100,EWZ,2025-04-29,2025-07-15,25.7982,26.511,0.02763053593313769,52,True
Breakout_100,EWZ,2025-08-29,2025-10-13,28.4433,28.1728,-0.009510877815089858,30,False
Breakout_100,EWZ,2025-11-04,2025-12-23,30.2017,31.1346,0.030888581947011495,34,True
Breakout_100,EWZ,2026-01-22,2026-03-13,35.55,36.51,0.027004194235589862,35,True
Breakout_50_noSMA,EWZ,2020-05-28,2020-08-13,18.1757,20.9648,0.15344826833172664,54,True
Breakout_50_noSMA,EWZ,2020-11-18,2021-01-25,21.9739,23.5187,0.07030183763196107,44,True
Breakout_50_noSMA,EWZ,2021-05-07,2021-07-07,25.2222,26.4299,0.04788295557557176,41,True
Breakout_50_noSMA,EWZ,2022-01-20,2022-04-25,22.3585,24.9613,0.11640912165148909,65,True
Breakout_50_noSMA,EWZ,2022-10-24,2022-10-27,25.3139,23.8824,-0.05655199912920794,3,False
Breakout_50_noSMA,EWZ,2023-01-26,2023-02-08,25.1847,23.3982,-0.07093593780935692,9,False
Breakout_50_noSMA,EWZ,2023-05-16,2023-08-09,25.0772,26.9173,0.07337768713500425,58,True
Breakout_50_noSMA,EWZ,2023-11-15,2024-01-19,28.5615,28.8107,0.008722892459687603,43,True
Breakout_50_noSMA,EWZ,2024-08-13,2024-09-24,26.8605,26.9603,0.0037125445790551215,29,True
Breakout_50_noSMA,EWZ,2025-02-18,2025-03-03,24.9825,23.1615,-0.07289296036566528,9,False
Breakout_50_noSMA,EWZ,2025-03-20,2025-04-07,25.4188,22.5829,-0.11156720563570088,12,False
Breakout_50_noSMA,EWZ,2025-04-29,2025-07-15,25.7982,26.511,0.02763053593313769,52,True
Breakout_50_noSMA,EWZ,2025-08-29,2025-10-13,28.4433,28.1728,-0.009510877815089858,30,False
Breakout_50_noSMA,EWZ,2025-11-04,2025-12-23,30.2017,31.1346,0.030888581947011495,34,True
Breakout_50_noSMA,EWZ,2026-01-22,2026-03-13,35.55,36.51,0.027004194235589862,35,True
Breakout_50,EXC,2020-10-09,2020-12-15,23.7731,24.5511,0.03272575827445556,46,True
Breakout_50,EXC,2021-02-05,2021-02-17,26.05,24.8414,-0.046395340987658296,7,False
Breakout_50,EXC,2021-03-30,2021-05-13,26.0401,25.8993,-0.005407105687603941,31,False
Breakout_50,EXC,2021-06-10,2021-06-21,28.1929,26.9012,-0.04581459340733318,7,False
Breakout_50,EXC,2021-08-06,2021-09-29,28.712,29.3617,0.022631017557784627,37,True
Breakout_50,EXC,2021-10-21,2022-05-13,30.9558,40.2672,0.30079708998875465,141,True
Breakout_50,EXC,2023-01-05,2023-01-25,38.483,36.5415,-0.05044931253419238,13,False
Breakout_50,EXC,2023-07-25,2023-08-04,38.4904,36.7318,-0.045688845174720494,8,False
Breakout_50,EXC,2024-04-10,2024-04-17,34.5416,33.3255,-0.035205588313588776,5,False
Breakout_50,EXC,2024-05-14,2024-05-24,36.0032,34.6905,-0.036458246848654396,8,False
Breakout_50,EXC,2024-08-05,2024-10-30,37.297,37.4422,0.003893523313795999,61,True
Breakout_50,EXC,2025-01-22,2025-05-09,38.4797,43.5983,0.13302072085307826,75,True
Breakout_50,EXC,2025-08-01,2025-09-03,44.3382,42.836,-0.03388097401242818,22,False
Breakout_50,EXC,2025-10-07,2025-11-21,45.5095,45.074,-0.009569243368392044,33,False
Breakout_50,EXC,2026-02-13,2026-04-17,47.067,46.06,-0.021394622921877104,43,False
Breakout_100,EXC,2020-10-19,2020-12-15,24.5834,24.5511,-0.0013122131840048734,40,False
Breakout_100,EXC,2021-04-08,2021-05-13,26.9554,25.8993,-0.03917802209011234,25,False
Breakout_100,EXC,2021-06-10,2021-06-21,28.1929,26.9012,-0.04581459340733318,7,False
Breakout_100,EXC,2021-08-06,2021-09-29,28.712,29.3617,0.022631017557784627,37,True
Breakout_100,EXC,2021-10-21,2022-05-13,30.9558,40.2672,0.30079708998875465,141,True
Breakout_100,EXC,2024-05-14,2024-05-24,36.0032,34.6905,-0.036458246848654396,8,False
Breakout_100,EXC,2024-09-13,2024-10-30,37.8211,37.4422,-0.010017652029164048,33,False
Breakout_100,EXC,2025-02-06,2025-05-09,39.3886,43.5983,0.10687634686834557,64,True
Breakout_100,EXC,2025-10-07,2025-11-21,45.5095,45.074,-0.009569243368392044,33,False
Breakout_100,EXC,2026-02-17,2026-04-17,48.4253,46.06,-0.04884522384885903,42,False
Breakout_50_noSMA,EXC,2020-06-04,2020-06-24,23.1775,21.3986,-0.07674947982956404,14,False
Breakout_50_noSMA,EXC,2020-10-09,2020-12-15,23.7731,24.5511,0.03272575827445556,46,True
Breakout_50_noSMA,EXC,2021-02-05,2021-02-17,26.05,24.8414,-0.046395340987658296,7,False
Breakout_50_noSMA,EXC,2021-03-30,2021-05-13,26.0401,25.8993,-0.005407105687603941,31,False
Breakout_50_noSMA,EXC,2021-06-10,2021-06-21,28.1929,26.9012,-0.04581459340733318,7,False
Breakout_50_noSMA,EXC,2021-08-06,2021-09-29,28.712,29.3617,0.022631017557784627,37,True
Breakout_50_noSMA,EXC,2021-10-21,2022-05-13,30.9558,40.2672,0.30079708998875465,141,True
Breakout_50_noSMA,EXC,2022-12-07,2023-01-25,38.0043,36.5415,-0.03848854745183916,32,False
Breakout_50_noSMA,EXC,2023-07-25,2023-08-04,38.4904,36.7318,-0.045688845174720494,8,False
Breakout_50_noSMA,EXC,2024-04-01,2024-04-17,34.9964,33.3255,-0.04774536764629034,12,False
Breakout_50_noSMA,EXC,2024-05-14,2024-05-24,36.0032,34.6905,-0.036458246848654396,8,False
Breakout_50_noSMA,EXC,2024-08-05,2024-10-30,37.297,37.4422,0.003893523313795999,61,True
Breakout_50_noSMA,EXC,2025-01-22,2025-05-09,38.4797,43.5983,0.13302072085307826,75,True
Breakout_50_noSMA,EXC,2025-08-01,2025-09-03,44.3382,42.836,-0.03388097401242818,22,False
Breakout_50_noSMA,EXC,2025-10-07,2025-11-21,45.5095,45.074,-0.009569243368392044,33,False
Breakout_50_noSMA,EXC,2026-02-13,2026-04-17,47.067,46.06,-0.021394622921877104,43,False
Breakout_50,EXR,2020-09-03,2020-11-10,87.7874,86.5766,-0.013792379951395373,47,False
Breakout_50,EXR,2021-02-10,2021-09-24,98.6768,147.1596,0.4913289103410141,157,True
Breakout_50,EXR,2021-10-29,2022-01-14,160.9878,172.9477,0.07429086939221241,53,True
Breakout_50,EXR,2022-03-30,2022-05-02,176.6522,161.6298,-0.08503915391902239,22,False
Breakout_50,EXR,2022-08-04,2022-09-16,165.894,159.8685,-0.0363211704300328,30,False
Breakout_50,EXR,2023-07-17,2023-07-24,139.1487,131.0175,-0.058434917879882864,5,False
Breakout_50,EXR,2023-12-13,2024-02-01,125.2936,130.7174,0.043289194357338134,33,True
Breakout_50,EXR,2024-04-10,2024-04-15,135.8156,128.846,-0.05131663412083387,3,False
Breakout_50,EXR,2024-06-13,2024-10-07,142.5284,158.1893,0.10987947049579194,79,True
Breakout_50,EXR,2025-07-07,2025-07-18,147.6831,142.0617,-0.038064017757069135,9,False
Breakout_50,EXR,2025-10-15,2025-10-30,145.2741,134.3748,-0.07502535043197844,11,False
Breakout_50,EXR,2026-01-15,2026-03-12,143.8129,138.3364,-0.038080836286884745,38,False
Breakout_100,EXR,2020-09-03,2020-11-10,87.7874,86.5766,-0.013792379951395373,47,False
Breakout_100,EXR,2021-02-24,2021-09-24,103.2241,147.1596,0.42563215758580886,148,True
Breakout_100,EXR,2021-10-29,2022-01-14,160.9878,172.9477,0.07429086939221241,53,True
Breakout_100,EXR,2023-12-15,2024-02-01,139.2433,130.7174,-0.06122990021438279,31,False
Breakout_100,EXR,2024-06-13,2024-10-07,142.5284,158.1893,0.10987947049579194,79,True
Breakout_100,EXR,2026-02-23,2026-03-12,150.4065,138.3364,-0.08024976907107895,13,False
Breakout_50_noSMA,EXR,2020-09-03,2020-11-10,87.7874,86.5766,-0.013792379951395373,47,False
Breakout_50_noSMA,EXR,2021-02-10,2021-09-24,98.6768,147.1596,0.4913289103410141,157,True
Breakout_50_noSMA,EXR,2021-10-29,2022-01-14,160.9878,172.9477,0.07429086939221241,53,True
Breakout_50_noSMA,EXR,2022-03-30,2022-05-02,176.6522,161.6298,-0.08503915391902239,22,False
Breakout_50_noSMA,EXR,2022-07-28,2022-09-16,155.5224,159.8685,0.02794535526615438,35,True
Breakout_50_noSMA,EXR,2023-02-03,2023-03-13,141.0978,132.4463,-0.06131594469289958,25,False
Breakout_50_noSMA,EXR,2023-07-17,2023-07-24,139.1487,131.0175,-0.058434917879882864,5,False
Breakout_50_noSMA,EXR,2023-11-15,2024-02-01,115.804,130.7174,0.1287822665256404,52,True
Breakout_50_noSMA,EXR,2024-04-10,2024-04-15,135.8156,128.846,-0.05131663412083387,3,False
Breakout_50_noSMA,EXR,2024-06-13,2024-10-07,142.5284,158.1893,0.10987947049579194,79,True
Breakout_50_noSMA,EXR,2025-07-07,2025-07-18,147.6831,142.0617,-0.038064017757069135,9,False
Breakout_50_noSMA,EXR,2025-10-15,2025-10-30,145.2741,134.3748,-0.07502535043197844,11,False
Breakout_50_noSMA,EXR,2026-01-15,2026-03-12,143.8129,138.3364,-0.038080836286884745,38,False
Breakout_50,F,2020-10-13,2021-01-05,5.8699,6.3578,0.08312008219302025,57,True
Breakout_50,F,2021-01-13,2021-04-20,7.4387,9.0525,0.2169527074414288,66,True
Breakout_50,F,2021-05-27,2021-07-16,10.7939,10.5988,-0.018080328744253804,34,False
Breakout_50,F,2021-10-08,2022-01-24,11.1993,15.0352,0.34251697486808963,73,True
Breakout_50,F,2023-06-07,2023-07-31,10.9166,11.027,0.010108900846879543,36,True
Breakout_50,F,2023-12-22,2024-01-19,10.6049,9.4171,-0.11201296008225048,17,False
Breakout_50,F,2024-02-08,2024-04-16,11.0784,10.732,-0.031268722601300314,46,False
Breakout_50,F,2024-07-12,2024-07-26,12.106,10.0302,-0.17147084730708784,10,False
Breakout_50,F,2025-05-07,2025-07-31,9.9489,10.3932,0.044660603661106135,58,True
Breakout_50,F,2025-08-26,2025-10-10,11.5499,11.2956,-0.022015236424922535,32,False
Breakout_50,F,2025-10-27,2026-01-02,13.4961,13.0388,-0.033881955095869554,46,False
Breakout_50,F,2026-01-09,2026-01-21,14.1963,13.2663,-0.06550532225203987,7,False
Breakout_50,F,2026-02-26,2026-03-03,14.45,13.07,-0.09550173928418193,3,False
Breakout_100,F,2020-10-23,2021-01-05,6.2302,6.3578,0.020481862887112845,49,True
Breakout_100,F,2021-01-13,2021-04-20,7.4387,9.0525,0.2169527074414288,66,True
Breakout_100,F,2021-05-27,2021-07-16,10.7939,10.5988,-0.018080328744253804,34,False
Breakout_100,F,2021-10-22,2022-01-24,12.3252,15.0352,0.2198753657591206,63,True
Breakout_100,F,2023-06-08,2023-07-31,11.3442,11.027,-0.027966102003867843,35,False
Breakout_100,F,2024-02-08,2024-04-16,11.0784,10.732,-0.031268722601300314,46,False
Breakout_100,F,2024-07-15,2024-07-26,12.7145,10.0302,-0.21111895465437902,9,False
Breakout_100,F,2025-05-13,2025-07-31,10.2292,10.3932,0.016037655157405517,54,True
Breakout_100,F,2025-08-26,2025-10-10,11.5499,11.2956,-0.022015236424922535,32,False
Breakout_100,F,2025-10-27,2026-01-02,13.4961,13.0388,-0.033881955095869554,46,False
Breakout_100,F,2026-01-09,2026-01-21,14.1963,13.2663,-0.06550532225203987,7,False
Breakout_100,F,2026-02-26,2026-03-03,14.45,13.07,-0.09550173928418193,3,False
Breakout_50_noSMA,F,2020-05-28,2020-07-10,4.5413,4.3536,-0.041322418344230116,30,False
Breakout_50_noSMA,F,2020-10-13,2021-01-05,5.8699,6.3578,0.08312008219302025,57,True
Breakout_50_noSMA,F,2021-01-13,2021-04-20,7.4387,9.0525,0.2169527074414288,66,True
Breakout_50_noSMA,F,2021-05-27,2021-07-16,10.7939,10.5988,-0.018080328744253804,34,False
Breakout_50_noSMA,F,2021-10-08,2022-01-24,11.1993,15.0352,0.34251697486808963,73,True
Breakout_50_noSMA,F,2022-07-29,2022-09-21,10.7705,10.2072,-0.052300108546672885,37,False
Breakout_50_noSMA,F,2023-06-07,2023-07-31,10.9166,11.027,0.010108900846879543,36,True
Breakout_50_noSMA,F,2023-12-22,2024-01-19,10.6049,9.4171,-0.11201296008225048,17,False
Breakout_50_noSMA,F,2024-02-08,2024-04-16,11.0784,10.732,-0.031268722601300314,46,False
Breakout_50_noSMA,F,2024-07-12,2024-07-26,12.106,10.0302,-0.17147084730708784,10,False
Breakout_50_noSMA,F,2024-10-29,2024-10-30,9.5685,9.4504,-0.012345626293289613,1,False
Breakout_50_noSMA,F,2024-11-26,2024-12-05,10.2788,9.7998,-0.04659495919638701,6,False
Breakout_50_noSMA,F,2025-03-20,2025-04-04,9.578,8.8646,-0.07447878255904539,11,False
Breakout_50_noSMA,F,2025-05-07,2025-07-31,9.9489,10.3932,0.044660603661106135,58,True
Breakout_50_noSMA,F,2025-08-26,2025-10-10,11.5499,11.2956,-0.022015236424922535,32,False
Breakout_50_noSMA,F,2025-10-27,2026-01-02,13.4961,13.0388,-0.033881955095869554,46,False
Breakout_50_noSMA,F,2026-01-09,2026-01-21,14.1963,13.2663,-0.06550532225203987,7,False
Breakout_50_noSMA,F,2026-02-26,2026-03-03,14.45,13.07,-0.09550173928418193,3,False
Breakout_50,FANG,2020-11-24,2021-04-21,37.4461,59.2512,0.58230682024106,100,True
Breakout_50,FANG,2021-06-09,2021-07-15,73.3044,67.6349,-0.07734152915219139,25,False
Breakout_50,FANG,2021-09-28,2021-12-02,79.3578,83.4244,0.051243676289968176,46,True
Breakout_50,FANG,2022-01-05,2022-03-15,99.7346,99.6957,-0.0003900034392485541,47,False
Breakout_50,FANG,2022-03-24,2022-04-25,117.6046,103.3683,-0.12105242287406237,21,False
Breakout_50,FANG,2022-05-27,2022-06-17,123.4086,111.6526,-0.09526078326547593,14,False
Breakout_50,FANG,2022-10-07,2022-12-06,123.2575,123.0717,-0.0015072840119412234,41,False
Breakout_50,FANG,2023-07-25,2023-10-03,130.0448,135.6724,0.043274786772904195,49,True
Breakout_50,FANG,2023-10-13,2023-11-09,150.1382,141.8863,-0.054962052918822835,19,False
Breakout_50,FANG,2024-02-13,2024-05-17,154.8296,185.667,0.19917002111537796,66,True
Breakout_50,FANG,2024-07-16,2024-08-05,199.4381,174.9942,-0.1225636771018137,14,False
Breakout_50,FANG,2025-12-02,2025-12-26,155.0731,145.8581,-0.05942316188437147,17,False
Breakout_50,FANG,2026-02-05,2026-04-20,164.954,181.87,0.10254977840072188,50,True
Breakout_100,FANG,2020-11-25,2021-04-21,37.269,59.2512,0.589823761014258,99,True
Breakout_100,FANG,2021-06-09,2021-07-15,73.3044,67.6349,-0.07734152915219139,25,False
Breakout_100,FANG,2021-10-05,2021-12-02,85.9028,83.4244,-0.028851032008638477,41,False
Breakout_100,FANG,2022-01-05,2022-03-15,99.7346,99.6957,-0.0003900034392485541,47,False
Breakout_100,FANG,2022-03-24,2022-04-25,117.6046,103.3683,-0.12105242287406237,21,False
Breakout_100,FANG,2022-05-27,2022-06-17,123.4086,111.6526,-0.09526078326547593,14,False
Breakout_100,FANG,2022-11-07,2022-12-06,140.7298,123.0717,-0.1254750947330403,20,False
Breakout_100,FANG,2023-08-02,2023-10-03,132.846,135.6724,0.02127620037234479,43,True
Breakout_100,FANG,2023-10-13,2023-11-09,150.1382,141.8863,-0.054962052918822835,19,False
Breakout_100,FANG,2024-02-15,2024-05-17,157.8557,185.667,0.1761819241086653,64,True
Breakout_100,FANG,2024-07-16,2024-08-05,199.4381,174.9942,-0.1225636771018137,14,False
Breakout_100,FANG,2025-12-02,2025-12-26,155.0731,145.8581,-0.05942316188437147,17,False
Breakout_100,FANG,2026-02-05,2026-04-20,164.954,181.87,0.10254977840072188,50,True
Breakout_50_noSMA,FANG,2020-06-04,2020-06-25,37.3078,32.946,-0.11691312108935914,15,False
Breakout_50_noSMA,FANG,2020-11-18,2021-04-21,30.3802,59.2512,0.9503238004955219,104,True
Breakout_50_noSMA,FANG,2021-06-09,2021-07-15,73.3044,67.6349,-0.07734152915219139,25,False
Breakout_50_noSMA,FANG,2021-09-28,2021-12-02,79.3578,83.4244,0.051243676289968176,46,True
Breakout_50_noSMA,FANG,2022-01-05,2022-03-15,99.7346,99.6957,-0.0003900034392485541,47,False
Breakout_50_noSMA,FANG,2022-03-24,2022-04-25,117.6046,103.3683,-0.12105242287406237,21,False
Breakout_50_noSMA,FANG,2022-05-27,2022-06-17,123.4086,111.6526,-0.09526078326547593,14,False
Breakout_50_noSMA,FANG,2022-10-07,2022-12-06,123.2575,123.0717,-0.0015072840119412234,41,False
Breakout_50_noSMA,FANG,2023-07-25,2023-10-03,130.0448,135.6724,0.043274786772904195,49,True
Breakout_50_noSMA,FANG,2023-10-13,2023-11-09,150.1382,141.8863,-0.054962052918822835,19,False
Breakout_50_noSMA,FANG,2024-02-13,2024-05-17,154.8296,185.667,0.19917002111537796,66,True
Breakout_50_noSMA,FANG,2024-07-16,2024-08-05,199.4381,174.9942,-0.1225636771018137,14,False
Breakout_50_noSMA,FANG,2025-12-02,2025-12-26,155.0731,145.8581,-0.05942316188437147,17,False
Breakout_50_noSMA,FANG,2026-02-05,2026-04-20,164.954,181.87,0.10254977840072188,50,True
Breakout_50,FAST,2020-05-08,2020-09-09,16.6141,19.2658,0.15960388592838148,85,True
Breakout_50,FAST,2020-12-01,2021-01-22,21.8185,21.228,-0.02706528720748702,35,False
Breakout_50,FAST,2021-04-05,2021-06-16,22.7933,22.8639,0.003093488590754534,51,True
Breakout_50,FAST,2021-07-30,2021-09-08,24.6126,23.9763,-0.025851225017151647,27,False
Breakout_50,FAST,2021-11-01,2022-01-10,25.7539,27.0328,0.04965896846136508,48,True
Breakout_50,FAST,2022-08-15,2022-08-31,25.5594,23.2958,-0.08856213360419629,12,False
Breakout_50,FAST,2022-11-11,2022-12-16,23.9018,21.8677,-0.08510228936563025,24,False
Breakout_50,FAST,2023-02-03,2023-04-06,25.3411,23.7898,-0.061216837114500544,43,False
Breakout_50,FAST,2023-04-21,2023-08-07,25.3597,26.6018,0.04898190050785223,73,True
Breakout_50,FAST,2023-10-13,2024-04-12,28.5537,33.301,0.16625988269944392,124,True
Breakout_50,FAST,2024-07-17,2024-08-08,33.3211,31.66,-0.0498525702674103,16,False
Breakout_50,FAST,2024-10-14,2024-12-16,37.2693,38.3486,0.028961511428934328,44,True
Breakout_50,FAST,2025-03-07,2025-03-14,37.9283,36.4347,-0.03938027056140336,5,False
Breakout_50,FAST,2025-05-05,2025-09-17,40.3138,46.935,0.16424193974081303,93,True
Breakout_50,FAST,2026-01-16,2026-03-20,43.1314,44.37,0.028717424253663193,43,True
Breakout_50,FAST,2026-04-10,2026-04-14,49.27,45.43,-0.07793789561418207,2,False
Breakout_100,FAST,2020-05-11,2020-09-09,16.6314,19.2658,0.15839804455513629,84,True
Breakout_100,FAST,2020-12-10,2021-01-22,21.7128,21.228,-0.02232609585927836,28,False
Breakout_100,FAST,2021-04-22,2021-06-16,23.0549,22.8639,-0.008287771707926606,38,False
Breakout_100,FAST,2021-07-30,2021-09-08,24.6126,23.9763,-0.025851225017151647,27,False
Breakout_100,FAST,2021-11-01,2022-01-10,25.7539,27.0328,0.04965896846136508,48,True
Breakout_100,FAST,2023-02-03,2023-04-06,25.3411,23.7898,-0.061216837114500544,43,False
Breakout_100,FAST,2023-06-14,2023-08-07,26.2326,26.6018,0.014075744333263307,36,True
Breakout_100,FAST,2023-10-13,2024-04-12,28.5537,33.301,0.16625988269944392,124,True
Breakout_100,FAST,2024-10-14,2024-12-16,37.2693,38.3486,0.028961511428934328,44,True
Breakout_100,FAST,2025-05-05,2025-09-17,40.3138,46.935,0.16424193974081303,93,True
Breakout_100,FAST,2026-04-10,2026-04-14,49.27,45.43,-0.07793789561418207,2,False
Breakout_50_noSMA,FAST,2020-05-08,2020-09-09,16.6141,19.2658,0.15960388592838148,85,True
Breakout_50_noSMA,FAST,2020-12-01,2021-01-22,21.8185,21.228,-0.02706528720748702,35,False
Breakout_50_noSMA,FAST,2021-04-05,2021-06-16,22.7933,22.8639,0.003093488590754534,51,True
Breakout_50_noSMA,FAST,2021-07-30,2021-09-08,24.6126,23.9763,-0.025851225017151647,27,False
Breakout_50_noSMA,FAST,2021-11-01,2022-01-10,25.7539,27.0328,0.04965896846136508,48,True
Breakout_50_noSMA,FAST,2022-08-15,2022-08-31,25.5594,23.2958,-0.08856213360419629,12,False
Breakout_50_noSMA,FAST,2022-11-11,2022-12-16,23.9018,21.8677,-0.08510228936563025,24,False
Breakout_50_noSMA,FAST,2023-02-03,2023-04-06,25.3411,23.7898,-0.061216837114500544,43,False
Breakout_50_noSMA,FAST,2023-04-21,2023-08-07,25.3597,26.6018,0.04898190050785223,73,True
Breakout_50_noSMA,FAST,2023-10-13,2024-04-12,28.5537,33.301,0.16625988269944392,124,True
Breakout_50_noSMA,FAST,2024-07-17,2024-08-08,33.3211,31.66,-0.0498525702674103,16,False
Breakout_50_noSMA,FAST,2024-10-14,2024-12-16,37.2693,38.3486,0.028961511428934328,44,True
Breakout_50_noSMA,FAST,2025-03-07,2025-03-14,37.9283,36.4347,-0.03938027056140336,5,False
Breakout_50_noSMA,FAST,2025-05-05,2025-09-17,40.3138,46.935,0.16424193974081303,93,True
Breakout_50_noSMA,FAST,2026-01-16,2026-03-20,43.1314,44.37,0.028717424253663193,43,True
Breakout_50_noSMA,FAST,2026-04-10,2026-04-14,49.27,45.43,-0.07793789561418207,2,False
Breakout_50,FCX,2020-06-04,2021-01-28,9.4365,24.5275,1.5992101082670143,164,True
Breakout_50,FCX,2021-02-18,2021-03-24,32.0078,30.5639,-0.045110624823657686,24,False
Breakout_50,FCX,2021-04-27,2021-06-15,35.9909,35.3654,-0.01737987840589783,34,False
Breakout_50,FCX,2021-10-26,2021-12-02,36.9767,34.1172,-0.07733270812338178,26,False
Breakout_50,FCX,2021-12-28,2022-01-26,39.1893,37.2223,-0.05019370428751524,20,False
Breakout_50,FCX,2022-02-28,2022-04-22,43.3649,41.9721,-0.03211634846958644,38,False
Breakout_50,FCX,2022-11-11,2023-02-23,36.0026,39.9411,0.10939504583225546,69,True
Breakout_50,FCX,2023-07-14,2023-08-16,40.5827,38.1818,-0.05915900772538463,23,False
Breakout_50,FCX,2023-12-04,2024-01-18,36.8748,37.3007,0.011549722587246736,30,True
Breakout_50,FCX,2024-03-14,2024-06-05,42.4503,48.7253,0.1478199114569223,57,True
Breakout_50,FCX,2024-09-27,2024-10-31,50.0802,44.5188,-0.11104900813324492,24,False
Breakout_50,FCX,2025-06-27,2025-07-31,43.5832,38.5797,-0.11480384602514448,23,False
Breakout_50,FCX,2025-12-08,2026-03-09,45.1677,57.1342,0.264933360287104,61,True
Breakout_50,FCX,2026-04-20,2026-04-24,69.54,62.07,-0.10742020595854174,4,False
Breakout_100,FCX,2020-08-06,2021-01-28,13.0323,24.5275,0.8820591062040914,120,True
Breakout_100,FCX,2021-02-18,2021-03-24,32.0078,30.5639,-0.045110624823657686,24,False
Breakout_100,FCX,2021-04-27,2021-06-15,35.9909,35.3654,-0.01737987840589783,34,False
Breakout_100,FCX,2021-11-12,2021-12-02,38.1299,34.1172,-0.10523707621156808,13,False
Breakout_100,FCX,2021-12-28,2022-01-26,39.1893,37.2223,-0.05019370428751524,20,False
Breakout_100,FCX,2022-02-28,2022-04-22,43.3649,41.9721,-0.03211634846958644,38,False
Breakout_100,FCX,2022-11-11,2023-02-23,36.0026,39.9411,0.10939504583225546,69,True
Breakout_100,FCX,2023-07-26,2023-08-16,41.6818,38.1818,-0.08396951983409351,15,False
Breakout_100,FCX,2023-12-28,2024-01-18,41.5797,37.3007,-0.10291180998717864,13,False
Breakout_100,FCX,2024-03-14,2024-06-05,42.4503,48.7253,0.1478199114569223,57,True
Breakout_100,FCX,2025-06-27,2025-07-31,43.5832,38.5797,-0.11480384602514448,23,False
Breakout_100,FCX,2025-12-12,2026-03-09,48.5319,57.1342,0.17724925957215687,57,True
Breakout_100,FCX,2026-04-20,2026-04-24,69.54,62.07,-0.10742020595854174,4,False
Breakout_50_noSMA,FCX,2020-06-03,2021-01-28,9.2036,24.5275,1.6649793273559372,165,True
Breakout_50_noSMA,FCX,2021-02-18,2021-03-24,32.0078,30.5639,-0.045110624823657686,24,False
Breakout_50_noSMA,FCX,2021-04-27,2021-06-15,35.9909,35.3654,-0.01737987840589783,34,False
Breakout_50_noSMA,FCX,2021-10-26,2021-12-02,36.9767,34.1172,-0.07733270812338178,26,False
Breakout_50_noSMA,FCX,2021-12-28,2022-01-26,39.1893,37.2223,-0.05019370428751524,20,False
Breakout_50_noSMA,FCX,2022-02-28,2022-04-22,43.3649,41.9721,-0.03211634846958644,38,False
Breakout_50_noSMA,FCX,2022-11-07,2023-02-23,33.3601,39.9411,0.19727142408255127,73,True
Breakout_50_noSMA,FCX,2023-07-14,2023-08-16,40.5827,38.1818,-0.05915900772538463,23,False
Breakout_50_noSMA,FCX,2023-12-04,2024-01-18,36.8748,37.3007,0.011549722587246736,30,True
Breakout_50_noSMA,FCX,2024-03-14,2024-06-05,42.4503,48.7253,0.1478199114569223,57,True
Breakout_50_noSMA,FCX,2024-09-27,2024-10-31,50.0802,44.5188,-0.11104900813324492,24,False
Breakout_50_noSMA,FCX,2025-03-25,2025-04-01,41.5295,37.4553,-0.09810423895932396,5,False
Breakout_50_noSMA,FCX,2025-06-27,2025-07-31,43.5832,38.5797,-0.11480384602514448,23,False
Breakout_50_noSMA,FCX,2025-12-08,2026-03-09,45.1677,57.1342,0.264933360287104,61,True
Breakout_50_noSMA,FCX,2026-04-20,2026-04-24,69.54,62.07,-0.10742020595854174,4,False
Breakout_50,FDX,2020-06-08,2020-12-21,129.8376,245.7699,0.8929021046154477,137,True
Breakout_50,FDX,2021-03-15,2021-06-10,245.8111,266.3014,0.08335788187305626,61,True
Breakout_50,FDX,2022-06-16,2022-07-14,207.748,195.3792,-0.05953719225137977,18,False
Breakout_50,FDX,2023-02-02,2023-03-16,195.4115,184.3022,-0.05685103413804504,29,False
Breakout_50,FDX,2023-03-20,2023-05-17,206.5548,207.9538,0.006773079298900697,41,True
Breakout_50,FDX,2023-06-16,2023-06-22,224.1096,212.4579,-0.051990888680545466,3,False
Breakout_50,FDX,2023-06-28,2023-09-06,232.277,243.0883,0.04654488196782913,48,True
Breakout_50,FDX,2023-12-11,2023-12-21,259.2789,236.5409,-0.08769678689313887,8,False
Breakout_50,FDX,2024-03-21,2024-05-01,248.6997,250.7119,0.008090921924752248,28,True
Breakout_50,FDX,2024-06-27,2024-08-08,282.4028,268.9146,-0.04776208232992962,29,False
Breakout_50,FDX,2025-10-07,2025-10-13,245.4219,225.089,-0.08284879738713002,4,False
Breakout_50,FDX,2025-11-06,2026-03-27,253.7454,348.62,0.37389693681811687,96,True
Breakout_100,FDX,2020-07-17,2020-12-21,150.5688,245.7699,0.6322757743433924,109,True
Breakout_100,FDX,2021-05-04,2021-06-10,274.5646,266.3014,-0.030095424561824347,26,False
Breakout_100,FDX,2023-02-03,2023-03-16,198.1754,184.3022,-0.07000475878423418,28,False
Breakout_100,FDX,2023-03-20,2023-05-17,206.5548,207.9538,0.006773079298900697,41,True
Breakout_100,FDX,2023-06-16,2023-06-22,224.1096,212.4579,-0.051990888680545466,3,False
Breakout_100,FDX,2023-06-28,2023-09-06,232.277,243.0883,0.04654488196782913,48,True
Breakout_100,FDX,2023-12-11,2023-12-21,259.2789,236.5409,-0.08769678689313887,8,False
Breakout_100,FDX,2024-03-25,2024-05-01,269.0423,250.7119,-0.0681318410088072,26,False
Breakout_100,FDX,2024-06-27,2024-08-08,282.4028,268.9146,-0.04776208232992962,29,False
Breakout_100,FDX,2025-10-07,2025-10-13,245.4219,225.089,-0.08284879738713002,4,False
Breakout_100,FDX,2025-11-06,2026-03-27,253.7454,348.62,0.37389693681811687,96,True
Breakout_50_noSMA,FDX,2020-06-03,2020-12-21,122.7249,245.7699,1.0026082357727097,140,True
Breakout_50_noSMA,FDX,2021-03-15,2021-06-10,245.8111,266.3014,0.08335788187305626,61,True
Breakout_50_noSMA,FDX,2022-01-05,2022-01-24,242.3866,219.1175,-0.0959999211379331,12,False
Breakout_50_noSMA,FDX,2022-06-16,2022-07-14,207.748,195.3792,-0.05953719225137977,18,False
Breakout_50_noSMA,FDX,2022-12-01,2022-12-21,168.8025,162.9737,-0.03453073391167061,14,False
Breakout_50_noSMA,FDX,2023-01-09,2023-03-16,173.4688,184.3022,0.06245130610368799,46,True
Breakout_50_noSMA,FDX,2023-03-20,2023-05-17,206.5548,207.9538,0.006773079298900697,41,True
Breakout_50_noSMA,FDX,2023-06-16,2023-06-22,224.1096,212.4579,-0.051990888680545466,3,False
Breakout_50_noSMA,FDX,2023-06-28,2023-09-06,232.277,243.0883,0.04654488196782913,48,True
Breakout_50_noSMA,FDX,2023-12-11,2023-12-21,259.2789,236.5409,-0.08769678689313887,8,False
Breakout_50_noSMA,FDX,2024-03-21,2024-05-01,248.6997,250.7119,0.008090921924752248,28,True
Breakout_50_noSMA,FDX,2024-06-27,2024-08-08,282.4028,268.9146,-0.04776208232992962,29,False
Breakout_50_noSMA,FDX,2025-07-03,2025-07-31,239.9899,219.2252,-0.08652303508455805,19,False
Breakout_50_noSMA,FDX,2025-10-07,2025-10-13,245.4219,225.089,-0.08284879738713002,4,False
Breakout_50_noSMA,FDX,2025-11-06,2026-03-27,253.7454,348.62,0.37389693681811687,96,True
Breakout_50,FTNT,2020-05-08,2020-07-14,26.846,26.562,-0.010578871698800674,45,False
Breakout_50,FTNT,2020-12-18,2021-09-29,27.314,58.25,1.1326060539361955,195,True
Breakout_50,FTNT,2021-10-19,2021-12-02,65.77,61.052,-0.07173481443587781,31,False
Breakout_50,FTNT,2021-12-28,2022-01-04,74.0,66.1,-0.10675677737674194,5,False
Breakout_50,FTNT,2023-02-09,2023-04-28,60.76,62.67,0.03143515306410416,54,True
Breakout_50,FTNT,2023-05-22,2023-08-07,69.75,57.58,-0.1744802604866712,52,False
Breakout_50,FTNT,2024-01-24,2024-03-27,65.06,68.29,0.04964653363266147,44,True
Breakout_50,FTNT,2024-08-08,2024-11-06,69.72,80.21,0.15045894549776007,63,True
Breakout_50,FTNT,2024-11-11,2025-01-15,92.42,93.88,0.015797436846987978,43,True
Breakout_50,FTNT,2025-02-06,2025-03-07,105.4,102.0,-0.03225807852615736,20,False
Breakout_100,FTNT,2020-05-08,2020-07-14,26.846,26.562,-0.010578871698800674,45,False
Breakout_100,FTNT,2020-12-21,2021-09-29,28.678,58.25,1.0311737576810556,194,True
Breakout_100,FTNT,2021-10-19,2021-12-02,65.77,61.052,-0.07173481443587781,31,False
Breakout_100,FTNT,2021-12-28,2022-01-04,74.0,66.1,-0.10675677737674194,5,False
Breakout_100,FTNT,2023-02-09,2023-04-28,60.76,62.67,0.03143515306410416,54,True
Breakout_100,FTNT,2023-05-22,2023-08-07,69.75,57.58,-0.1744802604866712,52,False
Breakout_100,FTNT,2024-01-25,2024-03-27,67.27,68.29,0.015162841138123717,43,True
Breakout_100,FTNT,2024-08-19,2024-11-06,74.69,80.21,0.07390542860668403,56,True
Breakout_100,FTNT,2024-11-11,2025-01-15,92.42,93.88,0.015797436846987978,43,True
Breakout_100,FTNT,2025-02-06,2025-03-07,105.4,102.0,-0.03225807852615736,20,False
Breakout_50_noSMA,FTNT,2020-05-08,2020-07-14,26.846,26.562,-0.010578871698800674,45,False
Breakout_50_noSMA,FTNT,2020-12-18,2021-09-29,27.314,58.25,1.1326060539361955,195,True
Breakout_50_noSMA,FTNT,2021-10-19,2021-12-02,65.77,61.052,-0.07173481443587781,31,False
Breakout_50_noSMA,FTNT,2021-12-28,2022-01-04,74.0,66.1,-0.10675677737674194,5,False
Breakout_50_noSMA,FTNT,2023-02-09,2023-04-28,60.76,62.67,0.03143515306410416,54,True
Breakout_50_noSMA,FTNT,2023-05-22,2023-08-07,69.75,57.58,-0.1744802604866712,52,False
Breakout_50_noSMA,FTNT,2023-12-27,2024-03-27,59.66,68.29,0.14465305213187296,62,True
Breakout_50_noSMA,FTNT,2024-08-08,2024-11-06,69.72,80.21,0.15045894549776007,63,True
Breakout_50_noSMA,FTNT,2024-11-11,2025-01-15,92.42,93.88,0.015797436846987978,43,True
Breakout_50_noSMA,FTNT,2025-02-06,2025-03-07,105.4,102.0,-0.03225807852615736,20,False
Breakout_50_noSMA,FTNT,2025-11-04,2025-11-07,86.5,79.78,-0.07768787538385113,3,False
Breakout_50_noSMA,FTNT,2026-02-12,2026-02-19,87.55,81.01,-0.07470017918401473,4,False
Breakout_50,FTV,2020-06-08,2020-09-22,44.0914,44.5354,0.010070272463181595,74,True
Breakout_50,FTV,2020-10-06,2020-10-29,49.2305,45.2678,-0.08049336865300794,17,False
Breakout_50,FTV,2021-04-13,2021-05-12,54.0491,51.644,-0.04449919192214402,21,False
Breakout_50,FTV,2021-08-12,2021-09-20,55.3867,52.7706,-0.04723383998569475,26,False
Breakout_50,FTV,2021-11-02,2021-12-01,56.9174,55.3776,-0.027053040857930588,20,False
Breakout_50,FTV,2022-08-04,2022-09-19,48.4977,46.3235,-0.044830216199571726,31,False
Breakout_50,FTV,2022-11-11,2022-12-16,50.7257,47.3019,-0.0674970420901817,24,False
Breakout_50,FTV,2023-02-06,2023-02-23,50.936,49.3904,-0.030342176425592227,12,False
Breakout_50,FTV,2023-06-08,2023-09-13,51.1725,56.719,0.10838786761140917,66,True
Breakout_50,FTV,2024-01-24,2024-04-11,56.5103,62.0993,0.09890211660036341,54,True
Breakout_50,FTV,2024-07-17,2024-07-25,58.8465,52.4825,-0.10814606423745832,6,False
Breakout_50,FTV,2024-09-30,2024-10-28,59.0155,56.4552,-0.04338445372215449,20,False
Breakout_50,FTV,2025-01-22,2025-03-05,60.5588,58.0918,-0.040738688439583504,29,False
Breakout_50,FTV,2025-12-30,2026-01-21,56.0187,53.1718,-0.050820349778363805,14,False
Breakout_50,FTV,2026-02-05,2026-03-10,60.6636,56.5082,-0.06849991992502558,22,False
Breakout_100,FTV,2020-07-30,2020-09-22,44.6269,44.5354,-0.00205082757885644,37,False
Breakout_100,FTV,2020-10-06,2020-10-29,49.2305,45.2678,-0.08049336865300794,17,False
Breakout_100,FTV,2021-04-13,2021-05-12,54.0491,51.644,-0.04449919192214402,21,False
Breakout_100,FTV,2021-08-12,2021-09-20,55.3867,52.7706,-0.04723383998569475,26,False
Breakout_100,FTV,2021-11-02,2021-12-01,56.9174,55.3776,-0.027053040857930588,20,False
Breakout_100,FTV,2022-08-04,2022-09-19,48.4977,46.3235,-0.044830216199571726,31,False
Breakout_100,FTV,2023-06-14,2023-09-13,52.1184,56.719,0.08827271915405688,62,True
Breakout_100,FTV,2024-02-02,2024-04-11,61.4657,62.0993,0.010306735695484459,47,True
Breakout_100,FTV,2025-01-22,2025-03-05,60.5588,58.0918,-0.040738688439583504,29,False
Breakout_100,FTV,2025-12-30,2026-01-21,56.0187,53.1718,-0.050820349778363805,14,False
Breakout_100,FTV,2026-02-05,2026-03-10,60.6636,56.5082,-0.06849991992502558,22,False
Breakout_50_noSMA,FTV,2020-06-04,2020-09-22,40.8475,44.5354,0.09028513817151929,76,True
Breakout_50_noSMA,FTV,2020-10-06,2020-10-29,49.2305,45.2678,-0.08049336865300794,17,False
Breakout_50_noSMA,FTV,2021-04-13,2021-05-12,54.0491,51.644,-0.04449919192214402,21,False
Breakout_50_noSMA,FTV,2021-08-12,2021-09-20,55.3867,52.7706,-0.04723383998569475,26,False
Breakout_50_noSMA,FTV,2021-11-02,2021-12-01,56.9174,55.3776,-0.027053040857930588,20,False
Breakout_50_noSMA,FTV,2022-08-01,2022-09-19,47.3038,46.3235,-0.020722472936700487,34,False
Breakout_50_noSMA,FTV,2022-11-11,2022-12-16,50.7257,47.3019,-0.0674970420901817,24,False
Breakout_50_noSMA,FTV,2023-02-06,2023-02-23,50.936,49.3904,-0.030342176425592227,12,False
Breakout_50_noSMA,FTV,2023-06-08,2023-09-13,51.1725,56.719,0.10838786761140917,66,True
Breakout_50_noSMA,FTV,2024-01-24,2024-04-11,56.5103,62.0993,0.09890211660036341,54,True
Breakout_50_noSMA,FTV,2024-07-17,2024-07-25,58.8465,52.4825,-0.10814606423745832,6,False
Breakout_50_noSMA,FTV,2024-09-30,2024-10-28,59.0155,56.4552,-0.04338445372215449,20,False
Breakout_50_noSMA,FTV,2025-01-22,2025-03-05,60.5588,58.0918,-0.040738688439583504,29,False
Breakout_50_noSMA,FTV,2025-12-30,2026-01-21,56.0187,53.1718,-0.050820349778363805,14,False
Breakout_50_noSMA,FTV,2026-02-05,2026-03-10,60.6636,56.5082,-0.06849991992502558,22,False
Breakout_50,GD,2020-06-09,2020-07-10,144.078,121.571,-0.15621399261164592,22,False
Breakout_50,GD,2020-12-07,2021-01-05,137.3484,129.5924,-0.05646979812544006,19,False
Breakout_50,GD,2021-02-10,2021-06-18,145.2114,166.4705,0.1464013832703639,89,True
Breakout_50,GD,2021-07-28,2021-09-17,179.4216,175.551,-0.02157248275160817,36,False
Breakout_50,GD,2021-10-18,2021-11-05,188.2503,182.1821,-0.032234767417544274,14,False
Breakout_50,GD,2022-01-05,2022-05-03,193.5724,215.758,0.11461105223235135,81,True
Breakout_50,GD,2022-08-15,2022-09-02,218.9567,210.2614,-0.039712757001114096,14,False
Breakout_50,GD,2022-10-25,2022-12-20,226.1526,227.306,0.005100262201377825,39,True
Breakout_50,GD,2023-10-10,2024-01-18,228.5119,238.378,0.04317519022840832,68,True
Breakout_50,GD,2024-01-25,2024-06-17,250.5534,280.0851,0.11786589944128467,99,True
Breakout_50,GD,2024-09-10,2024-10-09,293.2145,286.2445,-0.023771066872249724,21,False
Breakout_50,GD,2024-11-12,2024-11-15,305.9831,282.5049,-0.0767302998507774,3,False
Breakout_50,GD,2025-04-15,2025-11-25,272.8942,335.8517,0.2307025859715135,155,True
Breakout_50,GD,2026-01-07,2026-02-12,358.8604,347.1077,-0.03274993850280239,25,False
Breakout_100,GD,2021-02-10,2021-06-18,145.2114,166.4705,0.1464013832703639,89,True
Breakout_100,GD,2021-08-12,2021-09-17,181.5739,175.551,-0.03317052715592006,25,False
Breakout_100,GD,2021-10-18,2021-11-05,188.2503,182.1821,-0.032234767417544274,14,False
Breakout_100,GD,2022-01-05,2022-05-03,193.5724,215.758,0.11461105223235135,81,True
Breakout_100,GD,2022-10-25,2022-12-20,226.1526,227.306,0.005100262201377825,39,True
Breakout_100,GD,2023-10-10,2024-01-18,228.5119,238.378,0.04317519022840832,68,True
Breakout_100,GD,2024-01-25,2024-06-17,250.5534,280.0851,0.11786589944128467,99,True
Breakout_100,GD,2024-09-10,2024-10-09,293.2145,286.2445,-0.023771066872249724,21,False
Breakout_100,GD,2024-11-12,2024-11-15,305.9831,282.5049,-0.0767302998507774,3,False
Breakout_100,GD,2025-05-20,2025-11-25,275.1135,335.8517,0.22077505588265645,131,True
Breakout_100,GD,2026-01-07,2026-02-12,358.8604,347.1077,-0.03274993850280239,25,False
Breakout_50_noSMA,GD,2020-05-27,2020-07-10,130.3076,121.571,-0.0670463033007418,31,False
Breakout_50_noSMA,GD,2020-12-07,2021-01-05,137.3484,129.5924,-0.05646979812544006,19,False
Breakout_50_noSMA,GD,2021-02-10,2021-06-18,145.2114,166.4705,0.1464013832703639,89,True
Breakout_50_noSMA,GD,2021-07-28,2021-09-17,179.4216,175.551,-0.02157248275160817,36,False
Breakout_50_noSMA,GD,2021-10-18,2021-11-05,188.2503,182.1821,-0.032234767417544274,14,False
Breakout_50_noSMA,GD,2022-01-05,2022-05-03,193.5724,215.758,0.11461105223235135,81,True
Breakout_50_noSMA,GD,2022-08-15,2022-09-02,218.9567,210.2614,-0.039712757001114096,14,False
Breakout_50_noSMA,GD,2022-10-25,2022-12-20,226.1526,227.306,0.005100262201377825,39,True
Breakout_50_noSMA,GD,2023-07-27,2023-09-07,211.2561,207.1487,-0.019442771378940904,29,False
Breakout_50_noSMA,GD,2023-10-10,2024-01-18,228.5119,238.378,0.04317519022840832,68,True
Breakout_50_noSMA,GD,2024-01-25,2024-06-17,250.5534,280.0851,0.11786589944128467,99,True
Breakout_50_noSMA,GD,2024-09-10,2024-10-09,293.2145,286.2445,-0.023771066872249724,21,False
Breakout_50_noSMA,GD,2024-11-12,2024-11-15,305.9831,282.5049,-0.0767302998507774,3,False
Breakout_50_noSMA,GD,2025-04-15,2025-11-25,272.8942,335.8517,0.2307025859715135,155,True
Breakout_50_noSMA,GD,2026-01-07,2026-02-12,358.8604,347.1077,-0.03274993850280239,25,False
Breakout_50,GE,2020-11-09,2021-02-01,45.4468,52.8349,0.1625655655514493,56,True
Breakout_50,GE,2021-02-23,2021-05-03,61.3001,64.4613,0.051568367073170585,48,True
Breakout_50,GE,2021-05-28,2021-06-17,69.5734,65.289,-0.06158134324671427,13,False
Breakout_50,GE,2021-10-27,2021-11-17,65.7552,63.2074,-0.03874698932314691,15,False
Breakout_50,GE,2022-11-07,2022-12-16,49.6467,47.6606,-0.040005371777811716,28,False
Breakout_50,GE,2023-01-05,2023-09-08,54.8607,87.6562,0.5977955259426386,169,True
Breakout_50,GE,2023-11-17,2024-06-14,93.8793,152.39,0.623254431186756,143,True
Breakout_50,GE,2024-07-24,2024-08-05,169.7518,150.9356,-0.11084536744196993,8,False
Breakout_50,GE,2024-09-16,2024-10-23,176.8982,178.1317,0.006972803845863407,27,True
Breakout_50,GE,2025-01-22,2025-03-11,186.7423,188.93,0.011714997117250325,33,True
Breakout_50,GE,2025-03-26,2025-03-31,211.1723,196.49,-0.06952753049813687,3,False
Breakout_50,GE,2025-05-09,2025-11-18,214.0769,295.0622,0.3783002998565055,133,True
Breakout_50,GE,2026-01-05,2026-01-23,323.349,296.568,-0.08282384349112393,13,False
Breakout_50,GE,2026-02-20,2026-03-13,338.3371,307.37,-0.09152746406068457,15,False
Breakout_100,GE,2020-11-09,2021-02-01,45.4468,52.8349,0.1625655655514493,56,True
Breakout_100,GE,2021-02-23,2021-05-03,61.3001,64.4613,0.051568367073170585,48,True
Breakout_100,GE,2021-11-10,2021-11-17,68.5712,63.2074,-0.07822221490682835,5,False
Breakout_100,GE,2022-11-08,2022-12-16,51.2932,47.6606,-0.07082160174760577,27,False
Breakout_100,GE,2023-01-05,2023-09-08,54.8607,87.6562,0.5977955259426386,169,True
Breakout_100,GE,2023-11-17,2024-06-14,93.8793,152.39,0.623254431186756,143,True
Breakout_100,GE,2024-07-24,2024-08-05,169.7518,150.9356,-0.11084536744196993,8,False
Breakout_100,GE,2024-09-16,2024-10-23,176.8982,178.1317,0.006972803845863407,27,True
Breakout_100,GE,2025-01-24,2025-03-11,201.0597,188.93,-0.06032907725204595,31,False
Breakout_100,GE,2025-03-26,2025-03-31,211.1723,196.49,-0.06952753049813687,3,False
Breakout_100,GE,2025-05-09,2025-11-18,214.0769,295.0622,0.3783002998565055,133,True
Breakout_100,GE,2026-01-05,2026-01-23,323.349,296.568,-0.08282384349112393,13,False
Breakout_100,GE,2026-02-20,2026-03-13,338.3371,307.37,-0.09152746406068457,15,False
Breakout_50_noSMA,GE,2020-10-19,2021-02-01,35.92,52.8349,0.4709056370530884,71,True
Breakout_50_noSMA,GE,2021-02-23,2021-05-03,61.3001,64.4613,0.051568367073170585,48,True
Breakout_50_noSMA,GE,2021-05-28,2021-06-17,69.5734,65.289,-0.06158134324671427,13,False
Breakout_50_noSMA,GE,2021-10-27,2021-11-17,65.7552,63.2074,-0.03874698932314691,15,False
Breakout_50_noSMA,GE,2022-08-15,2022-09-14,48.4848,43.2212,-0.10856129076676957,21,False
Breakout_50_noSMA,GE,2022-11-07,2022-12-16,49.6467,47.6606,-0.040005371777811716,28,False
Breakout_50_noSMA,GE,2023-01-05,2023-09-08,54.8607,87.6562,0.5977955259426386,169,True
Breakout_50_noSMA,GE,2023-11-17,2024-06-14,93.8793,152.39,0.623254431186756,143,True
Breakout_50_noSMA,GE,2024-07-24,2024-08-05,169.7518,150.9356,-0.11084536744196993,8,False
Breakout_50_noSMA,GE,2024-09-16,2024-10-23,176.8982,178.1317,0.006972803845863407,27,True
Breakout_50_noSMA,GE,2025-01-22,2025-03-11,186.7423,188.93,0.011714997117250325,33,True
Breakout_50_noSMA,GE,2025-03-26,2025-03-31,211.1723,196.49,-0.06952753049813687,3,False
Breakout_50_noSMA,GE,2025-05-09,2025-11-18,214.0769,295.0622,0.3783002998565055,133,True
Breakout_50_noSMA,GE,2026-01-05,2026-01-23,323.349,296.568,-0.08282384349112393,13,False
Breakout_50_noSMA,GE,2026-02-20,2026-03-13,338.3371,307.37,-0.09152746406068457,15,False
Breakout_50,GILD,2020-02-27,2020-05-18,61.7582,60.8607,-0.014531861828875559,56,False
Breakout_50,GILD,2021-01-20,2021-02-26,54.9846,51.5214,-0.06298514685659917,26,False
Breakout_50,GILD,2021-05-14,2021-05-28,57.1958,54.8219,-0.041503529883351375,10,False
Breakout_50,GILD,2021-07-29,2021-09-29,58.9162,59.4338,0.008785565789461991,43,True
Breakout_50,GILD,2021-12-16,2022-01-20,61.0559,59.1048,-0.03195518393554253,23,False
Breakout_50,GILD,2022-08-16,2022-09-27,58.0528,55.4011,-0.04567720342425441,29,False
Breakout_50,GILD,2022-10-25,2023-01-19,61.0894,75.3128,0.23283087506923605,58,True
Breakout_50,GILD,2023-07-21,2023-07-27,73.3347,70.5258,-0.038303536236800606,4,False
Breakout_50,GILD,2023-11-03,2023-11-10,75.5174,69.4945,-0.07975614330620828,5,False
Breakout_50,GILD,2023-12-14,2024-01-23,76.577,72.9898,-0.04684482588291361,25,False
Breakout_50,GILD,2024-07-18,2025-01-08,68.9966,87.7157,0.2713055785251888,120,True
Breakout_50,GILD,2025-01-31,2025-04-08,93.5679,102.6701,0.09727839558278606,46,True
Breakout_50,GILD,2025-07-10,2025-08-07,110.9235,108.4807,-0.022021741465658717,20,False
Breakout_50,GILD,2025-08-11,2025-08-29,116.9665,110.6194,-0.054264942114992554,14,False
Breakout_50,GILD,2025-10-20,2025-12-10,121.0979,118.0356,-0.02528751601089685,36,False
Breakout_50,GILD,2026-01-22,2026-03-23,128.4008,139.68,0.08784362712665295,41,True
Breakout_100,GILD,2020-02-27,2020-05-18,61.7582,60.8607,-0.014531861828875559,56,False
Breakout_100,GILD,2021-01-26,2021-02-26,55.5755,51.5214,-0.07294766662834129,22,False
Breakout_100,GILD,2021-05-14,2021-05-28,57.1958,54.8219,-0.041503529883351375,10,False
Breakout_100,GILD,2021-07-29,2021-09-29,58.9162,59.4338,0.008785565789461991,43,True
Breakout_100,GILD,2021-12-17,2022-01-20,61.8003,59.1048,-0.043616614852341806,22,False
Breakout_100,GILD,2022-08-16,2022-09-27,58.0528,55.4011,-0.04567720342425441,29,False
Breakout_100,GILD,2022-10-25,2023-01-19,61.0894,75.3128,0.23283087506923605,58,True
Breakout_100,GILD,2023-11-03,2023-11-10,75.5174,69.4945,-0.07975614330620828,5,False
Breakout_100,GILD,2023-12-14,2024-01-23,76.577,72.9898,-0.04684482588291361,25,False
Breakout_100,GILD,2024-07-26,2025-01-08,72.2563,87.7157,0.21395220844258156,114,True
Breakout_100,GILD,2025-02-04,2025-04-08,95.164,102.6701,0.07887524586330286,44,True
Breakout_100,GILD,2025-08-11,2025-08-29,116.9665,110.6194,-0.054264942114992554,14,False
Breakout_100,GILD,2025-10-20,2025-12-10,121.0979,118.0356,-0.02528751601089685,36,False
Breakout_100,GILD,2026-01-22,2026-03-23,128.4008,139.68,0.08784362712665295,41,True
Breakout_50_noSMA,GILD,2020-02-27,2020-05-18,61.7582,60.8607,-0.014531861828875559,56,False
Breakout_50_noSMA,GILD,2021-01-08,2021-02-26,51.3819,51.5214,0.0027150707025740406,33,True
Breakout_50_noSMA,GILD,2021-05-14,2021-05-28,57.1958,54.8219,-0.041503529883351375,10,False
Breakout_50_noSMA,GILD,2021-07-29,2021-09-29,58.9162,59.4338,0.008785565789461991,43,True
Breakout_50_noSMA,GILD,2021-12-16,2022-01-20,61.0559,59.1048,-0.03195518393554253,23,False
Breakout_50_noSMA,GILD,2022-04-21,2022-05-02,55.0744,51.6078,-0.0629427774798278,7,False
Breakout_50_noSMA,GILD,2022-05-26,2022-06-10,56.4697,52.5005,-0.07028855654438215,10,False
Breakout_50_noSMA,GILD,2022-08-16,2022-09-27,58.0528,55.4011,-0.04567720342425441,29,False
Breakout_50_noSMA,GILD,2022-10-25,2023-01-19,61.0894,75.3128,0.23283087506923605,58,True
Breakout_50_noSMA,GILD,2023-07-21,2023-07-27,73.3347,70.5258,-0.038303536236800606,4,False
Breakout_50_noSMA,GILD,2023-11-03,2023-11-10,75.5174,69.4945,-0.07975614330620828,5,False
Breakout_50_noSMA,GILD,2023-12-14,2024-01-23,76.577,72.9898,-0.04684482588291361,25,False
Breakout_50_noSMA,GILD,2024-06-24,2025-01-08,67.476,87.7157,0.29995465025123047,137,True
Breakout_50_noSMA,GILD,2025-01-31,2025-04-08,93.5679,102.6701,0.09727839558278606,46,True
Breakout_50_noSMA,GILD,2025-07-10,2025-08-07,110.9235,108.4807,-0.022021741465658717,20,False
Breakout_50_noSMA,GILD,2025-08-11,2025-08-29,116.9665,110.6194,-0.054264942114992554,14,False
Breakout_50_noSMA,GILD,2025-10-20,2025-12-10,121.0979,118.0356,-0.02528751601089685,36,False
Breakout_50_noSMA,GILD,2026-01-22,2026-03-23,128.4008,139.68,0.08784362712665295,41,True
Breakout_50,GIS,2020-03-18,2020-03-24,45.8802,39.02,-0.14952319586576635,4,False
Breakout_50,GIS,2020-04-17,2020-06-15,48.7546,48.0482,-0.014490501287031554,40,False
Breakout_50,GIS,2020-07-15,2020-08-12,52.7782,50.3751,-0.04553120124026411,20,False
Breakout_50,GIS,2021-03-30,2021-06-16,51.5683,51.7596,0.0037100625820543076,54,True
Breakout_50,GIS,2021-10-05,2021-12-01,51.4137,52.2865,0.01697568532534577,40,True
Breakout_50,GIS,2021-12-06,2022-02-16,54.3118,56.9213,0.04804660092387514,50,True
Breakout_50,GIS,2022-04-08,2022-05-19,59.9015,56.784,-0.0520445304216115,28,False
Breakout_50,GIS,2022-06-30,2022-09-07,63.3788,65.0559,0.02646127079648708,47,True
Breakout_50,GIS,2022-09-22,2022-10-07,69.1704,65.1985,-0.05742131131163897,11,False
Breakout_50,GIS,2022-10-31,2022-11-14,70.2973,67.318,-0.04238221053421898,10,False
Breakout_50,GIS,2022-11-23,2023-01-13,71.5829,71.9567,0.005222557222506641,34,True
Breakout_50,GIS,2023-03-27,2023-05-23,74.2994,75.4667,0.015711743949567092,40,True
Breakout_50,GIS,2024-03-19,2024-05-24,61.5023,63.109,0.026123290390108744,47,True
Breakout_50,GIS,2024-09-03,2024-10-11,66.4868,66.3866,-0.0015076631900248216,28,False
Breakout_100,GIS,2020-03-18,2020-03-24,45.8802,39.02,-0.14952319586576635,4,False
Breakout_100,GIS,2020-04-17,2020-06-15,48.7546,48.0482,-0.014490501287031554,40,False
Breakout_100,GIS,2020-07-15,2020-08-12,52.7782,50.3751,-0.04553120124026411,20,False
Breakout_100,GIS,2021-03-30,2021-06-16,51.5683,51.7596,0.0037100625820543076,54,True
Breakout_100,GIS,2021-11-04,2021-12-01,53.1641,52.2865,-0.016507860739201408,18,False
Breakout_100,GIS,2021-12-06,2022-02-16,54.3118,56.9213,0.04804660092387514,50,True
Breakout_100,GIS,2022-04-08,2022-05-19,59.9015,56.784,-0.0520445304216115,28,False
Breakout_100,GIS,2022-06-30,2022-09-07,63.3788,65.0559,0.02646127079648708,47,True
Breakout_100,GIS,2022-09-22,2022-10-07,69.1704,65.1985,-0.05742131131163897,11,False
Breakout_100,GIS,2022-10-31,2022-11-14,70.2973,67.318,-0.04238221053421898,10,False
Breakout_100,GIS,2022-11-23,2023-01-13,71.5829,71.9567,0.005222557222506641,34,True
Breakout_100,GIS,2023-04-26,2023-05-23,77.261,75.4667,-0.023223984630911465,19,False
Breakout_100,GIS,2024-03-19,2024-05-24,61.5023,63.109,0.026123290390108744,47,True
Breakout_100,GIS,2024-09-03,2024-10-11,66.4868,66.3866,-0.0015076631900248216,28,False
Breakout_50_noSMA,GIS,2020-03-18,2020-03-24,45.8802,39.02,-0.14952319586576635,4,False
Breakout_50_noSMA,GIS,2020-04-17,2020-06-15,48.7546,48.0482,-0.014490501287031554,40,False
Breakout_50_noSMA,GIS,2020-07-15,2020-08-12,52.7782,50.3751,-0.04553120124026411,20,False
Breakout_50_noSMA,GIS,2021-03-30,2021-06-16,51.5683,51.7596,0.0037100625820543076,54,True
Breakout_50_noSMA,GIS,2021-10-05,2021-12-01,51.4137,52.2865,0.01697568532534577,40,True
Breakout_50_noSMA,GIS,2021-12-06,2022-02-16,54.3118,56.9213,0.04804660092387514,50,True
Breakout_50_noSMA,GIS,2022-04-08,2022-05-19,59.9015,56.784,-0.0520445304216115,28,False
Breakout_50_noSMA,GIS,2022-06-30,2022-09-07,63.3788,65.0559,0.02646127079648708,47,True
Breakout_50_noSMA,GIS,2022-09-22,2022-10-07,69.1704,65.1985,-0.05742131131163897,11,False
Breakout_50_noSMA,GIS,2022-10-31,2022-11-14,70.2973,67.318,-0.04238221053421898,10,False
Breakout_50_noSMA,GIS,2022-11-23,2023-01-13,71.5829,71.9567,0.005222557222506641,34,True
Breakout_50_noSMA,GIS,2023-03-27,2023-05-23,74.2994,75.4667,0.015711743949567092,40,True
Breakout_50_noSMA,GIS,2023-12-13,2023-12-21,59.7239,57.6299,-0.03506127131950876,6,False
Breakout_50_noSMA,GIS,2024-03-19,2024-05-24,61.5023,63.109,0.026123290390108744,47,True
Breakout_50_noSMA,GIS,2024-09-03,2024-10-11,66.4868,66.3866,-0.0015076631900248216,28,False
Breakout_50_noSMA,GIS,2025-03-10,2025-03-13,61.193,56.5291,-0.07621671235688154,3,False
Breakout_50,GLD,2020-04-14,2020-06-08,162.73,158.9,-0.023535930262465588,38,False
Breakout_50,GLD,2020-06-23,2020-09-22,165.63,179.63,0.08452574767419319,63,True
Breakout_50,GLD,2021-05-18,2021-06-17,175.18,167.02,-0.04658059564155037,21,False
Breakout_50,GLD,2021-11-11,2021-11-24,173.98,166.58,-0.042533590517343844,9,False
Breakout_50,GLD,2022-02-14,2022-04-25,173.78,177.17,0.01950741980355164,48,True
Breakout_50,GLD,2022-12-02,2023-02-14,166.18,171.97,0.03484179082988792,49,True
Breakout_50,GLD,2023-03-20,2023-05-19,184.19,182.25,-0.010532615319462812,43,False
Breakout_50,GLD,2023-10-20,2024-01-18,183.43,186.36,0.015973439740300188,60,True
Breakout_50,GLD,2024-03-05,2024-06-05,197.44,216.69,0.09749797286247897,64,True
Breakout_50,GLD,2024-07-17,2024-07-26,228.79,219.96,-0.038594286600736605,7,False
Breakout_50,GLD,2024-08-19,2024-11-12,230.15,241.29,0.04840321392604041,60,True
Breakout_50,GLD,2025-01-23,2025-06-30,253.19,302.39,0.19432051713186116,108,True
Breakout_50,GLD,2025-09-02,2026-03-19,320.82,420.36,0.3102673641134521,137,True
Breakout_100,GLD,2020-04-14,2020-06-08,162.73,158.9,-0.023535930262465588,38,False
Breakout_100,GLD,2020-06-23,2020-09-22,165.63,179.63,0.08452574767419319,63,True
Breakout_100,GLD,2021-11-11,2021-11-24,173.98,166.58,-0.042533590517343844,9,False
Breakout_100,GLD,2022-02-15,2022-04-25,173.1,177.17,0.02351237389902683,47,True
Breakout_100,GLD,2022-12-14,2023-02-14,168.43,171.97,0.021017685084961046,41,True
Breakout_100,GLD,2023-03-20,2023-05-19,184.19,182.25,-0.010532615319462812,43,False
Breakout_100,GLD,2023-10-30,2024-01-18,185.54,186.36,0.004419571811421719,54,True
Breakout_100,GLD,2024-03-05,2024-06-05,197.44,216.69,0.09749797286247897,64,True
Breakout_100,GLD,2024-07-17,2024-07-26,228.79,219.96,-0.038594286600736605,7,False
Breakout_100,GLD,2024-08-19,2024-11-12,230.15,241.29,0.04840321392604041,60,True
Breakout_100,GLD,2025-01-31,2025-06-30,259.08,302.39,0.16716855921285667,102,True
Breakout_100,GLD,2025-09-02,2026-03-19,320.82,420.36,0.3102673641134521,137,True
Breakout_50_noSMA,GLD,2020-04-14,2020-06-08,162.73,158.9,-0.023535930262465588,38,False
Breakout_50_noSMA,GLD,2020-06-23,2020-09-22,165.63,179.63,0.08452574767419319,63,True
Breakout_50_noSMA,GLD,2021-05-07,2021-06-17,171.53,167.02,-0.026292744936346812,28,False
Breakout_50_noSMA,GLD,2021-11-11,2021-11-24,173.98,166.58,-0.042533590517343844,9,False
Breakout_50_noSMA,GLD,2022-02-14,2022-04-25,173.78,177.17,0.01950741980355164,48,True
Breakout_50_noSMA,GLD,2022-11-11,2023-02-14,163.91,171.97,0.04917331083225984,63,True
Breakout_50_noSMA,GLD,2023-03-20,2023-05-19,184.19,182.25,-0.010532615319462812,43,False
Breakout_50_noSMA,GLD,2023-10-20,2024-01-18,183.43,186.36,0.015973439740300188,60,True
Breakout_50_noSMA,GLD,2024-03-05,2024-06-05,197.44,216.69,0.09749797286247897,64,True
Breakout_50_noSMA,GLD,2024-07-17,2024-07-26,228.79,219.96,-0.038594286600736605,7,False
Breakout_50_noSMA,GLD,2024-08-19,2024-11-12,230.15,241.29,0.04840321392604041,60,True
Breakout_50_noSMA,GLD,2025-01-23,2025-06-30,253.19,302.39,0.19432051713186116,108,True
Breakout_50_noSMA,GLD,2025-09-02,2026-03-19,320.82,420.36,0.3102673641134521,137,True
Breakout_50,GM,2020-09-09,2020-09-30,30.9076,27.8081,-0.10028044389669422,15,False
Breakout_50,GM,2020-10-19,2021-01-05,32.2455,38.5599,0.19582060248713407,53,True
Breakout_50,GM,2021-01-13,2021-04-21,48.8784,53.2099,0.08861762314283017,67,True
Breakout_50,GM,2021-06-04,2021-07-07,61.1895,55.1928,-0.09800225926484529,22,False
Breakout_50,GM,2021-11-09,2021-12-15,57.5703,56.1168,-0.02524665921391578,25,False
Breakout_50,GM,2022-01-05,2022-01-19,63.0665,57.089,-0.09478005914008847,9,False
Breakout_50,GM,2023-02-03,2023-03-10,39.3043,36.5369,-0.07041016087046248,24,False
Breakout_50,GM,2023-07-05,2023-08-04,37.9992,35.8126,-0.05754466732011543,22,False
Breakout_50,GM,2023-12-11,2024-05-23,32.7381,43.0973,0.3164255490262533,113,True
Breakout_50,GM,2024-06-11,2024-07-24,47.4269,44.5082,-0.06154154298504877,29,False
Breakout_50,GM,2024-10-23,2024-12-12,53.2497,51.7404,-0.028343390620539477,35,False
Breakout_50,GM,2025-07-02,2025-07-23,51.6701,49.5548,-0.040937932160463486,14,False
Breakout_50,GM,2025-08-14,2025-10-09,55.2452,56.533,0.023311861752533636,39,True
Breakout_50,GM,2025-10-22,2026-02-10,66.7583,80.8585,0.2112125179976767,75,True
Breakout_100,GM,2020-09-09,2020-09-30,30.9076,27.8081,-0.10028044389669422,15,False
Breakout_100,GM,2020-10-19,2021-01-05,32.2455,38.5599,0.19582060248713407,53,True
Breakout_100,GM,2021-01-13,2021-04-21,48.8784,53.2099,0.08861762314283017,67,True
Breakout_100,GM,2021-06-04,2021-07-07,61.1895,55.1928,-0.09800225926484529,22,False
Breakout_100,GM,2021-11-12,2021-12-15,59.2836,56.1168,-0.053417666110759154,22,False
Breakout_100,GM,2022-01-05,2022-01-19,63.0665,57.089,-0.09478005914008847,9,False
Breakout_100,GM,2023-02-17,2023-03-10,41.5765,36.5369,-0.12121329654920576,14,False
Breakout_100,GM,2024-01-09,2024-05-23,35.5233,43.0973,0.21321190296304104,94,True
Breakout_100,GM,2024-06-11,2024-07-24,47.4269,44.5082,-0.06154154298504877,29,False
Breakout_100,GM,2024-10-23,2024-12-12,53.2497,51.7404,-0.028343390620539477,35,False
Breakout_100,GM,2025-08-14,2025-10-09,55.2452,56.533,0.023311861752533636,39,True
Breakout_100,GM,2025-10-22,2026-02-10,66.7583,80.8585,0.2112125179976767,75,True
Breakout_50_noSMA,GM,2020-05-27,2020-06-29,27.4616,23.7847,-0.133894224836289,23,False
Breakout_50_noSMA,GM,2020-09-09,2020-09-30,30.9076,27.8081,-0.10028044389669422,15,False
Breakout_50_noSMA,GM,2020-10-19,2021-01-05,32.2455,38.5599,0.19582060248713407,53,True
Breakout_50_noSMA,GM,2021-01-13,2021-04-21,48.8784,53.2099,0.08861762314283017,67,True
Breakout_50_noSMA,GM,2021-06-04,2021-07-07,61.1895,55.1928,-0.09800225926484529,22,False
Breakout_50_noSMA,GM,2021-11-09,2021-12-15,57.5703,56.1168,-0.02524665921391578,25,False
Breakout_50_noSMA,GM,2022-01-05,2022-01-19,63.0665,57.089,-0.09478005914008847,9,False
Breakout_50_noSMA,GM,2022-08-22,2022-09-23,36.808,35.1845,-0.04410923601974259,23,False
Breakout_50_noSMA,GM,2023-02-03,2023-03-10,39.3043,36.5369,-0.07041016087046248,24,False
Breakout_50_noSMA,GM,2023-07-05,2023-08-04,37.9992,35.8126,-0.05754466732011543,22,False
Breakout_50_noSMA,GM,2023-12-11,2024-05-23,32.7381,43.0973,0.3164255490262533,113,True
Breakout_50_noSMA,GM,2024-06-11,2024-07-24,47.4269,44.5082,-0.06154154298504877,29,False
Breakout_50_noSMA,GM,2024-10-23,2024-12-12,53.2497,51.7404,-0.028343390620539477,35,False
Breakout_50_noSMA,GM,2025-07-02,2025-07-23,51.6701,49.5548,-0.040937932160463486,14,False
Breakout_50_noSMA,GM,2025-08-14,2025-10-09,55.2452,56.533,0.023311861752533636,39,True
Breakout_50_noSMA,GM,2025-10-22,2026-02-10,66.7583,80.8585,0.2112125179976767,75,True
Breakout_50,GOOG,2020-05-27,2020-06-29,70.2855,67.356,-0.04167945158938513,23,False
Breakout_50,GOOG,2020-07-07,2020-08-05,73.8933,72.8668,-0.013892508703772455,21,False
Breakout_50,GOOG,2020-08-27,2020-09-09,82.0107,77.2423,-0.05814299207823892,8,False
Breakout_50,GOOG,2020-11-05,2021-01-05,88.3248,85.5477,-0.03144296659359913,40,False
Breakout_50,GOOG,2021-01-21,2021-09-29,94.1272,135.9932,0.44478101148068316,174,True
Breakout_50,GOOG,2023-02-03,2023-02-13,102.6671,94.2363,-0.08211753179118919,6,False
Breakout_50,GOOG,2023-04-10,2023-07-11,106.5155,115.8092,0.08725198275212853,63,True
Breakout_50,GOOG,2023-07-27,2023-09-25,130.7268,129.7051,-0.007815162479253845,41,False
Breakout_50,GOOG,2023-10-12,2023-10-26,141.0024,123.4564,-0.12443739294404188,10,False
Breakout_50,GOOG,2024-01-22,2024-02-20,147.4991,139.7923,-0.05224941940682937,20,False
Breakout_50,GOOG,2024-04-02,2024-07-19,153.4898,179.1048,0.16688361782974215,75,True
Breakout_50,GOOG,2024-10-30,2024-11-25,181.369,167.0312,-0.07905281530564867,18,False
Breakout_50,GOOG,2024-12-11,2025-02-10,185.845,188.1943,0.012640693161565464,39,True
Breakout_50,GOOG,2025-06-11,2026-02-11,180.8227,318.7354,0.7626957851210203,168,True
Breakout_100,GOOG,2020-07-13,2020-08-05,76.8689,72.8668,-0.052064612898674034,17,False
Breakout_100,GOOG,2020-08-27,2020-09-09,82.0107,77.2423,-0.05814299207823892,8,False
Breakout_100,GOOG,2020-11-05,2021-01-05,88.3248,85.5477,-0.03144296659359913,40,False
Breakout_100,GOOG,2021-01-21,2021-09-29,94.1272,135.9932,0.44478101148068316,174,True
Breakout_100,GOOG,2023-04-10,2023-07-11,106.5155,115.8092,0.08725198275212853,63,True
Breakout_100,GOOG,2023-07-27,2023-09-25,130.7268,129.7051,-0.007815162479253845,41,False
Breakout_100,GOOG,2023-10-12,2023-10-26,141.0024,123.4564,-0.12443739294404188,10,False
Breakout_100,GOOG,2024-01-22,2024-02-20,147.4991,139.7923,-0.05224941940682937,20,False
Breakout_100,GOOG,2024-04-02,2024-07-19,153.4898,179.1048,0.16688361782974215,75,True
Breakout_100,GOOG,2024-12-11,2025-02-10,185.845,188.1943,0.012640693161565464,39,True
Breakout_100,GOOG,2025-07-21,2026-02-11,186.6795,318.7354,0.7073936683311146,142,True
Breakout_50_noSMA,GOOG,2020-05-27,2020-06-29,70.2855,67.356,-0.04167945158938513,23,False
Breakout_50_noSMA,GOOG,2020-07-07,2020-08-05,73.8933,72.8668,-0.013892508703772455,21,False
Breakout_50_noSMA,GOOG,2020-08-27,2020-09-09,82.0107,77.2423,-0.05814299207823892,8,False
Breakout_50_noSMA,GOOG,2020-11-05,2021-01-05,88.3248,85.5477,-0.03144296659359913,40,False
Breakout_50_noSMA,GOOG,2021-01-21,2021-09-29,94.1272,135.9932,0.44478101148068316,174,True
Breakout_50_noSMA,GOOG,2022-08-15,2022-08-25,121.2148,114.2123,-0.057769378263612614,8,False
Breakout_50_noSMA,GOOG,2023-02-03,2023-02-13,102.6671,94.2363,-0.08211753179118919,6,False
Breakout_50_noSMA,GOOG,2023-04-10,2023-07-11,106.5155,115.8092,0.08725198275212853,63,True
Breakout_50_noSMA,GOOG,2023-07-27,2023-09-25,130.7268,129.7051,-0.007815162479253845,41,False
Breakout_50_noSMA,GOOG,2023-10-12,2023-10-26,141.0024,123.4564,-0.12443739294404188,10,False
Breakout_50_noSMA,GOOG,2024-01-22,2024-02-20,147.4991,139.7923,-0.05224941940682937,20,False
Breakout_50_noSMA,GOOG,2024-04-02,2024-07-19,153.4898,179.1048,0.16688361782974215,75,True
Breakout_50_noSMA,GOOG,2024-10-30,2024-11-25,181.369,167.0312,-0.07905281530564867,18,False
Breakout_50_noSMA,GOOG,2024-12-11,2025-02-10,185.845,188.1943,0.012640693161565464,39,True
Breakout_50_noSMA,GOOG,2025-06-11,2026-02-11,180.8227,318.7354,0.7626957851210203,168,True
Breakout_50,GOOGL,2020-05-27,2020-06-29,70.418,67.4594,-0.04201405723835572,23,False
Breakout_50,GOOGL,2020-07-07,2020-09-09,74.1933,76.8102,0.0352710308806099,45,True
Breakout_50,GOOGL,2020-11-05,2021-01-05,87.7969,85.5474,-0.02562067065693685,40,False
Breakout_50,GOOGL,2021-01-21,2021-09-29,93.9064,135.8571,0.4467298016637036,174,True
Breakout_50,GOOGL,2023-02-03,2023-02-22,102.0863,90.9483,-0.10910339354442122,12,False
Breakout_50,GOOGL,2023-04-10,2023-07-11,106.1031,115.3367,0.08702561989765734,63,True
Breakout_50,GOOGL,2023-07-27,2023-09-22,130.5907,129.6881,-0.006911405818811889,40,False
Breakout_50,GOOGL,2023-10-12,2023-10-26,139.8938,122.2595,-0.12605463627880686,10,False
Breakout_50,GOOGL,2024-01-22,2024-02-20,145.8942,138.5152,-0.05057767418562986,20,False
Breakout_50,GOOGL,2024-04-02,2024-07-19,152.2417,177.6173,0.1666793377546829,75,True
Breakout_50,GOOGL,2024-10-30,2024-11-25,179.6426,165.1364,-0.08075042742604155,18,False
Breakout_50,GOOGL,2024-12-11,2025-02-10,184.4572,186.4878,0.011008529628146801,39,True
Breakout_50,GOOGL,2025-06-11,2026-02-11,179.3657,318.7456,0.777071365717225,168,True
Breakout_100,GOOGL,2020-07-13,2020-09-09,76.8617,76.8102,-0.0006709944296129366,41,False
Breakout_100,GOOGL,2020-11-05,2021-01-05,87.7969,85.5474,-0.02562067065693685,40,False
Breakout_100,GOOGL,2021-01-21,2021-09-29,93.9064,135.8571,0.4467298016637036,174,True
Breakout_100,GOOGL,2023-04-10,2023-07-11,106.1031,115.3367,0.08702561989765734,63,True
Breakout_100,GOOGL,2023-07-27,2023-09-22,130.5907,129.6881,-0.006911405818811889,40,False
Breakout_100,GOOGL,2023-10-12,2023-10-26,139.8938,122.2595,-0.12605463627880686,10,False
Breakout_100,GOOGL,2024-01-22,2024-02-20,145.8942,138.5152,-0.05057767418562986,20,False
Breakout_100,GOOGL,2024-04-02,2024-07-19,152.2417,177.6173,0.1666793377546829,75,True
Breakout_100,GOOGL,2024-12-11,2025-02-10,184.4572,186.4878,0.011008529628146801,39,True
Breakout_100,GOOGL,2025-07-21,2026-02-11,185.8311,318.7456,0.715243590521319,142,True
Breakout_50_noSMA,GOOGL,2020-05-27,2020-06-29,70.418,67.4594,-0.04201405723835572,23,False
Breakout_50_noSMA,GOOGL,2020-07-07,2020-09-09,74.1933,76.8102,0.0352710308806099,45,True
Breakout_50_noSMA,GOOGL,2020-11-05,2021-01-05,87.7969,85.5474,-0.02562067065693685,40,False
Breakout_50_noSMA,GOOGL,2021-01-21,2021-09-29,93.9064,135.8571,0.4467298016637036,174,True
Breakout_50_noSMA,GOOGL,2022-08-15,2022-08-24,120.1371,112.5696,-0.06299011899437768,7,False
Breakout_50_noSMA,GOOGL,2023-02-03,2023-02-22,102.0863,90.9483,-0.10910339354442122,12,False
Breakout_50_noSMA,GOOGL,2023-04-10,2023-07-11,106.1031,115.3367,0.08702561989765734,63,True
Breakout_50_noSMA,GOOGL,2023-07-27,2023-09-22,130.5907,129.6881,-0.006911405818811889,40,False
Breakout_50_noSMA,GOOGL,2023-10-12,2023-10-26,139.8938,122.2595,-0.12605463627880686,10,False
Breakout_50_noSMA,GOOGL,2024-01-22,2024-02-20,145.8942,138.5152,-0.05057767418562986,20,False
Breakout_50_noSMA,GOOGL,2024-04-02,2024-07-19,152.2417,177.6173,0.1666793377546829,75,True
Breakout_50_noSMA,GOOGL,2024-10-30,2024-11-25,179.6426,165.1364,-0.08075042742604155,18,False
Breakout_50_noSMA,GOOGL,2024-12-11,2025-02-10,184.4572,186.4878,0.011008529628146801,39,True
Breakout_50_noSMA,GOOGL,2025-06-11,2026-02-11,179.3657,318.7456,0.777071365717225,168,True
Breakout_50,GS,2020-05-28,2020-06-29,182.9776,167.1274,-0.08662342097481102,22,False
Breakout_50,GS,2020-11-17,2021-06-21,193.3013,314.0072,0.6244440681811152,147,True
Breakout_50,GS,2021-08-09,2021-09-20,352.8922,337.8239,-0.04269945960419064,29,False
Breakout_50,GS,2021-11-03,2021-11-11,378.3285,357.7811,-0.05431078109508769,6,False
Breakout_50,GS,2022-08-11,2022-09-19,318.3928,293.8223,-0.07717052558188109,26,False
Breakout_50,GS,2022-11-02,2022-12-19,318.6153,319.4594,0.0026492636897677,32,True
Breakout_50,GS,2023-07-21,2023-08-16,329.3553,309.4693,-0.06037870518507271,18,False
Breakout_50,GS,2023-12-04,2024-04-15,329.6127,390.1331,0.18361039908081267,90,True
Breakout_50,GS,2024-04-24,2024-08-06,404.0321,444.579,0.10035541896002687,71,True
Breakout_50,GS,2024-10-14,2024-12-19,502.1536,547.3307,0.08996676234409007,47,True
Breakout_50,GS,2025-01-17,2025-02-28,602.2744,595.454,-0.011324339636764269,28,False
Breakout_50,GS,2025-05-15,2025-10-17,597.3546,750.4605,0.2563066373407561,107,True
Breakout_50,GS,2025-11-13,2025-11-18,824.6107,764.2294,-0.07322403809312883,3,False
Breakout_50,GS,2025-12-08,2026-02-06,856.5919,903.1171,0.05431428045169073,41,True
Breakout_100,GS,2020-11-18,2021-06-21,197.6766,314.0072,0.5884897876017336,146,True
Breakout_100,GS,2021-08-09,2021-09-20,352.8922,337.8239,-0.04269945960419064,29,False
Breakout_100,GS,2021-11-03,2021-11-11,378.3285,357.7811,-0.05431078109508769,6,False
Breakout_100,GS,2022-08-11,2022-09-19,318.3928,293.8223,-0.07717052558188109,26,False
Breakout_100,GS,2022-11-07,2022-12-19,329.9715,319.4594,-0.03185769830015339,29,False
Breakout_100,GS,2023-12-14,2024-04-15,348.8393,390.1331,0.11837459816232698,82,True
Breakout_100,GS,2024-04-24,2024-08-06,404.0321,444.579,0.10035541896002687,71,True
Breakout_100,GS,2024-10-14,2024-12-19,502.1536,547.3307,0.08996676234409007,47,True
Breakout_100,GS,2025-01-17,2025-02-28,602.2744,595.454,-0.011324339636764269,28,False
Breakout_100,GS,2025-06-26,2025-10-17,660.2837,750.4605,0.13657291953346906,79,True
Breakout_100,GS,2025-11-13,2025-11-18,824.6107,764.2294,-0.07322403809312883,3,False
Breakout_100,GS,2025-12-08,2026-02-06,856.5919,903.1171,0.05431428045169073,41,True
Breakout_50_noSMA,GS,2020-05-27,2020-06-29,176.1737,167.1274,-0.05134845147504563,23,False
Breakout_50_noSMA,GS,2020-11-17,2021-06-21,193.3013,314.0072,0.6244440681811152,147,True
Breakout_50_noSMA,GS,2021-08-09,2021-09-20,352.8922,337.8239,-0.04269945960419064,29,False
Breakout_50_noSMA,GS,2021-11-03,2021-11-11,378.3285,357.7811,-0.05431078109508769,6,False
Breakout_50_noSMA,GS,2022-08-01,2022-09-19,301.7728,293.8223,-0.026346060842395658,34,False
Breakout_50_noSMA,GS,2022-11-02,2022-12-19,318.6153,319.4594,0.0026492636897677,32,True
Breakout_50_noSMA,GS,2023-07-21,2023-08-16,329.3553,309.4693,-0.06037870518507271,18,False
Breakout_50_noSMA,GS,2023-12-04,2024-04-15,329.6127,390.1331,0.18361039908081267,90,True
Breakout_50_noSMA,GS,2024-04-24,2024-08-06,404.0321,444.579,0.10035541896002687,71,True
Breakout_50_noSMA,GS,2024-10-14,2024-12-19,502.1536,547.3307,0.08996676234409007,47,True
Breakout_50_noSMA,GS,2025-01-17,2025-02-28,602.2744,595.454,-0.011324339636764269,28,False
Breakout_50_noSMA,GS,2025-05-15,2025-10-17,597.3546,750.4605,0.2563066373407561,107,True
Breakout_50_noSMA,GS,2025-11-13,2025-11-18,824.6107,764.2294,-0.07322403809312883,3,False
Breakout_50_noSMA,GS,2025-12-08,2026-02-06,856.5919,903.1171,0.05431428045169073,41,True
Breakout_50,GWW,2020-05-21,2020-06-29,277.5968,277.7279,0.0004722461323674043,26,True
Breakout_50,GWW,2020-07-16,2020-09-22,312.4228,321.3913,0.02870636297396456,47,True
Breakout_50,GWW,2020-10-08,2020-10-26,354.443,335.805,-0.05258405855714676,12,False
Breakout_50,GWW,2020-11-17,2021-01-05,389.6423,371.1837,-0.0473730658857181,32,False
Breakout_50,GWW,2021-04-22,2021-06-18,404.0665,413.332,0.022930489583848024,40,True
Breakout_50,GWW,2021-11-01,2022-01-20,444.28,477.4501,0.07466037547441595,55,True
Breakout_50,GWW,2022-04-07,2022-04-18,506.6785,470.0371,-0.07231689718723422,6,False
Breakout_50,GWW,2022-08-01,2022-09-16,522.2747,513.251,-0.01727766789174945,33,False
Breakout_50,GWW,2022-11-02,2022-12-16,572.0082,539.556,-0.05673387025320564,31,False
Breakout_50,GWW,2023-02-03,2023-04-05,652.79,633.5456,-0.029480134520104673,42,False
Breakout_50,GWW,2023-06-09,2023-07-28,690.4619,714.2702,0.03448167630509191,33,True
Breakout_50,GWW,2023-10-13,2023-10-20,722.671,689.91,-0.0453332098502055,5,False
Breakout_50,GWW,2023-11-03,2024-04-12,745.2297,945.1958,0.2683282386292538,109,True
Breakout_50,GWW,2024-07-17,2024-09-06,968.7889,930.3514,-0.039675819630151654,36,False
Breakout_50,GWW,2024-09-13,2024-12-17,984.4889,1122.202,0.1398828588500023,66,True
Breakout_50,GWW,2025-05-02,2025-06-20,1048.0443,1043.0019,-0.004811177140970346,33,False
Breakout_50,GWW,2025-12-12,2026-03-13,1039.3451,1091.22,0.04991113981666673,61,True
Breakout_100,GWW,2020-07-16,2020-09-22,312.4228,321.3913,0.02870636297396456,47,True
Breakout_100,GWW,2020-10-08,2020-10-26,354.443,335.805,-0.05258405855714676,12,False
Breakout_100,GWW,2020-11-17,2021-01-05,389.6423,371.1837,-0.0473730658857181,32,False
Breakout_100,GWW,2021-04-30,2021-06-18,417.3653,413.332,-0.009663869201469555,34,False
Breakout_100,GWW,2021-11-01,2022-01-20,444.28,477.4501,0.07466037547441595,55,True
Breakout_100,GWW,2022-04-07,2022-04-18,506.6785,470.0371,-0.07231689718723422,6,False
Breakout_100,GWW,2022-08-01,2022-09-16,522.2747,513.251,-0.01727766789174945,33,False
Breakout_100,GWW,2022-11-02,2022-12-16,572.0082,539.556,-0.05673387025320564,31,False
Breakout_100,GWW,2023-02-03,2023-04-05,652.79,633.5456,-0.029480134520104673,42,False
Breakout_100,GWW,2023-06-13,2023-07-28,704.4071,714.2702,0.014001975980772574,31,True
Breakout_100,GWW,2023-11-21,2024-04-12,794.9703,945.1958,0.1889700322440826,97,True
Breakout_100,GWW,2024-09-13,2024-12-17,984.4889,1122.202,0.1398828588500023,66,True
Breakout_100,GWW,2026-01-15,2026-03-13,1058.9479,1091.22,0.030475582492941466,39,True
Breakout_50_noSMA,GWW,2020-05-21,2020-06-29,277.5968,277.7279,0.0004722461323674043,26,True
Breakout_50_noSMA,GWW,2020-07-16,2020-09-22,312.4228,321.3913,0.02870636297396456,47,True
Breakout_50_noSMA,GWW,2020-10-08,2020-10-26,354.443,335.805,-0.05258405855714676,12,False
Breakout_50_noSMA,GWW,2020-11-17,2021-01-05,389.6423,371.1837,-0.0473730658857181,32,False
Breakout_50_noSMA,GWW,2021-04-22,2021-06-18,404.0665,413.332,0.022930489583848024,40,True
Breakout_50_noSMA,GWW,2021-11-01,2022-01-20,444.28,477.4501,0.07466037547441595,55,True
Breakout_50_noSMA,GWW,2022-04-07,2022-04-18,506.6785,470.0371,-0.07231689718723422,6,False
Breakout_50_noSMA,GWW,2022-08-01,2022-09-16,522.2747,513.251,-0.01727766789174945,33,False
Breakout_50_noSMA,GWW,2022-11-02,2022-12-16,572.0082,539.556,-0.05673387025320564,31,False
Breakout_50_noSMA,GWW,2023-02-03,2023-04-05,652.79,633.5456,-0.029480134520104673,42,False
Breakout_50_noSMA,GWW,2023-06-09,2023-07-28,690.4619,714.2702,0.03448167630509191,33,True
Breakout_50_noSMA,GWW,2023-10-13,2023-10-20,722.671,689.91,-0.0453332098502055,5,False
Breakout_50_noSMA,GWW,2023-11-03,2024-04-12,745.2297,945.1958,0.2683282386292538,109,True
Breakout_50_noSMA,GWW,2024-07-17,2024-09-06,968.7889,930.3514,-0.039675819630151654,36,False
Breakout_50_noSMA,GWW,2024-09-13,2024-12-17,984.4889,1122.202,0.1398828588500023,66,True
Breakout_50_noSMA,GWW,2025-05-02,2025-06-20,1048.0443,1043.0019,-0.004811177140970346,33,False
Breakout_50_noSMA,GWW,2025-12-11,2026-03-13,998.113,1091.22,0.09328299588531697,62,True
Breakout_50,HAL,2020-08-13,2020-09-11,15.0514,13.0344,-0.13400954815936506,20,False
Breakout_50,HAL,2020-11-18,2021-01-26,14.3768,17.1704,0.1943134519202001,45,True
Breakout_50,HAL,2021-02-25,2021-03-24,20.5081,19.4001,-0.05402576798757208,19,False
Breakout_50,HAL,2021-06-03,2021-06-21,22.2057,20.3248,-0.0847039769703174,12,False
Breakout_50,HAL,2021-09-28,2021-11-18,20.6997,20.9742,0.013262618530160974,37,True
Breakout_50,HAL,2022-01-12,2022-04-26,25.0947,32.7301,0.30426594096461734,71,True
Breakout_50,HAL,2022-06-08,2022-06-14,39.2853,35.2894,-0.10171499781192783,4,False
Breakout_50,HAL,2022-10-24,2022-12-12,31.5766,30.752,-0.026114472736204153,34,False
Breakout_50,HAL,2023-01-09,2023-02-07,38.031,35.9951,-0.053532215582866916,20,False
Breakout_50,HAL,2023-07-10,2023-10-03,33.1559,37.1152,0.11941549222988423,60,True
Breakout_50,HAL,2024-03-18,2024-05-01,35.9483,35.5679,-0.010581805563073754,31,False
Breakout_50,HAL,2025-09-24,2025-10-13,24.3366,22.0721,-0.093051667894261,13,False
Breakout_100,HAL,2020-08-13,2020-09-11,15.0514,13.0344,-0.13400954815936506,20,False
Breakout_100,HAL,2020-11-24,2021-01-26,16.327,17.1704,0.05165952254279249,41,True
Breakout_100,HAL,2021-02-25,2021-03-24,20.5081,19.4001,-0.05402576798757208,19,False
Breakout_100,HAL,2021-06-04,2021-06-21,22.6713,20.3248,-0.10350382886952281,11,False
Breakout_100,HAL,2021-10-18,2021-11-18,23.9117,20.9742,-0.12284734009039511,23,False
Breakout_100,HAL,2022-01-12,2022-04-26,25.0947,32.7301,0.30426594096461734,71,True
Breakout_100,HAL,2022-06-08,2022-06-14,39.2853,35.2894,-0.10171499781192783,4,False
Breakout_100,HAL,2022-11-07,2022-12-12,35.8665,30.752,-0.1425981163401111,24,False
Breakout_100,HAL,2023-01-09,2023-02-07,38.031,35.9951,-0.053532215582866916,20,False
Breakout_100,HAL,2023-08-01,2023-10-03,36.4123,37.1152,0.019302774613728202,44,True
Breakout_100,HAL,2024-04-04,2024-05-01,38.9915,35.5679,-0.08780479570485356,19,False
Breakout_100,HAL,2025-09-24,2025-10-13,24.3366,22.0721,-0.093051667894261,13,False
Breakout_50_noSMA,HAL,2020-05-21,2020-07-10,10.7958,10.6192,-0.01635695151172767,34,False
Breakout_50_noSMA,HAL,2020-08-13,2020-09-11,15.0514,13.0344,-0.13400954815936506,20,False
Breakout_50_noSMA,HAL,2020-11-18,2021-01-26,14.3768,17.1704,0.1943134519202001,45,True
Breakout_50_noSMA,HAL,2021-02-25,2021-03-24,20.5081,19.4001,-0.05402576798757208,19,False
Breakout_50_noSMA,HAL,2021-06-03,2021-06-21,22.2057,20.3248,-0.0847039769703174,12,False
Breakout_50_noSMA,HAL,2021-09-28,2021-11-18,20.6997,20.9742,0.013262618530160974,37,True
Breakout_50_noSMA,HAL,2022-01-12,2022-04-26,25.0947,32.7301,0.30426594096461734,71,True
Breakout_50_noSMA,HAL,2022-06-08,2022-06-14,39.2853,35.2894,-0.10171499781192783,4,False
Breakout_50_noSMA,HAL,2022-10-24,2022-12-12,31.5766,30.752,-0.026114472736204153,34,False
Breakout_50_noSMA,HAL,2023-01-09,2023-02-07,38.031,35.9951,-0.053532215582866916,20,False
Breakout_50_noSMA,HAL,2023-07-10,2023-10-03,33.1559,37.1152,0.11941549222988423,60,True
Breakout_50_noSMA,HAL,2024-03-18,2024-05-01,35.9483,35.5679,-0.010581805563073754,31,False
Breakout_50_noSMA,HAL,2024-11-22,2024-12-09,30.5977,28.0855,-0.08210542073471261,10,False
Breakout_50_noSMA,HAL,2025-09-24,2025-10-13,24.3366,22.0721,-0.093051667894261,13,False
Breakout_50,HCA,2020-07-23,2020-09-22,119.2682,119.7071,0.003680005610301018,42,True
Breakout_50,HCA,2020-11-10,2021-01-28,139.7473,152.6053,0.09200894690812156,53,True
Breakout_50,HCA,2021-02-05,2021-06-21,171.5961,194.9567,0.1361373048839365,93,True
Breakout_50,HCA,2021-07-08,2021-10-01,205.2571,234.7653,0.14376220530420802,60,True
Breakout_50,HCA,2022-04-21,2022-04-25,264.8271,201.5539,-0.23892259279189232,2,False
Breakout_50,HCA,2022-11-16,2023-02-27,221.4253,246.2797,0.1122475890750283,68,True
Breakout_50,HCA,2023-04-06,2023-05-24,265.0184,259.2842,-0.02163677988744539,33,False
Breakout_50,HCA,2023-06-28,2023-07-27,291.1189,268.2221,-0.07865095989098991,20,False
Breakout_50,HCA,2023-12-14,2024-04-17,266.7273,310.8802,0.16553542940164534,84,True
Breakout_50,HCA,2024-06-03,2024-07-01,332.3426,317.0616,-0.04597980433609583,19,False
Breakout_50,HCA,2024-07-26,2024-10-08,351.4898,378.4845,0.07680080488046293,51,True
Breakout_50,HCA,2025-04-04,2025-04-22,344.1856,318.1507,-0.07564208043833165,11,False
Breakout_50,HCA,2025-05-07,2025-07-16,353.7712,364.0828,0.029147844830962777,47,True
Breakout_50,HCA,2025-08-15,2025-12-31,391.7309,471.1492,0.20273690973312353,95,True
Breakout_50,HCA,2026-02-12,2026-03-19,531.2099,502.0,-0.05498742150040958,24,False
Breakout_100,HCA,2020-07-30,2020-09-22,122.2356,119.7071,-0.020685414113167377,37,False
Breakout_100,HCA,2020-11-10,2021-01-28,139.7473,152.6053,0.09200894690812156,53,True
Breakout_100,HCA,2021-02-05,2021-06-21,171.5961,194.9567,0.1361373048839365,93,True
Breakout_100,HCA,2021-07-08,2021-10-01,205.2571,234.7653,0.14376220530420802,60,True
Breakout_100,HCA,2022-04-21,2022-04-25,264.8271,201.5539,-0.23892259279189232,2,False
Breakout_100,HCA,2022-11-16,2023-02-27,221.4253,246.2797,0.1122475890750283,68,True
Breakout_100,HCA,2023-04-06,2023-05-24,265.0184,259.2842,-0.02163677988744539,33,False
Breakout_100,HCA,2023-06-28,2023-07-27,291.1189,268.2221,-0.07865095989098991,20,False
Breakout_100,HCA,2024-01-09,2024-04-17,275.6271,310.8802,0.1279014641501648,68,True
Breakout_100,HCA,2024-06-03,2024-07-01,332.3426,317.0616,-0.04597980433609583,19,False
Breakout_100,HCA,2024-07-26,2024-10-08,351.4898,378.4845,0.07680080488046293,51,True
Breakout_100,HCA,2025-05-07,2025-07-16,353.7712,364.0828,0.029147844830962777,47,True
Breakout_100,HCA,2025-08-15,2025-12-31,391.7309,471.1492,0.20273690973312353,95,True
Breakout_100,HCA,2026-02-12,2026-03-19,531.2099,502.0,-0.05498742150040958,24,False
Breakout_50_noSMA,HCA,2020-06-09,2020-06-12,110.6141,100.0326,-0.095661161651038,3,False
Breakout_50_noSMA,HCA,2020-07-23,2020-09-22,119.2682,119.7071,0.003680005610301018,42,True
Breakout_50_noSMA,HCA,2020-11-10,2021-01-28,139.7473,152.6053,0.09200894690812156,53,True
Breakout_50_noSMA,HCA,2021-02-05,2021-06-21,171.5961,194.9567,0.1361373048839365,93,True
Breakout_50_noSMA,HCA,2021-07-08,2021-10-01,205.2571,234.7653,0.14376220530420802,60,True
Breakout_50_noSMA,HCA,2022-04-21,2022-04-25,264.8271,201.5539,-0.23892259279189232,2,False
Breakout_50_noSMA,HCA,2022-08-04,2022-09-21,208.7013,198.0237,-0.051162355928970005,33,False
Breakout_50_noSMA,HCA,2022-11-16,2023-02-27,221.4253,246.2797,0.1122475890750283,68,True
Breakout_50_noSMA,HCA,2023-04-06,2023-05-24,265.0184,259.2842,-0.02163677988744539,33,False
Breakout_50_noSMA,HCA,2023-06-28,2023-07-27,291.1189,268.2221,-0.07865095989098991,20,False
Breakout_50_noSMA,HCA,2023-12-05,2024-04-17,251.0188,310.8802,0.23847340885082402,91,True
Breakout_50_noSMA,HCA,2024-06-03,2024-07-01,332.3426,317.0616,-0.04597980433609583,19,False
Breakout_50_noSMA,HCA,2024-07-26,2024-10-08,351.4898,378.4845,0.07680080488046293,51,True
Breakout_50_noSMA,HCA,2025-04-04,2025-04-22,344.1856,318.1507,-0.07564208043833165,11,False
Breakout_50_noSMA,HCA,2025-05-07,2025-07-16,353.7712,364.0828,0.029147844830962777,47,True
Breakout_50_noSMA,HCA,2025-08-15,2025-12-31,391.7309,471.1492,0.20273690973312353,95,True
Breakout_50_noSMA,HCA,2026-02-12,2026-03-19,531.2099,502.0,-0.05498742150040958,24,False
Breakout_50,HD,2020-05-18,2020-09-22,212.6342,237.6336,0.11757026110952196,88,True
Breakout_50,HD,2021-01-26,2021-02-02,251.013,237.4519,-0.05402568260296059,5,False
Breakout_50,HD,2021-03-22,2021-06-02,253.5417,280.652,0.10692629113872432,50,True
Breakout_50,HD,2021-07-26,2021-08-18,293.6312,284.0858,-0.03250833652626928,17,False
Breakout_50,HD,2021-09-28,2021-10-01,305.2277,293.4074,-0.03872631280153804,3,False
Breakout_50,HD,2021-10-15,2022-01-10,309.8504,347.8169,0.12253164995402988,59,True
Breakout_50,HD,2022-11-11,2023-01-20,285.4416,285.3369,-0.00036702888458117755,46,False
Breakout_50,HD,2023-06-08,2023-09-18,282.1422,300.8588,0.0663374022692289,69,True
Breakout_50,HD,2023-12-04,2024-04-03,302.3682,344.5089,0.13936896837836454,82,True
Breakout_50,HD,2024-07-15,2024-08-08,344.1632,327.9679,-0.04705700010404912,18,False
Breakout_50,HD,2024-09-16,2024-11-07,368.2932,376.9703,0.023560259794633165,38,True
Breakout_50,HD,2024-11-26,2024-12-18,413.2212,394.4626,-0.04539615666686503,15,False
Breakout_50,HD,2025-08-06,2025-10-02,378.9018,390.3487,0.03021074754230657,40,True
Breakout_50,HD,2026-01-22,2026-03-03,383.8835,361.3144,-0.05879161182295933,27,False
Breakout_100,HD,2020-06-03,2020-09-22,219.0896,237.6336,0.08464155145941343,77,True
Breakout_100,HD,2021-03-22,2021-06-02,253.5417,280.652,0.10692629113872432,50,True
Breakout_100,HD,2021-10-15,2022-01-10,309.8504,347.8169,0.12253164995402988,59,True
Breakout_100,HD,2022-12-14,2023-01-20,304.2237,285.3369,-0.06208202402982954,24,False
Breakout_100,HD,2023-07-25,2023-09-18,303.5345,300.8588,-0.00881511279471614,38,False
Breakout_100,HD,2023-12-14,2024-04-03,330.8624,344.5089,0.0412452758015347,74,True
Breakout_100,HD,2024-09-16,2024-11-07,368.2932,376.9703,0.023560259794633165,38,True
Breakout_100,HD,2024-11-26,2024-12-18,413.2212,394.4626,-0.04539615666686503,15,False
Breakout_100,HD,2025-08-13,2025-10-02,392.0624,390.3487,-0.004371117745141873,35,False
Breakout_50_noSMA,HD,2020-05-18,2020-09-22,212.6342,237.6336,0.11757026110952196,88,True
Breakout_50_noSMA,HD,2021-01-26,2021-02-02,251.013,237.4519,-0.05402568260296059,5,False
Breakout_50_noSMA,HD,2021-03-22,2021-06-02,253.5417,280.652,0.10692629113872432,50,True
Breakout_50_noSMA,HD,2021-07-26,2021-08-18,293.6312,284.0858,-0.03250833652626928,17,False
Breakout_50_noSMA,HD,2021-09-28,2021-10-01,305.2277,293.4074,-0.03872631280153804,3,False
Breakout_50_noSMA,HD,2021-10-15,2022-01-10,309.8504,347.8169,0.12253164995402988,59,True
Breakout_50_noSMA,HD,2022-08-09,2022-08-30,280.7644,271.3751,-0.03344204357459679,15,False
Breakout_50_noSMA,HD,2022-11-11,2023-01-20,285.4416,285.3369,-0.00036702888458117755,46,False
Breakout_50_noSMA,HD,2023-06-08,2023-09-18,282.1422,300.8588,0.0663374022692289,69,True
Breakout_50_noSMA,HD,2023-12-04,2024-04-03,302.3682,344.5089,0.13936896837836454,82,True
Breakout_50_noSMA,HD,2024-07-15,2024-08-08,344.1632,327.9679,-0.04705700010404912,18,False
Breakout_50_noSMA,HD,2024-09-16,2024-11-07,368.2932,376.9703,0.023560259794633165,38,True
Breakout_50_noSMA,HD,2024-11-26,2024-12-18,413.2212,394.4626,-0.04539615666686503,15,False
Breakout_50_noSMA,HD,2025-08-06,2025-10-02,378.9018,390.3487,0.03021074754230657,40,True
Breakout_50_noSMA,HD,2026-01-22,2026-03-03,383.8835,361.3144,-0.05879161182295933,27,False
Breakout_50,HES,2020-11-24,2021-04-21,37.4461,59.2512,0.5823072375509271,100,True
Breakout_50,HES,2021-06-09,2021-07-15,73.3044,67.635,-0.07734111350128547,25,False
Breakout_50,HES,2021-09-28,2021-12-02,79.3578,83.4244,0.05124346985973793,46,True
Breakout_50,HES,2022-01-05,2022-03-15,99.7346,99.6957,-0.0003900034392485541,47,False
Breakout_50,HES,2022-03-24,2022-04-25,117.6046,103.3683,-0.1210524307080042,21,False
Breakout_50,HES,2022-05-27,2022-06-17,123.4086,111.6525,-0.09526113083941135,14,False
Breakout_50,HES,2022-10-07,2022-12-06,123.2575,123.0717,-0.001507470543066991,41,False
Breakout_50,HES,2023-07-25,2023-10-03,130.0447,135.6724,0.043274907794037976,49,True
Breakout_50,HES,2023-10-13,2023-11-09,150.1382,141.8863,-0.05496214849172476,19,False
Breakout_50,HES,2024-02-13,2024-05-17,154.8296,185.667,0.19917011851583055,66,True
Breakout_50,HES,2024-07-16,2024-08-05,199.4381,174.9942,-0.1225637531769106,14,False
Breakout_50,HES,2025-12-02,2025-12-26,155.0731,145.8581,-0.05942316188437147,17,False
Breakout_100,HES,2020-11-25,2021-04-21,37.269,59.2512,0.5898238605818775,99,True
Breakout_100,HES,2021-06-09,2021-07-15,73.3044,67.635,-0.07734111350128547,25,False
Breakout_100,HES,2021-10-05,2021-12-02,85.9028,83.4244,-0.02885129285104393,41,False
Breakout_100,HES,2022-01-05,2022-03-15,99.7346,99.6957,-0.0003900034392485541,47,False
Breakout_100,HES,2022-03-24,2022-04-25,117.6046,103.3683,-0.1210524307080042,21,False
Breakout_100,HES,2022-05-27,2022-06-17,123.4086,111.6525,-0.09526113083941135,14,False
Breakout_100,HES,2022-11-07,2022-12-06,140.7297,123.0717,-0.12547505542626325,20,False
Breakout_100,HES,2023-08-02,2023-10-03,132.846,135.6724,0.02127620037234479,43,True
Breakout_100,HES,2023-10-13,2023-11-09,150.1382,141.8863,-0.05496214849172476,19,False
Breakout_100,HES,2024-02-15,2024-05-17,157.8557,185.667,0.17618212827841528,64,True
Breakout_100,HES,2024-07-16,2024-08-05,199.4381,174.9942,-0.1225637531769106,14,False
Breakout_100,HES,2025-12-02,2025-12-26,155.0731,145.8581,-0.05942316188437147,17,False
Breakout_50_noSMA,HES,2020-06-04,2020-06-25,37.3078,32.946,-0.11691338147844343,15,False
Breakout_50_noSMA,HES,2020-11-18,2021-04-21,30.3802,59.2512,0.9503244125565193,104,True
Breakout_50_noSMA,HES,2021-06-09,2021-07-15,73.3044,67.635,-0.07734111350128547,25,False
Breakout_50_noSMA,HES,2021-09-28,2021-12-02,79.3578,83.4244,0.05124346985973793,46,True
Breakout_50_noSMA,HES,2022-01-05,2022-03-15,99.7346,99.6957,-0.0003900034392485541,47,False
Breakout_50_noSMA,HES,2022-03-24,2022-04-25,117.6046,103.3683,-0.1210524307080042,21,False
Breakout_50_noSMA,HES,2022-05-27,2022-06-17,123.4086,111.6525,-0.09526113083941135,14,False
Breakout_50_noSMA,HES,2022-10-07,2022-12-06,123.2575,123.0717,-0.001507470543066991,41,False
Breakout_50_noSMA,HES,2023-07-25,2023-10-03,130.0447,135.6724,0.043274907794037976,49,True
Breakout_50_noSMA,HES,2023-10-13,2023-11-09,150.1382,141.8863,-0.05496214849172476,19,False
Breakout_50_noSMA,HES,2024-02-13,2024-05-17,154.8296,185.667,0.19917011851583055,66,True
Breakout_50_noSMA,HES,2024-07-16,2024-08-05,199.4381,174.9942,-0.1225637531769106,14,False
Breakout_50_noSMA,HES,2025-12-02,2025-12-26,155.0731,145.8581,-0.05942316188437147,17,False
Breakout_50,HIG,2020-11-10,2021-02-01,40.2576,43.427,0.07873017535418714,55,True
Breakout_50,HIG,2021-02-25,2021-05-12,47.9879,58.4466,0.2179437779465725,53,True
Breakout_50,HIG,2021-08-13,2021-11-17,61.8218,64.9417,0.050466709332668724,67,True
Breakout_50,HIG,2022-10-31,2023-01-20,67.2583,69.9295,0.03971609793027686,55,True
Breakout_50,HIG,2023-06-08,2023-07-17,68.0632,67.0462,-0.014942026954795296,25,False
Breakout_50,HIG,2023-07-21,2023-08-16,71.2853,68.7855,-0.03506677422548066,18,False
Breakout_50,HIG,2023-11-15,2024-04-18,71.5546,93.3267,0.3042722952885122,105,True
Breakout_50,HIG,2024-06-21,2024-07-02,100.5117,96.1319,-0.04357493110563637,7,False
Breakout_50,HIG,2024-07-29,2024-10-28,106.3385,110.5735,0.03982591176527506,64,True
Breakout_50,HIG,2024-11-29,2024-12-10,120.9288,113.1569,-0.06426878172627903,7,False
Breakout_50,HIG,2025-02-26,2025-04-07,113.7738,109.3094,-0.039239517154129655,28,False
Breakout_50,HIG,2025-05-05,2025-06-26,122.9804,122.8824,-0.0007967674277772341,36,False
Breakout_50,HIG,2025-08-14,2025-10-10,129.5282,129.9104,0.0029507098850745095,40,True
Breakout_50,HIG,2025-11-24,2025-12-08,135.8586,129.1673,-0.04925206151788242,9,False
Breakout_50,HIG,2025-12-16,2026-01-14,138.6966,131.6069,-0.0511164094103711,19,False
Breakout_50,HIG,2026-02-05,2026-03-12,141.3552,132.73,-0.06101790200486201,24,False
Breakout_100,HIG,2020-11-25,2021-02-01,42.1563,43.427,0.030142732260924898,44,True
Breakout_100,HIG,2021-02-25,2021-05-12,47.9879,58.4466,0.2179437779465725,53,True
Breakout_100,HIG,2021-09-30,2021-11-17,65.773,64.9417,-0.012638960623152617,34,False
Breakout_100,HIG,2022-11-02,2023-01-20,68.5568,69.9295,0.02002377992465343,53,True
Breakout_100,HIG,2023-11-20,2024-04-18,72.7306,93.3267,0.2831831395271587,102,True
Breakout_100,HIG,2024-06-21,2024-07-02,100.5117,96.1319,-0.04357493110563637,7,False
Breakout_100,HIG,2024-07-29,2024-10-28,106.3385,110.5735,0.03982591176527506,64,True
Breakout_100,HIG,2024-11-29,2024-12-10,120.9288,113.1569,-0.06426878172627903,7,False
Breakout_100,HIG,2025-05-05,2025-06-26,122.9804,122.8824,-0.0007967674277772341,36,False
Breakout_100,HIG,2025-08-21,2025-10-10,131.9278,129.9104,-0.015291727275019595,35,False
Breakout_100,HIG,2025-11-24,2025-12-08,135.8586,129.1673,-0.04925206151788242,9,False
Breakout_100,HIG,2025-12-16,2026-01-14,138.6966,131.6069,-0.0511164094103711,19,False
Breakout_100,HIG,2026-02-05,2026-03-12,141.3552,132.73,-0.06101790200486201,24,False
Breakout_50_noSMA,HIG,2020-06-05,2020-06-25,42.1093,33.132,-0.21319098674609238,14,False
Breakout_50_noSMA,HIG,2020-11-10,2021-02-01,40.2576,43.427,0.07873017535418714,55,True
Breakout_50_noSMA,HIG,2021-02-25,2021-05-12,47.9879,58.4466,0.2179437779465725,53,True
Breakout_50_noSMA,HIG,2021-08-13,2021-11-17,61.8218,64.9417,0.050466709332668724,67,True
Breakout_50_noSMA,HIG,2022-10-31,2023-01-20,67.2583,69.9295,0.03971609793027686,55,True
Breakout_50_noSMA,HIG,2023-06-08,2023-07-17,68.0632,67.0462,-0.014942026954795296,25,False
Breakout_50_noSMA,HIG,2023-07-21,2023-08-16,71.2853,68.7855,-0.03506677422548066,18,False
Breakout_50_noSMA,HIG,2023-11-15,2024-04-18,71.5546,93.3267,0.3042722952885122,105,True
Breakout_50_noSMA,HIG,2024-06-21,2024-07-02,100.5117,96.1319,-0.04357493110563637,7,False
Breakout_50_noSMA,HIG,2024-07-29,2024-10-28,106.3385,110.5735,0.03982591176527506,64,True
Breakout_50_noSMA,HIG,2024-11-29,2024-12-10,120.9288,113.1569,-0.06426878172627903,7,False
Breakout_50_noSMA,HIG,2025-02-26,2025-04-07,113.7738,109.3094,-0.039239517154129655,28,False
Breakout_50_noSMA,HIG,2025-05-05,2025-06-26,122.9804,122.8824,-0.0007967674277772341,36,False
Breakout_50_noSMA,HIG,2025-08-14,2025-10-10,129.5282,129.9104,0.0029507098850745095,40,True
Breakout_50_noSMA,HIG,2025-11-24,2025-12-08,135.8586,129.1673,-0.04925206151788242,9,False
Breakout_50_noSMA,HIG,2025-12-16,2026-01-14,138.6966,131.6069,-0.0511164094103711,19,False
Breakout_50_noSMA,HIG,2026-02-05,2026-03-12,141.3552,132.73,-0.06101790200486201,24,False
Breakout_50,HLT,2020-08-31,2020-09-24,90.433,82.2988,-0.08994648058339239,17,False
Breakout_50,HLT,2020-11-10,2021-01-25,103.6509,102.7625,-0.008571517632084746,50,False
Breakout_50,HLT,2021-02-22,2021-05-06,117.2243,120.5806,0.02863153115948336,52,True
Breakout_50,HLT,2021-07-30,2021-08-05,131.6564,123.7296,-0.06020829691843399,4,False
Breakout_50,HLT,2021-09-28,2021-11-29,136.454,136.6909,0.0017361516774916375,43,True
Breakout_50,HLT,2021-12-27,2022-01-19,151.7351,143.0975,-0.056925453882453736,16,False
Breakout_50,HLT,2022-04-20,2022-05-04,161.6954,147.0757,-0.09041496806361815,10,False
Breakout_50,HLT,2022-11-14,2022-12-19,138.7133,129.8283,-0.06405313902100362,24,False
Breakout_50,HLT,2023-01-27,2023-03-13,142.6952,138.044,-0.03259509181295672,30,False
Breakout_50,HLT,2023-07-11,2023-08-25,151.8358,146.3941,-0.03583945160462931,33,False
Breakout_50,HLT,2023-11-06,2024-04-17,156.4988,201.6637,0.28859577995957064,111,True
Breakout_50,HLT,2024-06-18,2024-08-02,214.1317,203.1264,-0.05139528270091054,31,False
Breakout_50,HLT,2024-09-27,2024-12-19,232.938,244.5562,0.049876785750900154,58,True
Breakout_50,HLT,2025-02-07,2025-03-07,269.328,249.5626,-0.07338781122980542,19,False
Breakout_50,HLT,2025-06-30,2025-08-06,265.1899,259.3192,-0.022137663740667946,26,False
Breakout_50,HLT,2025-11-26,2026-03-09,284.6656,294.08,0.03307178173377823,68,True
Breakout_100,HLT,2020-09-17,2020-09-24,91.4892,82.2988,-0.10045322134906498,5,False
Breakout_100,HLT,2020-11-10,2021-01-25,103.6509,102.7625,-0.008571517632084746,50,False
Breakout_100,HLT,2021-02-22,2021-05-06,117.2243,120.5806,0.02863153115948336,52,True
Breakout_100,HLT,2021-07-30,2021-08-05,131.6564,123.7296,-0.06020829691843399,4,False
Breakout_100,HLT,2021-09-28,2021-11-29,136.454,136.6909,0.0017361516774916375,43,True
Breakout_100,HLT,2021-12-27,2022-01-19,151.7351,143.0975,-0.056925453882453736,16,False
Breakout_100,HLT,2022-04-20,2022-05-04,161.6954,147.0757,-0.09041496806361815,10,False
Breakout_100,HLT,2022-11-14,2022-12-19,138.7133,129.8283,-0.06405313902100362,24,False
Breakout_100,HLT,2023-01-27,2023-03-13,142.6952,138.044,-0.03259509181295672,30,False
Breakout_100,HLT,2023-08-01,2023-08-25,153.553,146.3941,-0.046621764946924715,18,False
Breakout_100,HLT,2023-11-08,2024-04-17,157.393,201.6637,0.28127457242130105,109,True
Breakout_100,HLT,2024-06-20,2024-08-02,214.8388,203.1264,-0.05451747242600091,30,False
Breakout_100,HLT,2024-09-27,2024-12-19,232.938,244.5562,0.049876785750900154,58,True
Breakout_100,HLT,2025-02-07,2025-03-07,269.328,249.5626,-0.07338781122980542,19,False
Breakout_100,HLT,2025-07-11,2025-08-06,275.5535,259.3192,-0.0589150917951996,18,False
Breakout_100,HLT,2025-11-26,2026-03-09,284.6656,294.08,0.03307178173377823,68,True
Breakout_50_noSMA,HLT,2020-06-04,2020-06-24,85.0826,74.0364,-0.1298294957442293,14,False
Breakout_50_noSMA,HLT,2020-08-31,2020-09-24,90.433,82.2988,-0.08994648058339239,17,False
Breakout_50_noSMA,HLT,2020-11-10,2021-01-25,103.6509,102.7625,-0.008571517632084746,50,False
Breakout_50_noSMA,HLT,2021-02-22,2021-05-06,117.2243,120.5806,0.02863153115948336,52,True
Breakout_50_noSMA,HLT,2021-07-30,2021-08-05,131.6564,123.7296,-0.06020829691843399,4,False
Breakout_50_noSMA,HLT,2021-09-28,2021-11-29,136.454,136.6909,0.0017361516774916375,43,True
Breakout_50_noSMA,HLT,2021-12-27,2022-01-19,151.7351,143.0975,-0.056925453882453736,16,False
Breakout_50_noSMA,HLT,2022-04-20,2022-05-04,161.6954,147.0757,-0.09041496806361815,10,False
Breakout_50_noSMA,HLT,2022-11-14,2022-12-19,138.7133,129.8283,-0.06405313902100362,24,False
Breakout_50_noSMA,HLT,2023-01-27,2023-03-13,142.6952,138.044,-0.03259509181295672,30,False
Breakout_50_noSMA,HLT,2023-07-11,2023-08-25,151.8358,146.3941,-0.03583945160462931,33,False
Breakout_50_noSMA,HLT,2023-11-06,2024-04-17,156.4988,201.6637,0.28859577995957064,111,True
Breakout_50_noSMA,HLT,2024-06-18,2024-08-02,214.1317,203.1264,-0.05139528270091054,31,False
Breakout_50_noSMA,HLT,2024-09-27,2024-12-19,232.938,244.5562,0.049876785750900154,58,True
Breakout_50_noSMA,HLT,2025-02-07,2025-03-07,269.328,249.5626,-0.07338781122980542,19,False
Breakout_50_noSMA,HLT,2025-06-30,2025-08-06,265.1899,259.3192,-0.022137663740667946,26,False
Breakout_50_noSMA,HLT,2025-11-26,2026-03-09,284.6656,294.08,0.03307178173377823,68,True
Breakout_50,HOLX,2020-06-22,2020-08-28,55.01,61.9662,0.12645343888277139,48,True
Breakout_50,HOLX,2020-10-28,2020-11-25,69.73,67.85,-0.02696120453614692,20,False
Breakout_50,HOLX,2021-01-07,2021-01-28,78.77,76.1127,-0.033734865307813666,14,False
Breakout_50,HOLX,2021-02-02,2021-02-22,84.69,75.77,-0.10532536947925175,13,False
Breakout_50,HOLX,2021-07-23,2021-09-28,71.81,73.6,0.024926904002005923,46,True
Breakout_50,HOLX,2021-12-17,2022-01-04,77.91,72.88,-0.06456175294903355,11,False
Breakout_50,HOLX,2022-03-22,2022-04-26,75.66,72.06,-0.047581363061954374,24,False
Breakout_50,HOLX,2022-11-02,2023-03-01,74.64,79.27,0.0620310462389968,80,True
Breakout_50,HOLX,2023-05-01,2023-05-17,85.8,81.47,-0.05046622001216794,12,False
Breakout_50,HOLX,2024-02-22,2024-04-17,75.64,75.28,-0.0047593946755217775,38,False
Breakout_50,HOLX,2024-07-31,2024-09-26,82.45,79.75,-0.03274708366498913,40,False
Breakout_50,HOLX,2024-11-05,2024-11-06,79.98,81.13,0.01437851773214116,1,True
Breakout_50,HOLX,2025-10-21,2026-01-02,74.63,74.55,-0.0010718773228480805,50,False
Breakout_50,HOLX,2026-02-23,2026-03-18,75.39,75.05,-0.004509833408186892,17,False
Breakout_100,HOLX,2020-07-01,2020-08-28,57.47,61.9662,0.07823560929216966,41,True
Breakout_100,HOLX,2020-11-05,2020-11-25,76.5,67.85,-0.11307191537096606,14,False
Breakout_100,HOLX,2021-01-07,2021-01-28,78.77,76.1127,-0.033734865307813666,14,False
Breakout_100,HOLX,2021-02-02,2021-02-22,84.69,75.77,-0.10532536947925175,13,False
Breakout_100,HOLX,2021-08-27,2021-09-28,77.94,73.6,-0.05568390853654237,21,False
Breakout_100,HOLX,2022-04-08,2022-04-26,79.75,72.06,-0.09642636290164575,11,False
Breakout_100,HOLX,2022-12-02,2023-03-01,76.35,79.27,0.038244901470889436,59,True
Breakout_100,HOLX,2023-05-02,2023-05-17,85.06,81.47,-0.042205460156728214,11,False
Breakout_100,HOLX,2024-02-22,2024-04-17,75.64,75.28,-0.0047593946755217775,38,False
Breakout_100,HOLX,2024-07-31,2024-09-26,82.45,79.75,-0.03274708366498913,40,False
Breakout_100,HOLX,2025-10-21,2026-01-02,74.63,74.55,-0.0010718773228480805,50,False
Breakout_100,HOLX,2026-02-23,2026-03-18,75.39,75.05,-0.004509833408186892,17,False
Breakout_50_noSMA,HOLX,2020-06-22,2020-08-28,55.01,61.9662,0.12645343888277139,48,True
Breakout_50_noSMA,HOLX,2020-10-28,2020-11-25,69.73,67.85,-0.02696120453614692,20,False
Breakout_50_noSMA,HOLX,2021-01-07,2021-01-28,78.77,76.1127,-0.033734865307813666,14,False
Breakout_50_noSMA,HOLX,2021-02-02,2021-02-22,84.69,75.77,-0.10532536947925175,13,False
Breakout_50_noSMA,HOLX,2021-07-23,2021-09-28,71.81,73.6,0.024926904002005923,46,True
Breakout_50_noSMA,HOLX,2021-12-17,2022-01-04,77.91,72.88,-0.06456175294903355,11,False
Breakout_50_noSMA,HOLX,2022-03-22,2022-04-26,75.66,72.06,-0.047581363061954374,24,False
Breakout_50_noSMA,HOLX,2022-11-02,2023-03-01,74.64,79.27,0.0620310462389968,80,True
Breakout_50_noSMA,HOLX,2023-05-01,2023-05-17,85.8,81.47,-0.05046622001216794,12,False
Breakout_50_noSMA,HOLX,2024-01-23,2024-04-17,74.26,75.28,0.01373547823490795,59,True
Breakout_50_noSMA,HOLX,2024-07-31,2024-09-26,82.45,79.75,-0.03274708366498913,40,False
Breakout_50_noSMA,HOLX,2024-11-05,2024-11-06,79.98,81.13,0.01437851773214116,1,True
Breakout_50_noSMA,HOLX,2025-10-21,2026-01-02,74.63,74.55,-0.0010718773228480805,50,False
Breakout_50_noSMA,HOLX,2026-02-23,2026-03-18,75.39,75.05,-0.004509833408186892,17,False
Breakout_50,HON,2020-06-08,2020-06-25,135.4324,115.7005,-0.1456953768368906,13,False
Breakout_50,HON,2020-08-26,2020-09-24,138.921,133.4585,-0.039320720595620084,20,False
Breakout_50,HON,2020-10-12,2020-10-28,147.5698,136.999,-0.0716327544024743,12,False
Breakout_50,HON,2020-11-04,2021-01-19,148.7331,176.3624,0.18576459162055814,50,True
Breakout_50,HON,2021-03-16,2021-06-14,184.0505,192.1444,0.043976251727841476,62,True
Breakout_50,HON,2022-08-12,2022-09-07,174.3988,162.6485,-0.06737590575194874,17,False
Breakout_50,HON,2022-10-31,2023-01-05,177.0935,183.2976,0.035032523017259454,45,True
Breakout_50,HON,2023-06-14,2023-07-28,179.4777,175.6216,-0.021485234088189364,30,False
Breakout_50,HON,2023-12-04,2024-02-02,176.5974,177.0646,0.002645748404291437,41,True
Breakout_50,HON,2024-05-17,2024-05-30,187.9277,179.6709,-0.04393637167813069,8,False
Breakout_50,HON,2024-06-06,2024-07-26,189.9988,184.4215,-0.029354268406121875,34,False
Breakout_50,HON,2024-10-10,2024-10-29,193.1664,187.2572,-0.03059105585355315,13,False
Breakout_50,HON,2024-11-12,2025-01-07,218.6114,203.2955,-0.07006008103491945,37,False
Breakout_50,HON,2025-05-13,2025-07-25,202.7779,209.898,0.035112697608281396,50,True
Breakout_50,HON,2026-01-12,2026-03-20,206.0769,227.94,0.10609204894819246,47,True
Breakout_100,HON,2020-09-03,2020-09-24,146.1452,133.4585,-0.08680849529174073,14,False
Breakout_100,HON,2020-10-12,2020-10-28,147.5698,136.999,-0.0716327544024743,12,False
Breakout_100,HON,2020-11-04,2021-01-19,148.7331,176.3624,0.18576459162055814,50,True
Breakout_100,HON,2021-03-16,2021-06-14,184.0505,192.1444,0.043976251727841476,62,True
Breakout_100,HON,2022-10-31,2023-01-05,177.0935,183.2976,0.035032523017259454,45,True
Breakout_100,HON,2023-06-30,2023-07-28,184.5156,175.6216,-0.04820156163518441,19,False
Breakout_100,HON,2023-12-19,2024-02-02,183.7953,177.0646,-0.03662061383437565,30,False
Breakout_100,HON,2024-06-06,2024-07-26,189.9988,184.4215,-0.029354268406121875,34,False
Breakout_100,HON,2024-10-21,2024-10-29,202.7288,187.2572,-0.07631662880566592,6,False
Breakout_100,HON,2024-11-12,2025-01-07,218.6114,203.2955,-0.07006008103491945,37,False
Breakout_100,HON,2025-06-09,2025-07-25,212.096,209.898,-0.010363399393915174,32,False
Breakout_100,HON,2026-01-14,2026-03-20,212.7935,227.94,0.07117912197536769,45,True
Breakout_50_noSMA,HON,2020-05-28,2020-06-25,125.7341,115.7005,-0.0797997323480143,20,False
Breakout_50_noSMA,HON,2020-08-26,2020-09-24,138.921,133.4585,-0.039320720595620084,20,False
Breakout_50_noSMA,HON,2020-10-12,2020-10-28,147.5698,136.999,-0.0716327544024743,12,False
Breakout_50_noSMA,HON,2020-11-04,2021-01-19,148.7331,176.3624,0.18576459162055814,50,True
Breakout_50_noSMA,HON,2021-03-16,2021-06-14,184.0505,192.1444,0.043976251727841476,62,True
Breakout_50_noSMA,HON,2022-05-05,2022-05-12,176.4315,166.2629,-0.057635284045147506,5,False
Breakout_50_noSMA,HON,2022-08-12,2022-09-07,174.3988,162.6485,-0.06737590575194874,17,False
Breakout_50_noSMA,HON,2022-10-31,2023-01-05,177.0935,183.2976,0.035032523017259454,45,True
Breakout_50_noSMA,HON,2023-06-14,2023-07-28,179.4777,175.6216,-0.021485234088189364,30,False
Breakout_50_noSMA,HON,2023-12-04,2024-02-02,176.5974,177.0646,0.002645748404291437,41,True
Breakout_50_noSMA,HON,2024-05-17,2024-05-30,187.9277,179.6709,-0.04393637167813069,8,False
Breakout_50_noSMA,HON,2024-06-06,2024-07-26,189.9988,184.4215,-0.029354268406121875,34,False
Breakout_50_noSMA,HON,2024-10-10,2024-10-29,193.1664,187.2572,-0.03059105585355315,13,False
Breakout_50_noSMA,HON,2024-11-12,2025-01-07,218.6114,203.2955,-0.07006008103491945,37,False
Breakout_50_noSMA,HON,2025-05-13,2025-07-25,202.7779,209.898,0.035112697608281396,50,True
Breakout_50_noSMA,HON,2026-01-12,2026-03-20,206.0769,227.94,0.10609204894819246,47,True
Breakout_50,HRL,2020-07-17,2020-09-09,41.656,42.3333,0.01625857074618131,37,True
Breakout_50,HRL,2020-11-17,2020-11-25,43.8148,39.3292,-0.10237728253848088,6,False
Breakout_50,HRL,2021-05-21,2021-06-21,41.9121,40.4179,-0.03564948897346076,20,False
Breakout_50,HRL,2021-12-13,2022-02-11,39.4781,40.8512,0.03478194107328014,42,True
Breakout_50,HRL,2022-03-04,2022-05-19,43.6638,41.4518,-0.050659263524662435,53,False
Breakout_50,HRL,2022-08-10,2022-09-02,43.646,41.1094,-0.05811869382099011,17,False
Breakout_50,HRL,2022-11-21,2022-12-14,42.7633,40.9662,-0.04202517895606128,16,False
Breakout_50,HRL,2024-03-01,2024-05-24,32.1352,31.9939,-0.004395791578417962,59,False
Breakout_50,HRL,2024-09-04,2024-09-05,27.6326,29.0305,0.05058625654941751,1,True
Breakout_50,HRL,2024-12-02,2024-12-31,30.3422,29.1558,-0.03910099910466747,20,False
Breakout_50,HRL,2025-07-11,2025-07-15,30.0386,28.6057,-0.04770162863845451,2,False
Breakout_50,HRL,2026-02-25,2026-03-06,25.2505,23.8603,-0.05505660653493005,7,False
Breakout_100,HRL,2020-08-10,2020-09-09,43.2446,42.3333,-0.021074970089677514,21,False
Breakout_100,HRL,2021-12-15,2022-02-11,41.2975,40.8512,-0.010806983730293873,40,False
Breakout_100,HRL,2022-03-04,2022-05-19,43.6638,41.4518,-0.050659263524662435,53,False
Breakout_100,HRL,2024-05-20,2024-05-24,33.2964,31.9939,-0.03911855400455111,4,False
Breakout_100,HRL,2024-12-06,2024-12-31,30.8093,29.1558,-0.053668883333689354,16,False
Breakout_100,HRL,2026-02-25,2026-03-06,25.2505,23.8603,-0.05505660653493005,7,False
Breakout_50_noSMA,HRL,2020-07-17,2020-09-09,41.656,42.3333,0.01625857074618131,37,True
Breakout_50_noSMA,HRL,2020-11-17,2020-11-25,43.8148,39.3292,-0.10237728253848088,6,False
Breakout_50_noSMA,HRL,2021-05-21,2021-06-21,41.9121,40.4179,-0.03564948897346076,20,False
Breakout_50_noSMA,HRL,2021-12-10,2022-02-11,38.7915,40.8512,0.05309649035826314,43,True
Breakout_50_noSMA,HRL,2022-03-04,2022-05-19,43.6638,41.4518,-0.050659263524662435,53,False
Breakout_50_noSMA,HRL,2022-08-10,2022-09-02,43.646,41.1094,-0.05811869382099011,17,False
Breakout_50_noSMA,HRL,2022-11-17,2022-12-14,41.9393,40.9662,-0.02320222456239318,18,False
Breakout_50_noSMA,HRL,2024-03-01,2024-05-24,32.1352,31.9939,-0.004395791578417962,59,False
Breakout_50_noSMA,HRL,2024-09-04,2024-09-05,27.6326,29.0305,0.05058625654941751,1,True
Breakout_50_noSMA,HRL,2024-12-02,2024-12-31,30.3422,29.1558,-0.03910099910466747,20,False
Breakout_50_noSMA,HRL,2025-07-11,2025-07-15,30.0386,28.6057,-0.04770162863845451,2,False
Breakout_50_noSMA,HRL,2026-02-25,2026-03-06,25.2505,23.8603,-0.05505660653493005,7,False
Breakout_50,HSY,2020-07-24,2020-09-18,128.2915,123.589,-0.03665470823367811,39,False
Breakout_50,HSY,2020-11-17,2021-01-15,135.5646,129.7385,-0.04297659715163227,40,False
Breakout_50,HSY,2021-03-19,2021-08-26,138.9089,156.8202,0.12894238751526932,111,True
Breakout_50,HSY,2021-10-15,2021-11-01,163.1148,157.053,-0.03716300503366121,11,False
Breakout_50,HSY,2021-12-13,2022-05-19,167.5654,185.6249,0.10777633310576973,109,True
Breakout_50,HSY,2022-08-22,2022-09-07,211.9984,203.0519,-0.0422009651416243,11,False
Breakout_50,HSY,2022-10-31,2022-11-11,218.893,205.2589,-0.06228649670405206,9,False
Breakout_50,HSY,2022-12-09,2023-01-03,220.9768,211.1365,-0.04453101856645936,15,False
Breakout_50,HSY,2023-03-16,2023-05-26,225.0003,240.2867,0.06793964807896025,50,True
Breakout_50,HSY,2024-05-13,2024-05-30,193.5789,183.5551,-0.051781373076912995,12,False
Breakout_50,HSY,2024-09-10,2024-09-23,194.6426,186.2455,-0.043141407607969806,9,False
Breakout_50,HSY,2024-12-10,2024-12-12,186.2209,169.185,-0.09148201221578367,2,False
Breakout_50,HSY,2025-03-10,2025-04-03,181.3498,158.7732,-0.12449183972516087,18,False
Breakout_50,HSY,2025-06-13,2025-07-10,168.5372,157.5303,-0.06530818264502636,17,False
Breakout_50,HSY,2025-07-23,2025-09-30,178.1254,182.1514,0.022602126891859475,48,True
Breakout_50,HSY,2026-01-13,2026-03-20,191.8403,211.69,0.1034698099531679,46,True
Breakout_100,HSY,2020-08-18,2020-09-18,129.3037,123.589,-0.044195279168714685,22,False
Breakout_100,HSY,2020-11-17,2021-01-15,135.5646,129.7385,-0.04297659715163227,40,False
Breakout_100,HSY,2021-03-19,2021-08-26,138.9089,156.8202,0.12894238751526932,111,True
Breakout_100,HSY,2021-10-15,2021-11-01,163.1148,157.053,-0.03716300503366121,11,False
Breakout_100,HSY,2021-12-13,2022-05-19,167.5654,185.6249,0.10777633310576973,109,True
Breakout_100,HSY,2022-08-22,2022-09-07,211.9984,203.0519,-0.0422009651416243,11,False
Breakout_100,HSY,2022-10-31,2022-11-11,218.893,205.2589,-0.06228649670405206,9,False
Breakout_100,HSY,2022-12-09,2023-01-03,220.9768,211.1365,-0.04453101856645936,15,False
Breakout_100,HSY,2023-03-16,2023-05-26,225.0003,240.2867,0.06793964807896025,50,True
Breakout_100,HSY,2024-05-14,2024-05-30,197.6639,183.5551,-0.07137788503173415,11,False
Breakout_100,HSY,2026-01-15,2026-03-20,196.7183,211.69,0.07610742630750988,44,True
Breakout_50_noSMA,HSY,2020-07-23,2020-09-18,124.7751,123.589,-0.009505787590053272,40,False
Breakout_50_noSMA,HSY,2020-11-17,2021-01-15,135.5646,129.7385,-0.04297659715163227,40,False
Breakout_50_noSMA,HSY,2021-03-19,2021-08-26,138.9089,156.8202,0.12894238751526932,111,True
Breakout_50_noSMA,HSY,2021-10-15,2021-11-01,163.1148,157.053,-0.03716300503366121,11,False
Breakout_50_noSMA,HSY,2021-12-13,2022-05-19,167.5654,185.6249,0.10777633310576973,109,True
Breakout_50_noSMA,HSY,2022-08-22,2022-09-07,211.9984,203.0519,-0.0422009651416243,11,False
Breakout_50_noSMA,HSY,2022-10-31,2022-11-11,218.893,205.2589,-0.06228649670405206,9,False
Breakout_50_noSMA,HSY,2022-12-09,2023-01-03,220.9768,211.1365,-0.04453101856645936,15,False
Breakout_50_noSMA,HSY,2023-03-16,2023-05-26,225.0003,240.2867,0.06793964807896025,50,True
Breakout_50_noSMA,HSY,2024-02-02,2024-02-27,185.5477,177.0786,-0.04564354917243851,16,False
Breakout_50_noSMA,HSY,2024-05-13,2024-05-30,193.5789,183.5551,-0.051781373076912995,12,False
Breakout_50_noSMA,HSY,2024-09-10,2024-09-23,194.6426,186.2455,-0.043141407607969806,9,False
Breakout_50_noSMA,HSY,2024-12-10,2024-12-12,186.2209,169.185,-0.09148201221578367,2,False
Breakout_50_noSMA,HSY,2025-03-10,2025-04-03,181.3498,158.7732,-0.12449183972516087,18,False
Breakout_50_noSMA,HSY,2025-06-13,2025-07-10,168.5372,157.5303,-0.06530818264502636,17,False
Breakout_50_noSMA,HSY,2025-07-23,2025-09-30,178.1254,182.1514,0.022602126891859475,48,True
Breakout_50_noSMA,HSY,2026-01-13,2026-03-20,191.8403,211.69,0.1034698099531679,46,True
Breakout_50,HYG,2020-06-03,2020-06-30,61.4071,59.4085,-0.03254619027458194,19,False
Breakout_50,HYG,2020-07-28,2020-09-22,62.2838,62.0368,-0.003966119094951814,39,False
Breakout_50,HYG,2020-10-13,2020-10-27,63.3811,62.6517,-0.011508281762978134,10,False
Breakout_50,HYG,2020-11-05,2021-02-26,64.0123,65.7076,0.02648398213765235,76,True
Breakout_50,HYG,2021-04-07,2021-05-20,66.4696,66.2353,-0.003524088130059666,31,False
Breakout_50,HYG,2021-06-02,2021-07-20,66.8175,67.0475,0.003442299512590452,33,True
Breakout_50,HYG,2021-08-30,2021-09-29,67.8971,67.7613,-0.001999633142942492,21,False
Breakout_50,HYG,2021-12-27,2022-01-06,68.3803,67.5409,-0.012275026416069257,8,False
Breakout_50,HYG,2022-12-01,2022-12-29,62.033,60.1726,-0.02999098677787193,19,False
Breakout_50,HYG,2023-01-13,2023-02-13,62.9287,62.0478,-0.01399821838748272,20,False
Breakout_50,HYG,2023-06-16,2023-06-26,63.5023,62.7497,-0.01185238521691867,5,False
Breakout_50,HYG,2023-07-13,2023-08-17,64.1937,63.5513,-0.010007415725083457,25,False
Breakout_50,HYG,2023-11-15,2024-02-14,64.72,67.5804,0.04419635143809297,61,True
Breakout_50,HYG,2024-03-21,2024-04-11,68.992,68.0634,-0.013459843651112635,14,False
Breakout_50,HYG,2024-05-16,2024-05-30,69.2717,68.5294,-0.010715312889003958,9,False
Breakout_50,HYG,2024-06-06,2024-11-01,69.3432,72.8144,0.05005806993407713,103,True
Breakout_50,HYG,2024-11-08,2024-12-19,73.5054,72.9835,-0.007100544914237283,28,False
Breakout_50,HYG,2025-01-22,2025-03-12,74.1464,74.2311,0.0011423651213149366,34,True
Breakout_50,HYG,2025-05-13,2025-10-13,75.2782,77.9276,0.03519362351678801,105,True
Breakout_50,HYG,2025-10-27,2025-11-04,78.8406,78.0809,-0.009635251949265289,6,False
Breakout_50,HYG,2025-11-28,2026-03-04,79.0767,79.8428,0.00968742449110338,64,True
Breakout_100,HYG,2020-07-30,2020-09-22,62.3279,62.0368,-0.004671121525814836,37,False
Breakout_100,HYG,2020-10-13,2020-10-27,63.3811,62.6517,-0.011508281762978134,10,False
Breakout_100,HYG,2020-11-05,2021-02-26,64.0123,65.7076,0.02648398213765235,76,True
Breakout_100,HYG,2021-04-07,2021-05-20,66.4696,66.2353,-0.003524088130059666,31,False
Breakout_100,HYG,2021-06-02,2021-07-20,66.8175,67.0475,0.003442299512590452,33,True
Breakout_100,HYG,2021-08-30,2021-09-29,67.8971,67.7613,-0.001999633142942492,21,False
Breakout_100,HYG,2021-12-27,2022-01-06,68.3803,67.5409,-0.012275026416069257,8,False
Breakout_100,HYG,2023-01-13,2023-02-13,62.9287,62.0478,-0.01399821838748272,20,False
Breakout_100,HYG,2023-07-13,2023-08-17,64.1937,63.5513,-0.010007415725083457,25,False
Breakout_100,HYG,2023-11-15,2024-02-14,64.72,67.5804,0.04419635143809297,61,True
Breakout_100,HYG,2024-03-21,2024-04-11,68.992,68.0634,-0.013459843651112635,14,False
Breakout_100,HYG,2024-05-16,2024-05-30,69.2717,68.5294,-0.010715312889003958,9,False
Breakout_100,HYG,2024-06-06,2024-11-01,69.3432,72.8144,0.05005806993407713,103,True
Breakout_100,HYG,2024-11-08,2024-12-19,73.5054,72.9835,-0.007100544914237283,28,False
Breakout_100,HYG,2025-01-22,2025-03-12,74.1464,74.2311,0.0011423651213149366,34,True
Breakout_100,HYG,2025-05-13,2025-10-13,75.2782,77.9276,0.03519362351678801,105,True
Breakout_100,HYG,2025-10-27,2025-11-04,78.8406,78.0809,-0.009635251949265289,6,False
Breakout_100,HYG,2025-11-28,2026-03-04,79.0767,79.8428,0.00968742449110338,64,True
Breakout_50_noSMA,HYG,2020-06-03,2020-06-30,61.4071,59.4085,-0.03254619027458194,19,False
Breakout_50_noSMA,HYG,2020-07-28,2020-09-22,62.2838,62.0368,-0.003966119094951814,39,False
Breakout_50_noSMA,HYG,2020-10-13,2020-10-27,63.3811,62.6517,-0.011508281762978134,10,False
Breakout_50_noSMA,HYG,2020-11-05,2021-02-26,64.0123,65.7076,0.02648398213765235,76,True
Breakout_50_noSMA,HYG,2021-04-07,2021-05-20,66.4696,66.2353,-0.003524088130059666,31,False
Breakout_50_noSMA,HYG,2021-06-02,2021-07-20,66.8175,67.0475,0.003442299512590452,33,True
Breakout_50_noSMA,HYG,2021-08-30,2021-09-29,67.8971,67.7613,-0.001999633142942492,21,False
Breakout_50_noSMA,HYG,2021-12-27,2022-01-06,68.3803,67.5409,-0.012275026416069257,8,False
Breakout_50_noSMA,HYG,2022-11-23,2022-12-29,61.044,60.1726,-0.01427490241303353,24,False
Breakout_50_noSMA,HYG,2023-01-13,2023-02-13,62.9287,62.0478,-0.01399821838748272,20,False
Breakout_50_noSMA,HYG,2023-06-16,2023-06-26,63.5023,62.7497,-0.01185238521691867,5,False
Breakout_50_noSMA,HYG,2023-07-13,2023-08-17,64.1937,63.5513,-0.010007415725083457,25,False
Breakout_50_noSMA,HYG,2023-11-15,2024-02-14,64.72,67.5804,0.04419635143809297,61,True
Breakout_50_noSMA,HYG,2024-03-21,2024-04-11,68.992,68.0634,-0.013459843651112635,14,False
Breakout_50_noSMA,HYG,2024-05-16,2024-05-30,69.2717,68.5294,-0.010715312889003958,9,False
Breakout_50_noSMA,HYG,2024-06-06,2024-11-01,69.3432,72.8144,0.05005806993407713,103,True
Breakout_50_noSMA,HYG,2024-11-08,2024-12-19,73.5054,72.9835,-0.007100544914237283,28,False
Breakout_50_noSMA,HYG,2025-01-22,2025-03-12,74.1464,74.2311,0.0011423651213149366,34,True
Breakout_50_noSMA,HYG,2025-05-13,2025-10-13,75.2782,77.9276,0.03519362351678801,105,True
Breakout_50_noSMA,HYG,2025-10-27,2025-11-04,78.8406,78.0809,-0.009635251949265289,6,False
Breakout_50_noSMA,HYG,2025-11-28,2026-03-04,79.0767,79.8428,0.00968742449110338,64,True
Breakout_50,ICE,2020-06-01,2020-06-25,90.2411,84.4535,-0.06413507776781335,18,False
Breakout_50,ICE,2020-08-10,2020-09-11,93.8413,91.7314,-0.02248436026539624,23,False
Breakout_50,ICE,2020-12-01,2021-01-28,99.0168,102.6402,0.03659387868115371,39,True
Breakout_50,ICE,2021-04-13,2021-05-05,110.2375,107.8842,-0.02134747694352168,16,False
Breakout_50,ICE,2021-07-22,2021-08-16,113.3976,109.4861,-0.03449395225059737,17,False
Breakout_50,ICE,2021-10-07,2021-12-02,116.6352,122.0662,0.04656432920528997,39,True
Breakout_50,ICE,2022-03-21,2022-04-12,129.1598,121.2348,-0.06135789516838874,16,False
Breakout_50,ICE,2022-11-25,2023-02-22,101.6569,99.6148,-0.020087744064154367,59,False
Breakout_50,ICE,2023-05-16,2023-05-26,105.7461,101.1434,-0.043525550829855764,8,False
Breakout_50,ICE,2023-06-09,2023-08-23,106.4201,110.186,0.03538688218302943,51,True
Breakout_50,ICE,2023-08-30,2023-09-06,114.6808,111.027,-0.03186111932092983,4,False
Breakout_50,ICE,2023-12-05,2024-04-10,111.2823,130.381,0.17162431182613913,86,True
Breakout_50,ICE,2024-06-25,2024-11-01,135.8902,150.8348,0.10997556247081386,91,True
Breakout_50,ICE,2025-02-07,2025-04-04,164.0755,163.4796,-0.0036317596056492096,39,False
Breakout_50,ICE,2025-06-02,2025-08-14,176.6746,179.9838,0.018730609948035548,51,True
Breakout_50,ICE,2026-01-15,2026-02-04,173.2204,161.0697,-0.07014617357696296,13,False
Breakout_100,ICE,2020-08-10,2020-09-11,93.8413,91.7314,-0.02248436026539624,23,False
Breakout_100,ICE,2020-12-02,2021-01-28,99.6042,102.6402,0.030481395631924535,38,True
Breakout_100,ICE,2021-04-14,2021-05-05,111.2875,107.8842,-0.030581559114210455,15,False
Breakout_100,ICE,2021-10-07,2021-12-02,116.6352,122.0662,0.04656432920528997,39,True
Breakout_100,ICE,2023-06-15,2023-08-23,107.1701,110.186,0.028141048446651995,47,True
Breakout_100,ICE,2023-08-30,2023-09-06,114.6808,111.027,-0.03186111932092983,4,False
Breakout_100,ICE,2023-12-14,2024-04-10,119.4784,130.381,0.09125137607202127,79,True
Breakout_100,ICE,2024-07-03,2024-11-01,138.4285,150.8348,0.0896227746935967,85,True
Breakout_100,ICE,2025-02-07,2025-04-04,164.0755,163.4796,-0.0036317596056492096,39,False
Breakout_100,ICE,2025-06-02,2025-08-14,176.6746,179.9838,0.018730609948035548,51,True
Breakout_50_noSMA,ICE,2020-06-01,2020-06-25,90.2411,84.4535,-0.06413507776781335,18,False
Breakout_50_noSMA,ICE,2020-08-10,2020-09-11,93.8413,91.7314,-0.02248436026539624,23,False
Breakout_50_noSMA,ICE,2020-12-01,2021-01-28,99.0168,102.6402,0.03659387868115371,39,True
Breakout_50_noSMA,ICE,2021-04-13,2021-05-05,110.2375,107.8842,-0.02134747694352168,16,False
Breakout_50_noSMA,ICE,2021-07-22,2021-08-16,113.3976,109.4861,-0.03449395225059737,17,False
Breakout_50_noSMA,ICE,2021-10-07,2021-12-02,116.6352,122.0662,0.04656432920528997,39,True
Breakout_50_noSMA,ICE,2022-03-21,2022-04-12,129.1598,121.2348,-0.06135789516838874,16,False
Breakout_50_noSMA,ICE,2022-08-05,2022-08-31,101.2034,96.464,-0.0468307407961609,18,False
Breakout_50_noSMA,ICE,2022-11-14,2023-02-22,99.2877,99.6148,0.003295184559265696,67,True
Breakout_50_noSMA,ICE,2023-05-16,2023-05-26,105.7461,101.1434,-0.043525550829855764,8,False
Breakout_50_noSMA,ICE,2023-06-09,2023-08-23,106.4201,110.186,0.03538688218302943,51,True
Breakout_50_noSMA,ICE,2023-08-30,2023-09-06,114.6808,111.027,-0.03186111932092983,4,False
Breakout_50_noSMA,ICE,2023-12-05,2024-04-10,111.2823,130.381,0.17162431182613913,86,True
Breakout_50_noSMA,ICE,2024-06-25,2024-11-01,135.8902,150.8348,0.10997556247081386,91,True
Breakout_50_noSMA,ICE,2025-02-07,2025-04-04,164.0755,163.4796,-0.0036317596056492096,39,False
Breakout_50_noSMA,ICE,2025-06-02,2025-08-14,176.6746,179.9838,0.018730609948035548,51,True
Breakout_50_noSMA,ICE,2025-12-30,2026-02-04,162.9835,161.0697,-0.01174242382137769,24,False
Breakout_50,IDXX,2020-05-08,2020-09-09,296.28,366.37,0.23656674978624403,85,True
Breakout_50,IDXX,2020-10-13,2021-01-28,421.81,465.31,0.10312700090508731,73,True
Breakout_50,IDXX,2021-02-12,2021-03-04,530.74,494.9,-0.06752835097664989,13,False
Breakout_50,IDXX,2021-06-11,2021-09-14,580.36,663.22,0.14277342932485038,65,True
Breakout_50,IDXX,2022-11-11,2023-03-10,416.7,471.5,0.13150944609462156,80,True
Breakout_50,IDXX,2023-07-11,2023-08-17,521.97,500.0,-0.04209048783693459,27,False
Breakout_50,IDXX,2023-11-22,2024-01-31,480.97,522.67,0.08669975587587264,46,True
Breakout_50,IDXX,2024-02-06,2024-03-12,575.96,549.12,-0.04660050321468834,24,False
Breakout_50,IDXX,2025-02-04,2025-03-07,464.47,429.03,-0.07630202671488817,22,False
Breakout_50,IDXX,2025-05-02,2025-07-18,478.0,523.05,0.09424683638696396,52,True
Breakout_50,IDXX,2025-07-25,2025-09-26,552.28,619.31,0.121369531226861,44,True
Breakout_50,IDXX,2025-11-04,2025-12-24,717.44,683.97,-0.046652028914452304,35,False
Breakout_100,IDXX,2020-05-12,2020-09-09,298.62,366.37,0.2268769710930203,83,True
Breakout_100,IDXX,2020-10-13,2021-01-28,421.81,465.31,0.10312700090508731,73,True
Breakout_100,IDXX,2021-02-12,2021-03-04,530.74,494.9,-0.06752835097664989,13,False
Breakout_100,IDXX,2021-06-11,2021-09-14,580.36,663.22,0.14277342932485038,65,True
Breakout_100,IDXX,2022-11-14,2023-03-10,443.05,471.5,0.06421400065657057,79,True
Breakout_100,IDXX,2023-07-11,2023-08-17,521.97,500.0,-0.04209048783693459,27,False
Breakout_100,IDXX,2024-02-06,2024-03-12,575.96,549.12,-0.04660050321468834,24,False
Breakout_100,IDXX,2025-05-08,2025-07-18,487.14,523.05,0.07371591752824291,48,True
Breakout_100,IDXX,2025-07-25,2025-09-26,552.28,619.31,0.121369531226861,44,True
Breakout_100,IDXX,2025-11-04,2025-12-24,717.44,683.97,-0.046652028914452304,35,False
Breakout_50_noSMA,IDXX,2020-05-08,2020-09-09,296.28,366.37,0.23656674978624403,85,True
Breakout_50_noSMA,IDXX,2020-10-13,2021-01-28,421.81,465.31,0.10312700090508731,73,True
Breakout_50_noSMA,IDXX,2021-02-12,2021-03-04,530.74,494.9,-0.06752835097664989,13,False
Breakout_50_noSMA,IDXX,2021-06-11,2021-09-14,580.36,663.22,0.14277342932485038,65,True
Breakout_50_noSMA,IDXX,2022-11-02,2023-03-10,390.32,471.5,0.20798317060992777,87,True
Breakout_50_noSMA,IDXX,2023-07-11,2023-08-17,521.97,500.0,-0.04209048783693459,27,False
Breakout_50_noSMA,IDXX,2023-11-22,2024-01-31,480.97,522.67,0.08669975587587264,46,True
Breakout_50_noSMA,IDXX,2024-02-06,2024-03-12,575.96,549.12,-0.04660050321468834,24,False
Breakout_50_noSMA,IDXX,2025-02-04,2025-03-07,464.47,429.03,-0.07630202671488817,22,False
Breakout_50_noSMA,IDXX,2025-05-02,2025-07-18,478.0,523.05,0.09424683638696396,52,True
Breakout_50_noSMA,IDXX,2025-07-25,2025-09-26,552.28,619.31,0.121369531226861,44,True
Breakout_50_noSMA,IDXX,2025-11-04,2025-12-24,717.44,683.97,-0.046652028914452304,35,False
Breakout_50,IEF,2020-02-28,2020-06-04,100.7623,104.4743,0.036839521080395565,67,True
Breakout_50,IEF,2020-07-10,2020-08-13,105.9466,105.4692,-0.0045057876286984655,24,False
Breakout_50,IEF,2021-07-09,2021-09-08,101.7903,102.0831,0.0028763800968911735,42,True
Breakout_50,IEF,2021-12-06,2021-12-30,101.857,100.8888,-0.009504618427656708,17,False
Breakout_50,IEF,2023-01-13,2023-02-07,88.7244,87.4723,-0.014113176373513614,16,False
Breakout_50,IEF,2023-04-06,2023-05-18,90.3796,88.5772,-0.019942058231517956,29,False
Breakout_50,IEF,2023-12-04,2024-02-06,85.9847,87.4289,0.016795811029301833,43,True
Breakout_50,IEF,2024-06-06,2024-10-07,87.5825,90.7989,0.03672447575651705,84,True
Breakout_50,IEF,2025-02-26,2025-04-14,90.5192,90.4073,-0.001237082994745231,33,False
Breakout_50,IEF,2025-06-27,2025-07-16,92.4254,91.426,-0.010813120733166204,12,False
Breakout_50,IEF,2025-08-04,2025-11-06,93.3922,95.0189,0.0174181934857629,67,True
Breakout_50,IEF,2025-11-26,2025-12-09,95.964,95.1918,-0.008046550094637617,8,False
Breakout_50,IEF,2026-02-13,2026-03-12,96.5179,95.5316,-0.010218159296504492,18,False
Breakout_100,IEF,2020-02-28,2020-06-04,100.7623,104.4743,0.036839521080395565,67,True
Breakout_100,IEF,2020-08-03,2020-08-13,106.2672,105.4692,-0.007508876145401078,8,False
Breakout_100,IEF,2021-07-20,2021-09-08,103.4938,102.0831,-0.01363063223391181,35,False
Breakout_100,IEF,2023-04-06,2023-05-18,90.3796,88.5772,-0.019942058231517956,29,False
Breakout_100,IEF,2023-12-14,2024-02-06,88.1632,87.4289,-0.008328884081066468,35,False
Breakout_100,IEF,2024-07-12,2024-10-07,88.7394,90.7989,0.023208873169773714,60,True
Breakout_100,IEF,2025-03-04,2025-04-14,91.6735,90.4073,-0.01381262633877367,29,False
Breakout_100,IEF,2025-09-05,2025-11-06,94.8135,95.0189,0.002166152790564979,44,True
Breakout_100,IEF,2025-11-26,2025-12-09,95.964,95.1918,-0.008046550094637617,8,False
Breakout_100,IEF,2026-02-13,2026-03-12,96.5179,95.5316,-0.010218159296504492,18,False
Breakout_50_noSMA,IEF,2020-02-28,2020-06-04,100.7623,104.4743,0.036839521080395565,67,True
Breakout_50_noSMA,IEF,2020-07-10,2020-08-13,105.9466,105.4692,-0.0045057876286984655,24,False
Breakout_50_noSMA,IEF,2021-06-09,2021-09-08,100.7622,102.0831,0.013109766291155234,63,True
Breakout_50_noSMA,IEF,2021-12-06,2021-12-30,101.857,100.8888,-0.009504618427656708,17,False
Breakout_50_noSMA,IEF,2022-07-29,2022-08-23,92.7056,90.1596,-0.02746360849004348,17,False
Breakout_50_noSMA,IEF,2022-12-02,2022-12-29,87.3567,85.7836,-0.018006933477412224,18,False
Breakout_50_noSMA,IEF,2023-01-13,2023-02-07,88.7244,87.4723,-0.014113176373513614,16,False
Breakout_50_noSMA,IEF,2023-04-06,2023-05-18,90.3796,88.5772,-0.019942058231517956,29,False
Breakout_50_noSMA,IEF,2023-11-29,2024-02-06,85.7921,87.4289,0.0190785141799521,46,True
Breakout_50_noSMA,IEF,2024-06-06,2024-10-07,87.5825,90.7989,0.03672447575651705,84,True
Breakout_50_noSMA,IEF,2025-02-26,2025-04-14,90.5192,90.4073,-0.001237082994745231,33,False
Breakout_50_noSMA,IEF,2025-06-27,2025-07-16,92.4254,91.426,-0.010813120733166204,12,False
Breakout_50_noSMA,IEF,2025-08-04,2025-11-06,93.3922,95.0189,0.0174181934857629,67,True
Breakout_50_noSMA,IEF,2025-11-26,2025-12-09,95.964,95.1918,-0.008046550094637617,8,False
Breakout_50_noSMA,IEF,2026-02-13,2026-03-12,96.5179,95.5316,-0.010218159296504492,18,False
Breakout_50,IEX,2020-06-04,2020-06-12,153.1646,144.8821,-0.05407579878396318,6,False
Breakout_50,IEX,2020-07-20,2020-10-29,158.1222,161.8557,0.023611576211549856,72,True
Breakout_50,IEX,2021-01-07,2021-01-19,189.4798,183.3135,-0.03254302634119299,7,False
Breakout_50,IEX,2021-03-30,2021-06-11,196.6515,208.4253,0.05987090857032329,51,True
Breakout_50,IEX,2021-07-21,2021-07-29,216.6984,208.7037,-0.036893348845986496,6,False
Breakout_50,IEX,2021-11-03,2021-12-02,218.7725,209.9239,-0.0404463128860828,20,False
Breakout_50,IEX,2021-12-17,2021-12-21,225.6243,213.2552,-0.054821616913973914,2,False
Breakout_50,IEX,2022-07-29,2022-09-22,196.7857,193.7302,-0.015527001162663145,38,False
Breakout_50,IEX,2022-10-27,2022-12-29,211.934,219.4042,0.03524772906726681,43,True
Breakout_50,IEX,2023-07-28,2023-09-08,212.8475,211.1377,-0.008032866813646344,29,False
Breakout_50,IEX,2023-12-15,2024-04-15,207.3193,229.3074,0.10605945089747548,81,True
Breakout_50,IEX,2024-09-30,2024-10-25,210.2939,200.932,-0.04451834794218301,19,False
Breakout_50,IEX,2024-10-31,2024-12-19,215.3109,208.8429,-0.030040649892273286,34,False
Breakout_50,IEX,2026-01-07,2026-03-10,183.341,197.32,0.07624571115191747,42,True
Breakout_100,IEX,2020-07-20,2020-10-29,158.1222,161.8557,0.023611576211549856,72,True
Breakout_100,IEX,2021-01-07,2021-01-19,189.4798,183.3135,-0.03254302634119299,7,False
Breakout_100,IEX,2021-04-06,2021-06-11,201.8647,208.4253,0.032500021961722636,47,True
Breakout_100,IEX,2021-11-03,2021-12-02,218.7725,209.9239,-0.0404463128860828,20,False
Breakout_100,IEX,2021-12-17,2021-12-21,225.6243,213.2552,-0.054821616913973914,2,False
Breakout_100,IEX,2022-07-29,2022-09-22,196.7857,193.7302,-0.015527001162663145,38,False
Breakout_100,IEX,2022-10-27,2022-12-29,211.934,219.4042,0.03524772906726681,43,True
Breakout_100,IEX,2023-08-31,2023-09-08,221.3193,211.1377,-0.04600399055715565,5,False
Breakout_100,IEX,2024-02-02,2024-04-15,213.154,229.3074,0.07578303107845175,49,True
Breakout_100,IEX,2024-10-31,2024-12-19,215.3109,208.8429,-0.030040649892273286,34,False
Breakout_100,IEX,2026-01-07,2026-03-10,183.341,197.32,0.07624571115191747,42,True
Breakout_50_noSMA,IEX,2020-06-04,2020-06-12,153.1646,144.8821,-0.05407579878396318,6,False
Breakout_50_noSMA,IEX,2020-07-20,2020-10-29,158.1222,161.8557,0.023611576211549856,72,True
Breakout_50_noSMA,IEX,2021-01-07,2021-01-19,189.4798,183.3135,-0.03254302634119299,7,False
Breakout_50_noSMA,IEX,2021-03-30,2021-06-11,196.6515,208.4253,0.05987090857032329,51,True
Breakout_50_noSMA,IEX,2021-07-21,2021-07-29,216.6984,208.7037,-0.036893348845986496,6,False
Breakout_50_noSMA,IEX,2021-11-03,2021-12-02,218.7725,209.9239,-0.0404463128860828,20,False
Breakout_50_noSMA,IEX,2021-12-17,2021-12-21,225.6243,213.2552,-0.054821616913973914,2,False
Breakout_50_noSMA,IEX,2022-07-28,2022-09-22,193.014,193.7302,0.0037103954872219624,39,True
Breakout_50_noSMA,IEX,2022-10-27,2022-12-29,211.934,219.4042,0.03524772906726681,43,True
Breakout_50_noSMA,IEX,2023-07-28,2023-09-08,212.8475,211.1377,-0.008032866813646344,29,False
Breakout_50_noSMA,IEX,2023-12-15,2024-04-15,207.3193,229.3074,0.10605945089747548,81,True
Breakout_50_noSMA,IEX,2024-09-30,2024-10-25,210.2939,200.932,-0.04451834794218301,19,False
Breakout_50_noSMA,IEX,2024-10-31,2024-12-19,215.3109,208.8429,-0.030040649892273286,34,False
Breakout_50_noSMA,IEX,2025-10-22,2025-11-17,168.8639,164.0215,-0.028675983777987746,18,False
Breakout_50_noSMA,IEX,2026-01-07,2026-03-10,183.341,197.32,0.07624571115191747,42,True
Breakout_50,INDA,2020-07-07,2020-09-24,28.7894,29.8494,0.036821750666671926,56,True
Breakout_50,INDA,2020-10-08,2020-10-29,32.76,31.2536,-0.04598356446689322,15,False
Breakout_50,INDA,2020-11-10,2021-02-01,33.4295,37.7756,0.1300065251842446,55,True
Breakout_50,INDA,2021-02-05,2021-03-01,39.2553,38.79,-0.011854054677567505,15,False
Breakout_50,INDA,2021-03-12,2021-03-19,39.8509,39.3018,-0.013778556044576229,5,False
Breakout_50,INDA,2021-05-25,2021-07-20,40.6327,40.7357,0.0025360621857308807,38,True
Breakout_50,INDA,2021-08-04,2021-11-01,42.5336,45.8778,0.07862450804285737,62,True
Breakout_50,INDA,2021-11-09,2021-11-22,46.977,45.5052,-0.03133068415202267,9,False
Breakout_50,INDA,2022-01-12,2022-01-24,47.9019,44.1562,-0.07819614866550417,7,False
Breakout_50,INDA,2022-08-11,2022-09-23,43.0166,41.441,-0.03662742150343956,30,False
Breakout_50,INDA,2022-12-01,2022-12-16,44.0274,41.7779,-0.05109165185717579,11,False
Breakout_50,INDA,2023-05-11,2023-08-15,41.1536,43.0982,0.04725099936474164,65,True
Breakout_50,INDA,2023-09-11,2023-09-29,45.0342,44.1605,-0.019400359150296476,14,False
Breakout_50,INDA,2023-11-29,2024-03-20,45.342,49.8791,0.10006577904882707,76,True
Breakout_50,INDA,2024-04-30,2024-05-10,51.9839,51.279,-0.013559969850215459,8,False
Breakout_50,INDA,2024-05-21,2024-06-05,52.8576,52.3513,-0.009579336567414054,10,False
Breakout_50,INDA,2024-06-17,2024-08-06,54.8234,54.4858,-0.006157186857567498,34,False
Breakout_50,INDA,2024-09-03,2024-10-07,57.2359,56.1537,-0.018907222113521582,24,False
Breakout_50,INDA,2025-04-25,2025-07-21,52.6,54.7,0.039923999044439995,58,True
Breakout_50,INDA,2025-10-21,2025-12-04,54.48,53.78,-0.01284876594752482,31,False
Breakout_100,INDA,2020-07-28,2020-09-24,30.333,29.8494,-0.015941235897624972,41,False
Breakout_100,INDA,2020-10-08,2020-10-29,32.76,31.2536,-0.04598356446689322,15,False
Breakout_100,INDA,2020-11-10,2021-02-01,33.4295,37.7756,0.1300065251842446,55,True
Breakout_100,INDA,2021-02-05,2021-03-01,39.2553,38.79,-0.011854054677567505,15,False
Breakout_100,INDA,2021-03-12,2021-03-19,39.8509,39.3018,-0.013778556044576229,5,False
Breakout_100,INDA,2021-05-27,2021-07-20,41.2004,40.7357,-0.01127780517738397,36,False
Breakout_100,INDA,2021-08-04,2021-11-01,42.5336,45.8778,0.07862450804285737,62,True
Breakout_100,INDA,2021-11-09,2021-11-22,46.977,45.5052,-0.03133068415202267,9,False
Breakout_100,INDA,2022-01-12,2022-01-24,47.9019,44.1562,-0.07819614866550417,7,False
Breakout_100,INDA,2023-06-14,2023-08-15,42.4827,43.0982,0.014489369545915398,42,True
Breakout_100,INDA,2023-09-11,2023-09-29,45.0342,44.1605,-0.019400359150296476,14,False
Breakout_100,INDA,2023-11-29,2024-03-20,45.342,49.8791,0.10006577904882707,76,True
Breakout_100,INDA,2024-04-30,2024-05-10,51.9839,51.279,-0.013559969850215459,8,False
Breakout_100,INDA,2024-05-21,2024-06-05,52.8576,52.3513,-0.009579336567414054,10,False
Breakout_100,INDA,2024-06-17,2024-08-06,54.8234,54.4858,-0.006157186857567498,34,False
Breakout_100,INDA,2024-09-03,2024-10-07,57.2359,56.1537,-0.018907222113521582,24,False
Breakout_100,INDA,2025-05-16,2025-07-21,54.54,54.7,0.0029336238490336175,43,True
Breakout_50_noSMA,INDA,2020-06-02,2020-09-24,26.5603,29.8494,0.12383467974665674,80,True
Breakout_50_noSMA,INDA,2020-10-08,2020-10-29,32.76,31.2536,-0.04598356446689322,15,False
Breakout_50_noSMA,INDA,2020-11-10,2021-02-01,33.4295,37.7756,0.1300065251842446,55,True
Breakout_50_noSMA,INDA,2021-02-05,2021-03-01,39.2553,38.79,-0.011854054677567505,15,False
Breakout_50_noSMA,INDA,2021-03-12,2021-03-19,39.8509,39.3018,-0.013778556044576229,5,False
Breakout_50_noSMA,INDA,2021-05-25,2021-07-20,40.6327,40.7357,0.0025360621857308807,38,True
Breakout_50_noSMA,INDA,2021-08-04,2021-11-01,42.5336,45.8778,0.07862450804285737,62,True
Breakout_50_noSMA,INDA,2021-11-09,2021-11-22,46.977,45.5052,-0.03133068415202267,9,False
Breakout_50_noSMA,INDA,2022-01-12,2022-01-24,47.9019,44.1562,-0.07819614866550417,7,False
Breakout_50_noSMA,INDA,2022-08-01,2022-09-23,42.432,41.441,-0.02335353655818251,38,False
Breakout_50_noSMA,INDA,2022-12-01,2022-12-16,44.0274,41.7779,-0.05109165185717579,11,False
Breakout_50_noSMA,INDA,2023-04-28,2023-08-15,40.6086,43.0982,0.06130629562811407,74,True
Breakout_50_noSMA,INDA,2023-09-11,2023-09-29,45.0342,44.1605,-0.019400359150296476,14,False
Breakout_50_noSMA,INDA,2023-11-29,2024-03-20,45.342,49.8791,0.10006577904882707,76,True
Breakout_50_noSMA,INDA,2024-04-30,2024-05-10,51.9839,51.279,-0.013559969850215459,8,False
Breakout_50_noSMA,INDA,2024-05-21,2024-06-05,52.8576,52.3513,-0.009579336567414054,10,False
Breakout_50_noSMA,INDA,2024-06-17,2024-08-06,54.8234,54.4858,-0.006157186857567498,34,False
Breakout_50_noSMA,INDA,2024-09-03,2024-10-07,57.2359,56.1537,-0.018907222113521582,24,False
Breakout_50_noSMA,INDA,2025-04-21,2025-07-21,53.04,54.7,0.03129713082124308,62,True
Breakout_50_noSMA,INDA,2025-10-21,2025-12-04,54.48,53.78,-0.01284876594752482,31,False
Breakout_50,INTC,2020-05-21,2020-06-12,56.2501,53.5846,-0.047385095009238376,15,False
Breakout_50,INTC,2021-01-13,2021-04-21,53.7895,57.1083,0.061699645077981646,67,True
Breakout_50,INTC,2023-03-30,2023-04-26,31.0865,28.5,-0.08320251917882537,18,False
Breakout_50,INTC,2023-06-14,2023-08-17,33.1934,33.0079,-0.00558796973756559,44,False
Breakout_50,INTC,2023-09-08,2023-09-21,37.4929,34.0013,-0.09312706089391809,9,False
Breakout_50,INTC,2023-11-16,2024-01-29,40.4582,43.1323,0.06609749985992619,48,True
Breakout_50,INTC,2025-02-19,2025-03-06,25.98,20.26,-0.22016933849653642,11,False
Breakout_50,INTC,2025-07-09,2025-07-28,23.29,20.82,-0.10605414871651575,13,False
Breakout_50,INTC,2025-08-18,2025-11-18,24.0,34.25,0.42708333333333326,65,True
Breakout_50,INTC,2025-12-03,2025-12-15,43.39,38.33,-0.1166166773397308,8,False
Breakout_50,INTC,2026-01-12,2026-02-24,44.24,44.1,-0.003164629272919939,29,False
Breakout_100,INTC,2021-01-14,2021-04-21,52.8403,57.1083,0.08077222421572605,66,True
Breakout_100,INTC,2023-03-30,2023-04-26,31.0865,28.5,-0.08320251917882537,18,False
Breakout_100,INTC,2023-06-14,2023-08-17,33.1934,33.0079,-0.00558796973756559,44,False
Breakout_100,INTC,2023-09-08,2023-09-21,37.4929,34.0013,-0.09312706089391809,9,False
Breakout_100,INTC,2023-11-16,2024-01-29,40.4582,43.1323,0.06609749985992619,48,True
Breakout_100,INTC,2025-02-19,2025-03-06,25.98,20.26,-0.22016933849653642,11,False
Breakout_100,INTC,2025-09-19,2025-11-18,30.38,34.25,0.1273864695898741,42,True
Breakout_100,INTC,2025-12-03,2025-12-15,43.39,38.33,-0.1166166773397308,8,False
Breakout_100,INTC,2026-01-12,2026-02-24,44.24,44.1,-0.003164629272919939,29,False
Breakout_50_noSMA,INTC,2020-05-21,2020-06-12,56.2501,53.5846,-0.047385095009238376,15,False
Breakout_50_noSMA,INTC,2020-10-09,2020-10-26,48.061,42.9452,-0.10644257661061152,11,False
Breakout_50_noSMA,INTC,2021-01-13,2021-04-21,53.7895,57.1083,0.061699645077981646,67,True
Breakout_50_noSMA,INTC,2021-10-22,2021-10-25,46.4123,45.8965,-0.011113321833085221,1,False
Breakout_50_noSMA,INTC,2023-03-30,2023-04-26,31.0865,28.5,-0.08320251917882537,18,False
Breakout_50_noSMA,INTC,2023-06-14,2023-08-17,33.1934,33.0079,-0.00558796973756559,44,False
Breakout_50_noSMA,INTC,2023-09-08,2023-09-21,37.4929,34.0013,-0.09312706089391809,9,False
Breakout_50_noSMA,INTC,2023-11-16,2024-01-29,40.4582,43.1323,0.06609749985992619,48,True
Breakout_50_noSMA,INTC,2024-11-07,2024-12-04,25.43,22.53,-0.11403852079152488,18,False
Breakout_50_noSMA,INTC,2025-02-19,2025-03-06,25.98,20.26,-0.22016933849653642,11,False
Breakout_50_noSMA,INTC,2025-07-09,2025-07-28,23.29,20.82,-0.10605414871651575,13,False
Breakout_50_noSMA,INTC,2025-08-18,2025-11-18,24.0,34.25,0.42708333333333326,65,True
Breakout_50_noSMA,INTC,2025-12-03,2025-12-15,43.39,38.33,-0.1166166773397308,8,False
Breakout_50_noSMA,INTC,2026-01-12,2026-02-24,44.24,44.1,-0.003164629272919939,29,False
Breakout_50,IR,2020-06-08,2020-06-25,34.6654,27.2151,-0.21492105874177414,13,False
Breakout_50,IR,2020-08-12,2020-10-29,35.879,34.8743,-0.028001145223315316,55,False
Breakout_50,IR,2020-11-04,2021-01-26,38.4851,44.6622,0.16050682232890856,55,True
Breakout_50,IR,2021-02-25,2021-05-04,47.7557,47.8353,0.0016664744529171216,47,True
Breakout_50,IR,2021-08-12,2021-09-30,51.3267,51.2969,-0.0005816151308610795,34,False
Breakout_50,IR,2021-11-03,2022-01-11,55.7233,59.0262,0.05927347662457794,47,True
Breakout_50,IR,2022-08-11,2022-09-19,51.6897,46.558,-0.09927790764193323,26,False
Breakout_50,IR,2022-11-07,2022-12-20,52.9943,50.9205,-0.039132777728642654,30,False
Breakout_50,IR,2023-01-12,2023-03-13,56.7411,54.6468,-0.03690863237060482,40,False
Breakout_50,IR,2023-05-19,2023-06-01,60.4694,56.7695,-0.061186246365257047,8,False
Breakout_50,IR,2023-06-05,2023-09-14,61.3374,66.2743,0.08048649899896865,70,True
Breakout_50,IR,2023-11-27,2024-04-18,71.1531,90.1341,0.2667613673460043,98,True
Breakout_50,IR,2024-05-23,2024-05-30,96.1041,90.7128,-0.05609816648941146,4,False
Breakout_50,IR,2024-07-15,2024-08-02,97.9411,89.355,-0.08766571016436364,14,False
Breakout_50,IR,2024-10-15,2024-11-04,102.3565,93.8684,-0.08292676953940148,14,False
Breakout_50,IR,2024-11-07,2024-12-17,102.7859,98.9403,-0.03741383981941648,27,False
Breakout_50,IR,2026-01-12,2026-03-09,85.2814,84.56,-0.008458686596656273,38,False
Breakout_100,IR,2020-08-12,2020-10-29,35.879,34.8743,-0.028001145223315316,55,False
Breakout_100,IR,2020-11-04,2021-01-26,38.4851,44.6622,0.16050682232890856,55,True
Breakout_100,IR,2021-02-25,2021-05-04,47.7557,47.8353,0.0016664744529171216,47,True
Breakout_100,IR,2021-08-16,2021-09-30,51.9633,51.2969,-0.012825452615441435,32,False
Breakout_100,IR,2021-11-03,2022-01-11,55.7233,59.0262,0.05927347662457794,47,True
Breakout_100,IR,2022-08-12,2022-09-19,51.7196,46.558,-0.0997981294568766,25,False
Breakout_100,IR,2022-11-14,2022-12-20,54.9769,50.9205,-0.07378526398914065,25,False
Breakout_100,IR,2023-01-12,2023-03-13,56.7411,54.6468,-0.03690863237060482,40,False
Breakout_100,IR,2023-06-05,2023-09-14,61.3374,66.2743,0.08048649899896865,70,True
Breakout_100,IR,2023-11-27,2024-04-18,71.1531,90.1341,0.2667613673460043,98,True
Breakout_100,IR,2024-05-23,2024-05-30,96.1041,90.7128,-0.05609816648941146,4,False
Breakout_100,IR,2024-07-15,2024-08-02,97.9411,89.355,-0.08766571016436364,14,False
Breakout_100,IR,2024-10-15,2024-11-04,102.3565,93.8684,-0.08292676953940148,14,False
Breakout_100,IR,2024-11-07,2024-12-17,102.7859,98.9403,-0.03741383981941648,27,False
Breakout_100,IR,2026-01-12,2026-03-09,85.2814,84.56,-0.008458686596656273,38,False
Breakout_50_noSMA,IR,2020-06-08,2020-06-25,34.6654,27.2151,-0.21492105874177414,13,False
Breakout_50_noSMA,IR,2020-08-12,2020-10-29,35.879,34.8743,-0.028001145223315316,55,False
Breakout_50_noSMA,IR,2020-11-04,2021-01-26,38.4851,44.6622,0.16050682232890856,55,True
Breakout_50_noSMA,IR,2021-02-25,2021-05-04,47.7557,47.8353,0.0016664744529171216,47,True
Breakout_50_noSMA,IR,2021-08-12,2021-09-30,51.3267,51.2969,-0.0005816151308610795,34,False
Breakout_50_noSMA,IR,2021-11-03,2022-01-11,55.7233,59.0262,0.05927347662457794,47,True
Breakout_50_noSMA,IR,2022-08-11,2022-09-19,51.6897,46.558,-0.09927790764193323,26,False
Breakout_50_noSMA,IR,2022-11-07,2022-12-20,52.9943,50.9205,-0.039132777728642654,30,False
Breakout_50_noSMA,IR,2023-01-12,2023-03-13,56.7411,54.6468,-0.03690863237060482,40,False
Breakout_50_noSMA,IR,2023-05-19,2023-06-01,60.4694,56.7695,-0.061186246365257047,8,False
Breakout_50_noSMA,IR,2023-06-05,2023-09-14,61.3374,66.2743,0.08048649899896865,70,True
Breakout_50_noSMA,IR,2023-11-27,2024-04-18,71.1531,90.1341,0.2667613673460043,98,True
Breakout_50_noSMA,IR,2024-05-23,2024-05-30,96.1041,90.7128,-0.05609816648941146,4,False
Breakout_50_noSMA,IR,2024-07-15,2024-08-02,97.9411,89.355,-0.08766571016436364,14,False
Breakout_50_noSMA,IR,2024-10-15,2024-11-04,102.3565,93.8684,-0.08292676953940148,14,False
Breakout_50_noSMA,IR,2024-11-07,2024-12-17,102.7859,98.9403,-0.03741383981941648,27,False
Breakout_50_noSMA,IR,2025-07-03,2025-08-04,86.9671,75.6253,-0.1304148220507999,21,False
Breakout_50_noSMA,IR,2026-01-12,2026-03-09,85.2814,84.56,-0.008458686596656273,38,False
Breakout_50,ISRG,2020-05-21,2020-09-18,183.4833,226.3333,0.2335361425804281,83,True
Breakout_50,ISRG,2020-12-23,2021-01-25,272.3367,249.1367,-0.08518866355712418,20,False
Breakout_50,ISRG,2021-04-22,2021-09-22,294.9633,340.0,0.15268570496819667,106,True
Breakout_50,ISRG,2022-10-27,2023-01-12,242.44,258.74,0.06723307881878182,52,True
Breakout_50,ISRG,2023-04-12,2023-07-25,265.0,322.76,0.21796230100235858,71,True
Breakout_50,ISRG,2023-11-21,2024-04-03,311.0,383.77,0.23398710293785174,90,True
Breakout_50,ISRG,2024-06-06,2024-07-19,413.92,449.43,0.08578947162758177,29,True
Breakout_50,ISRG,2024-07-22,2024-10-08,462.33,473.79,0.024787537701418394,55,True
Breakout_50,ISRG,2024-10-21,2024-12-20,519.04,521.45,0.004643253471239506,43,True
Breakout_50,ISRG,2025-01-16,2025-02-28,582.6,566.95,-0.02686227949660769,29,False
Breakout_50,ISRG,2025-10-23,2026-01-14,525.37,533.96,0.016350432905009482,56,True
Breakout_100,ISRG,2020-07-20,2020-09-18,215.1467,226.3333,0.05199551030748406,43,True
Breakout_100,ISRG,2020-12-23,2021-01-25,272.3367,249.1367,-0.08518866355712418,20,False
Breakout_100,ISRG,2021-04-22,2021-09-22,294.9633,340.0,0.15268570496819667,106,True
Breakout_100,ISRG,2022-11-11,2023-01-12,255.74,258.74,0.01173060403837023,41,True
Breakout_100,ISRG,2023-04-20,2023-07-25,298.96,322.76,0.07960937580546812,65,True
Breakout_100,ISRG,2023-12-20,2024-04-03,334.05,383.77,0.148840003106115,70,True
Breakout_100,ISRG,2024-06-06,2024-07-19,413.92,449.43,0.08578947162758177,29,True
Breakout_100,ISRG,2024-07-22,2024-10-08,462.33,473.79,0.024787537701418394,55,True
Breakout_100,ISRG,2024-10-21,2024-12-20,519.04,521.45,0.004643253471239506,43,True
Breakout_100,ISRG,2025-01-16,2025-02-28,582.6,566.95,-0.02686227949660769,29,False
Breakout_100,ISRG,2025-11-10,2026-01-14,560.0,533.96,-0.0464999607631138,44,False
Breakout_50_noSMA,ISRG,2020-05-21,2020-09-18,183.4833,226.3333,0.2335361425804281,83,True
Breakout_50_noSMA,ISRG,2020-12-23,2021-01-25,272.3367,249.1367,-0.08518866355712418,20,False
Breakout_50_noSMA,ISRG,2021-04-22,2021-09-22,294.9633,340.0,0.15268570496819667,106,True
Breakout_50_noSMA,ISRG,2022-07-29,2022-08-29,228.65,209.27,-0.08475832119548299,21,False
Breakout_50_noSMA,ISRG,2022-10-27,2023-01-12,242.44,258.74,0.06723307881878182,52,True
Breakout_50_noSMA,ISRG,2023-04-12,2023-07-25,265.0,322.76,0.21796230100235858,71,True
Breakout_50_noSMA,ISRG,2023-11-21,2024-04-03,311.0,383.77,0.23398710293785174,90,True
Breakout_50_noSMA,ISRG,2024-06-06,2024-07-19,413.92,449.43,0.08578947162758177,29,True
Breakout_50_noSMA,ISRG,2024-07-22,2024-10-08,462.33,473.79,0.024787537701418394,55,True
Breakout_50_noSMA,ISRG,2024-10-21,2024-12-20,519.04,521.45,0.004643253471239506,43,True
Breakout_50_noSMA,ISRG,2025-01-16,2025-02-28,582.6,566.95,-0.02686227949660769,29,False
Breakout_50_noSMA,ISRG,2025-10-23,2026-01-14,525.37,533.96,0.016350432905009482,56,True
Breakout_50,ITW,2020-05-27,2020-09-22,152.6233,167.794,0.09939985225978565,82,True
Breakout_50,ITW,2020-10-12,2020-10-29,181.6437,170.2206,-0.06288775722656048,13,False
Breakout_50,ITW,2020-11-04,2020-12-04,181.6702,179.8924,-0.009785573417085858,21,False
Breakout_50,ITW,2021-03-09,2021-06-17,189.0378,202.9094,0.07337979489476876,70,True
Breakout_50,ITW,2021-11-05,2022-01-21,210.9684,215.4402,0.021196996036779936,52,True
Breakout_50,ITW,2022-08-15,2022-09-01,195.3235,177.4928,-0.09128806839636039,13,False
Breakout_50,ITW,2022-11-11,2023-01-06,206.5943,205.6515,-0.0045635947170891145,37,False
Breakout_50,ITW,2023-01-12,2023-01-20,214.3724,205.6052,-0.04089746178398346,5,False
Breakout_50,ITW,2023-02-01,2023-03-13,218.719,211.3604,-0.033644024281585416,27,False
Breakout_50,ITW,2023-05-02,2023-05-04,220.8448,216.7353,-0.018608247829262514,2,False
Breakout_50,ITW,2023-06-20,2023-08-11,229.6324,225.7739,-0.0168029595238518,37,False
Breakout_50,ITW,2023-11-22,2024-02-08,228.4711,240.4073,0.05224351434330243,52,True
Breakout_50,ITW,2024-03-22,2024-04-11,256.629,246.6731,-0.038794856584635995,13,False
Breakout_50,ITW,2024-07-17,2024-07-25,242.6939,229.1928,-0.055630047575936925,6,False
Breakout_50,ITW,2024-09-27,2024-12-19,252.0076,252.8985,0.003535346107071291,58,True
Breakout_50,ITW,2025-03-10,2025-03-12,264.875,246.9898,-0.06752318662570178,2,False
Breakout_50,ITW,2025-07-02,2025-09-23,250.1515,256.5885,0.025732644011047245,57,True
Breakout_50,ITW,2026-01-15,2026-03-12,258.2965,267.8163,0.036856035588540115,38,True
Breakout_100,ITW,2020-07-24,2020-09-22,161.302,167.794,0.0402474133865125,41,True
Breakout_100,ITW,2020-10-12,2020-10-29,181.6437,170.2206,-0.06288775722656048,13,False
Breakout_100,ITW,2020-11-04,2020-12-04,181.6702,179.8924,-0.009785573417085858,21,False
Breakout_100,ITW,2021-03-29,2021-06-17,200.5794,202.9094,0.011616496882219218,56,True
Breakout_100,ITW,2021-11-15,2022-01-21,214.907,215.4402,0.002481291331247748,46,True
Breakout_100,ITW,2022-11-11,2023-01-06,206.5943,205.6515,-0.0045635947170891145,37,False
Breakout_100,ITW,2023-01-12,2023-01-20,214.3724,205.6052,-0.04089746178398346,5,False
Breakout_100,ITW,2023-02-01,2023-03-13,218.719,211.3604,-0.033644024281585416,27,False
Breakout_100,ITW,2023-07-03,2023-08-11,232.9874,225.7739,-0.030961079018435034,28,False
Breakout_100,ITW,2023-12-26,2024-02-08,246.9252,240.4073,-0.026396584976635884,30,False
Breakout_100,ITW,2024-03-22,2024-04-11,256.629,246.6731,-0.038794856584635995,13,False
Breakout_100,ITW,2024-09-27,2024-12-19,252.0076,252.8985,0.003535346107071291,58,True
Breakout_100,ITW,2025-08-14,2025-09-23,258.3254,256.5885,-0.0067234705747672985,27,False
Breakout_100,ITW,2026-02-04,2026-03-12,279.9297,267.8163,-0.04327303750300693,25,False
Breakout_50_noSMA,ITW,2020-05-27,2020-09-22,152.6233,167.794,0.09939985225978565,82,True
Breakout_50_noSMA,ITW,2020-10-12,2020-10-29,181.6437,170.2206,-0.06288775722656048,13,False
Breakout_50_noSMA,ITW,2020-11-04,2020-12-04,181.6702,179.8924,-0.009785573417085858,21,False
Breakout_50_noSMA,ITW,2021-03-09,2021-06-17,189.0378,202.9094,0.07337979489476876,70,True
Breakout_50_noSMA,ITW,2021-11-05,2022-01-21,210.9684,215.4402,0.021196996036779936,52,True
Breakout_50_noSMA,ITW,2022-08-15,2022-09-01,195.3235,177.4928,-0.09128806839636039,13,False
Breakout_50_noSMA,ITW,2022-11-11,2023-01-06,206.5943,205.6515,-0.0045635947170891145,37,False
Breakout_50_noSMA,ITW,2023-01-12,2023-01-20,214.3724,205.6052,-0.04089746178398346,5,False
Breakout_50_noSMA,ITW,2023-02-01,2023-03-13,218.719,211.3604,-0.033644024281585416,27,False
Breakout_50_noSMA,ITW,2023-05-02,2023-05-04,220.8448,216.7353,-0.018608247829262514,2,False
Breakout_50_noSMA,ITW,2023-06-20,2023-08-11,229.6324,225.7739,-0.0168029595238518,37,False
Breakout_50_noSMA,ITW,2023-11-22,2024-02-08,228.4711,240.4073,0.05224351434330243,52,True
Breakout_50_noSMA,ITW,2024-03-22,2024-04-11,256.629,246.6731,-0.038794856584635995,13,False
Breakout_50_noSMA,ITW,2024-07-17,2024-07-25,242.6939,229.1928,-0.055630047575936925,6,False
Breakout_50_noSMA,ITW,2024-09-27,2024-12-19,252.0076,252.8985,0.003535346107071291,58,True
Breakout_50_noSMA,ITW,2025-03-10,2025-03-12,264.875,246.9898,-0.06752318662570178,2,False
Breakout_50_noSMA,ITW,2025-07-02,2025-09-23,250.1515,256.5885,0.025732644011047245,57,True
Breakout_50_noSMA,ITW,2026-01-15,2026-03-12,258.2965,267.8163,0.036856035588540115,38,True
Breakout_50,IWM,2020-06-08,2020-09-09,141.5485,141.1696,-0.002677178097757804,65,False
Breakout_50,IWM,2020-10-09,2020-10-29,152.8623,142.9616,-0.06476861304485926,14,False
Breakout_50,IWM,2020-11-06,2021-03-24,154.9866,206.3862,0.33163903514188897,93,True
Breakout_50,IWM,2021-06-09,2021-06-21,219.6401,211.0315,-0.03919417968795391,8,False
Breakout_50,IWM,2021-10-26,2021-11-29,217.3204,213.7209,-0.016563025130453823,23,False
Breakout_50,IWM,2022-08-15,2022-09-02,189.2542,174.7841,-0.07645859170790958,14,False
Breakout_50,IWM,2023-02-01,2023-03-10,183.7952,173.4129,-0.05648832590786457,26,False
Breakout_50,IWM,2023-06-05,2023-08-16,174.8922,181.8881,0.040001394899976894,50,True
Breakout_50,IWM,2023-12-04,2024-02-06,179.0867,187.0314,0.044362182922975446,43,True
Breakout_50,IWM,2024-04-01,2024-04-11,206.1591,197.5516,-0.041751769788163307,8,False
Breakout_50,IWM,2024-07-12,2024-08-06,208.8435,199.1232,-0.04654342350297169,17,False
Breakout_50,IWM,2024-10-17,2024-11-01,223.3251,216.0321,-0.032656249283742556,11,False
Breakout_50,IWM,2024-11-07,2024-12-19,233.1474,220.3753,-0.05478137702839447,29,False
Breakout_50,IWM,2025-06-27,2025-08-04,214.3376,214.8336,0.0023143226669468664,25,True
Breakout_50,IWM,2025-08-13,2025-11-05,226.4508,240.7231,0.06302606580063541,59,True
Breakout_50,IWM,2025-12-11,2026-03-04,253.3383,260.7362,0.029201588337004925,55,True
Breakout_100,IWM,2020-08-06,2020-09-09,143.379,141.1696,-0.015409246281467004,23,False
Breakout_100,IWM,2020-10-09,2020-10-29,152.8623,142.9616,-0.06476861304485926,14,False
Breakout_100,IWM,2020-11-06,2021-03-24,154.9866,206.3862,0.33163903514188897,93,True
Breakout_100,IWM,2021-11-02,2021-11-29,221.4301,213.7209,-0.03481543894058292,18,False
Breakout_100,IWM,2023-02-01,2023-03-10,183.7952,173.4129,-0.05648832590786457,26,False
Breakout_100,IWM,2023-07-19,2023-08-16,190.3154,181.8881,-0.04428036827909643,20,False
Breakout_100,IWM,2023-12-15,2024-02-06,193.3958,187.0314,-0.03290851725850297,34,False
Breakout_100,IWM,2024-04-01,2024-04-11,206.1591,197.5516,-0.041751769788163307,8,False
Breakout_100,IWM,2024-07-15,2024-08-06,210.6777,199.1232,-0.05484441196059975,16,False
Breakout_100,IWM,2024-11-07,2024-12-19,233.1474,220.3753,-0.05478137702839447,29,False
Breakout_100,IWM,2025-07-24,2025-08-04,223.7325,214.8336,-0.03977476432659466,7,False
Breakout_100,IWM,2025-08-13,2025-11-05,226.4508,240.7231,0.06302606580063541,59,True
Breakout_100,IWM,2025-12-11,2026-03-04,253.3383,260.7362,0.029201588337004925,55,True
Breakout_50_noSMA,IWM,2020-05-27,2020-09-09,131.5328,141.1696,0.07326507430312224,73,True
Breakout_50_noSMA,IWM,2020-10-09,2020-10-29,152.8623,142.9616,-0.06476861304485926,14,False
Breakout_50_noSMA,IWM,2020-11-06,2021-03-24,154.9866,206.3862,0.33163903514188897,93,True
Breakout_50_noSMA,IWM,2021-06-09,2021-06-21,219.6401,211.0315,-0.03919417968795391,8,False
Breakout_50_noSMA,IWM,2021-10-26,2021-11-29,217.3204,213.7209,-0.016563025130453823,23,False
Breakout_50_noSMA,IWM,2022-08-08,2022-09-02,182.9235,174.7841,-0.04449622574186618,19,False
Breakout_50_noSMA,IWM,2023-02-01,2023-03-10,183.7952,173.4129,-0.05648832590786457,26,False
Breakout_50_noSMA,IWM,2023-06-05,2023-08-16,174.8922,181.8881,0.040001394899976894,50,True
Breakout_50_noSMA,IWM,2023-12-04,2024-02-06,179.0867,187.0314,0.044362182922975446,43,True
Breakout_50_noSMA,IWM,2024-04-01,2024-04-11,206.1591,197.5516,-0.041751769788163307,8,False
Breakout_50_noSMA,IWM,2024-07-12,2024-08-06,208.8435,199.1232,-0.04654342350297169,17,False
Breakout_50_noSMA,IWM,2024-10-17,2024-11-01,223.3251,216.0321,-0.032656249283742556,11,False
Breakout_50_noSMA,IWM,2024-11-07,2024-12-19,233.1474,220.3753,-0.05478137702839447,29,False
Breakout_50_noSMA,IWM,2025-05-19,2025-08-04,204.5952,214.8336,0.050042364779256054,52,True
Breakout_50_noSMA,IWM,2025-08-13,2025-11-05,226.4508,240.7231,0.06302606580063541,59,True
Breakout_50_noSMA,IWM,2025-12-11,2026-03-04,253.3383,260.7362,0.029201588337004925,55,True
Breakout_50,JNJ,2020-04-24,2020-06-12,131.5372,121.611,-0.07546322745708489,34,False
Breakout_50,JNJ,2020-08-24,2020-09-11,130.9051,126.0286,-0.037252747913830486,13,False
Breakout_50,JNJ,2020-12-10,2021-03-01,131.8838,140.2004,0.0630597567963973,53,True
Breakout_50,JNJ,2021-05-10,2021-06-08,147.5382,144.4217,-0.021123052992334523,20,False
Breakout_50,JNJ,2021-07-26,2021-09-10,150.1364,148.1542,-0.013202349703850591,33,False
Breakout_50,JNJ,2021-12-14,2022-01-21,148.93,147.0366,-0.012713156790304048,26,False
Breakout_50,JNJ,2022-03-16,2022-05-09,156.2348,156.2258,-5.723784632682971e-05,37,False
Breakout_50,JNJ,2022-10-25,2023-01-11,153.5227,159.4168,0.03839254359877531,53,True
Breakout_50,JNJ,2023-06-23,2023-07-10,153.0582,146.903,-0.04021454909994726,10,False
Breakout_50,JNJ,2023-07-21,2023-08-23,154.9655,152.8646,-0.013556857889091556,23,False
Breakout_50,JNJ,2024-03-13,2024-03-18,153.2093,149.4764,-0.02436480349402914,3,False
Breakout_50,JNJ,2024-07-18,2024-09-26,147.8623,153.4274,0.037636564480291845,49,True
Breakout_50,JNJ,2025-02-14,2025-04-02,151.8112,149.8353,-0.013015490571593458,32,False
Breakout_50,JNJ,2025-07-17,2026-04-08,160.1177,236.64,0.47791246218355776,182,True
Breakout_100,JNJ,2020-04-24,2020-06-12,131.5372,121.611,-0.07546322745708489,34,False
Breakout_100,JNJ,2020-12-21,2021-03-01,131.1848,140.2004,0.06872416904930811,46,True
Breakout_100,JNJ,2021-07-26,2021-09-10,150.1364,148.1542,-0.013202349703850591,33,False
Breakout_100,JNJ,2022-03-16,2022-05-09,156.2348,156.2258,-5.723784632682971e-05,37,False
Breakout_100,JNJ,2022-12-02,2023-01-11,161.1692,159.4168,-0.010873327251805787,26,False
Breakout_100,JNJ,2023-07-21,2023-08-23,154.9655,152.8646,-0.013556857889091556,23,False
Breakout_100,JNJ,2024-03-13,2024-03-18,153.2093,149.4764,-0.02436480349402914,3,False
Breakout_100,JNJ,2024-08-05,2024-09-26,155.6451,153.4274,-0.014248430475877538,37,False
Breakout_100,JNJ,2025-02-26,2025-04-02,160.6052,149.8353,-0.0670584648535707,25,False
Breakout_100,JNJ,2025-07-24,2026-04-08,166.3191,236.64,0.422806824473249,177,True
Breakout_50_noSMA,JNJ,2020-04-24,2020-06-12,131.5372,121.611,-0.07546322745708489,34,False
Breakout_50_noSMA,JNJ,2020-08-24,2020-09-11,130.9051,126.0286,-0.037252747913830486,13,False
Breakout_50_noSMA,JNJ,2020-12-10,2021-03-01,131.8838,140.2004,0.0630597567963973,53,True
Breakout_50_noSMA,JNJ,2021-05-10,2021-06-08,147.5382,144.4217,-0.021123052992334523,20,False
Breakout_50_noSMA,JNJ,2021-07-26,2021-09-10,150.1364,148.1542,-0.013202349703850591,33,False
Breakout_50_noSMA,JNJ,2021-12-14,2022-01-21,148.93,147.0366,-0.012713156790304048,26,False
Breakout_50_noSMA,JNJ,2022-03-16,2022-05-09,156.2348,156.2258,-5.723784632682971e-05,37,False
Breakout_50_noSMA,JNJ,2022-10-25,2023-01-11,153.5227,159.4168,0.03839254359877531,53,True
Breakout_50_noSMA,JNJ,2023-06-23,2023-07-10,153.0582,146.903,-0.04021454909994726,10,False
Breakout_50_noSMA,JNJ,2023-07-21,2023-08-23,154.9655,152.8646,-0.013556857889091556,23,False
Breakout_50_noSMA,JNJ,2024-03-13,2024-03-18,153.2093,149.4764,-0.02436480349402914,3,False
Breakout_50_noSMA,JNJ,2024-07-18,2024-09-26,147.8623,153.4274,0.037636564480291845,49,True
Breakout_50_noSMA,JNJ,2025-02-14,2025-04-02,151.8112,149.8353,-0.013015490571593458,32,False
Breakout_50_noSMA,JNJ,2025-07-17,2026-04-08,160.1177,236.64,0.47791246218355776,182,True
Breakout_50,JPM,2020-11-10,2021-04-21,102.0802,130.2478,0.27593580257755934,110,True
Breakout_50,JPM,2021-05-10,2021-06-15,142.3304,138.1002,-0.02972125119230995,25,False
Breakout_50,JPM,2021-09-28,2021-11-18,148.6462,146.5903,-0.013830579168806811,37,False
Breakout_50,JPM,2022-10-27,2023-03-08,115.1675,127.8795,0.11037808972924612,89,True
Breakout_50,JPM,2023-07-03,2023-08-23,136.532,137.6201,0.007969699407204267,36,True
Breakout_50,JPM,2023-11-21,2024-04-15,145.1245,176.8781,0.21880239916721522,98,True
Breakout_50,JPM,2024-05-15,2024-06-12,193.6648,187.9031,-0.029751031587413213,19,False
Breakout_50,JPM,2024-07-03,2024-08-05,200.8933,187.0645,-0.06883677764455087,22,False
Breakout_50,JPM,2024-08-26,2024-09-11,211.1259,197.8613,-0.06282815573396217,11,False
Breakout_50,JPM,2024-11-07,2024-12-19,237.1427,225.2807,-0.05002046116850056,29,False
Breakout_50,JPM,2025-01-17,2025-03-05,247.7657,244.9481,-0.011371683697360524,31,False
Breakout_50,JPM,2025-05-15,2025-10-17,261.877,296.3003,0.1314482505318071,107,True
Breakout_50,JPM,2025-11-11,2025-11-17,314.4649,301.094,-0.042519677114308485,4,False
Breakout_50,JPM,2025-12-23,2026-01-14,320.5165,306.6308,-0.043322996951521864,14,False
Breakout_100,JPM,2020-11-10,2021-04-21,102.0802,130.2478,0.27593580257755934,110,True
Breakout_100,JPM,2021-05-10,2021-06-15,142.3304,138.1002,-0.02972125119230995,25,False
Breakout_100,JPM,2021-09-28,2021-11-18,148.6462,146.5903,-0.013830579168806811,37,False
Breakout_100,JPM,2022-11-02,2023-03-08,117.4212,127.8795,0.08906650388681236,85,True
Breakout_100,JPM,2023-07-03,2023-08-23,136.532,137.6201,0.007969699407204267,36,True
Breakout_100,JPM,2023-12-13,2024-04-15,152.0587,176.8781,0.1632229886758061,83,True
Breakout_100,JPM,2024-05-15,2024-06-12,193.6648,187.9031,-0.029751031587413213,19,False
Breakout_100,JPM,2024-07-03,2024-08-05,200.8933,187.0645,-0.06883677764455087,22,False
Breakout_100,JPM,2024-08-26,2024-09-11,211.1259,197.8613,-0.06282815573396217,11,False
Breakout_100,JPM,2024-11-07,2024-12-19,237.1427,225.2807,-0.05002046116850056,29,False
Breakout_100,JPM,2025-01-17,2025-03-05,247.7657,244.9481,-0.011371683697360524,31,False
Breakout_100,JPM,2025-06-25,2025-10-17,276.1298,296.3003,0.07304701062001429,80,True
Breakout_100,JPM,2025-11-11,2025-11-17,314.4649,301.094,-0.042519677114308485,4,False
Breakout_100,JPM,2025-12-23,2026-01-14,320.5165,306.6308,-0.043322996951521864,14,False
Breakout_50_noSMA,JPM,2020-06-05,2020-06-25,98.1,80.5337,-0.17906553317121432,14,False
Breakout_50_noSMA,JPM,2020-11-10,2021-04-21,102.0802,130.2478,0.27593580257755934,110,True
Breakout_50_noSMA,JPM,2021-05-10,2021-06-15,142.3304,138.1002,-0.02972125119230995,25,False
Breakout_50_noSMA,JPM,2021-09-28,2021-11-18,148.6462,146.5903,-0.013830579168806811,37,False
Breakout_50_noSMA,JPM,2022-10-27,2023-03-08,115.1675,127.8795,0.11037808972924612,89,True
Breakout_50_noSMA,JPM,2023-07-03,2023-08-23,136.532,137.6201,0.007969699407204267,36,True
Breakout_50_noSMA,JPM,2023-11-21,2024-04-15,145.1245,176.8781,0.21880239916721522,98,True
Breakout_50_noSMA,JPM,2024-05-15,2024-06-12,193.6648,187.9031,-0.029751031587413213,19,False
Breakout_50_noSMA,JPM,2024-07-03,2024-08-05,200.8933,187.0645,-0.06883677764455087,22,False
Breakout_50_noSMA,JPM,2024-08-26,2024-09-11,211.1259,197.8613,-0.06282815573396217,11,False
Breakout_50_noSMA,JPM,2024-11-07,2024-12-19,237.1427,225.2807,-0.05002046116850056,29,False
Breakout_50_noSMA,JPM,2025-01-17,2025-03-05,247.7657,244.9481,-0.011371683697360524,31,False
Breakout_50_noSMA,JPM,2025-05-15,2025-10-17,261.877,296.3003,0.1314482505318071,107,True
Breakout_50_noSMA,JPM,2025-11-11,2025-11-17,314.4649,301.094,-0.042519677114308485,4,False
Breakout_50_noSMA,JPM,2025-12-23,2026-01-14,320.5165,306.6308,-0.043322996951521864,14,False
Breakout_50,K,2020-08-31,2020-09-24,41.8826,40.8736,-0.024091215970927893,17,False
Breakout_50,K,2020-11-10,2021-01-07,44.5702,42.8005,-0.039704192733467814,39,False
Breakout_50,K,2021-03-29,2021-06-21,45.4314,47.0671,0.03600542322352118,58,True
Breakout_50,K,2021-07-15,2021-08-27,48.8206,48.3172,-0.010313004216073507,31,False
Breakout_50,K,2021-11-08,2021-11-29,49.6352,47.2737,-0.04757714483286035,14,False
Breakout_50,K,2021-12-14,2022-03-09,50.593,52.726,0.04216019870469423,58,True
Breakout_50,K,2022-04-04,2022-05-19,55.5987,54.1421,-0.026197978131343835,32,False
Breakout_50,K,2022-11-23,2023-01-12,56.3095,56.3641,0.0009680652711416826,33,True
Breakout_50,K,2023-04-04,2023-05-23,57.0524,56.2477,-0.014104618265444069,34,False
Breakout_50,K,2023-12-12,2024-02-14,55.4182,55.3901,-0.000507003579804266,43,False
Breakout_50,K,2024-02-22,2024-03-04,57.0939,55.4463,-0.02885734867438683,7,False
Breakout_50,K,2024-04-25,2024-10-08,58.3809,66.1021,0.13225630399470956,114,True
Breakout_50,K,2025-02-12,2025-04-08,64.5101,67.0173,0.03886477498497887,38,True
Breakout_50,K,2025-10-22,2025-12-12,70.3784,68.638,-0.024727842539745803,36,False
Breakout_50,K,2026-01-28,2026-03-20,72.71,75.57,0.0393337255057431,36,True
Breakout_100,K,2020-08-31,2020-09-24,41.8826,40.8736,-0.024091215970927893,17,False
Breakout_100,K,2020-11-10,2021-01-07,44.5702,42.8005,-0.039704192733467814,39,False
Breakout_100,K,2021-04-22,2021-06-21,46.9305,47.0671,0.0029109569512684175,41,True
Breakout_100,K,2021-07-15,2021-08-27,48.8206,48.3172,-0.010313004216073507,31,False
Breakout_100,K,2021-12-14,2022-03-09,50.593,52.726,0.04216019870469423,58,True
Breakout_100,K,2022-04-04,2022-05-19,55.5987,54.1421,-0.026197978131343835,32,False
Breakout_100,K,2024-02-02,2024-02-14,56.9347,55.3901,-0.02712924374405734,8,False
Breakout_100,K,2024-02-22,2024-03-04,57.0939,55.4463,-0.02885734867438683,7,False
Breakout_100,K,2024-04-25,2024-10-08,58.3809,66.1021,0.13225630399470956,114,True
Breakout_100,K,2025-03-04,2025-04-08,69.5266,67.0173,-0.03609143113505209,25,False
Breakout_100,K,2025-11-24,2025-12-12,72.1536,68.638,-0.04872314229427199,13,False
Breakout_100,K,2026-01-28,2026-03-20,72.71,75.57,0.0393337255057431,36,True
Breakout_50_noSMA,K,2020-06-09,2020-06-12,41.3306,38.8634,-0.05969330163782238,3,False
Breakout_50_noSMA,K,2020-08-31,2020-09-24,41.8826,40.8736,-0.024091215970927893,17,False
Breakout_50_noSMA,K,2020-11-10,2021-01-07,44.5702,42.8005,-0.039704192733467814,39,False
Breakout_50_noSMA,K,2021-03-29,2021-06-21,45.4314,47.0671,0.03600542322352118,58,True
Breakout_50_noSMA,K,2021-07-15,2021-08-27,48.8206,48.3172,-0.010313004216073507,31,False
Breakout_50_noSMA,K,2021-11-08,2021-11-29,49.6352,47.2737,-0.04757714483286035,14,False
Breakout_50_noSMA,K,2021-12-14,2022-03-09,50.593,52.726,0.04216019870469423,58,True
Breakout_50_noSMA,K,2022-04-04,2022-05-19,55.5987,54.1421,-0.026197978131343835,32,False
Breakout_50_noSMA,K,2022-11-23,2023-01-12,56.3095,56.3641,0.0009680652711416826,33,True
Breakout_50_noSMA,K,2023-04-04,2023-05-23,57.0524,56.2477,-0.014104618265444069,34,False
Breakout_50_noSMA,K,2023-12-01,2024-02-14,54.5476,55.3901,0.015445164652552412,50,True
Breakout_50_noSMA,K,2024-02-22,2024-03-04,57.0939,55.4463,-0.02885734867438683,7,False
Breakout_50_noSMA,K,2024-04-25,2024-10-08,58.3809,66.1021,0.13225630399470956,114,True
Breakout_50_noSMA,K,2025-02-12,2025-04-08,64.5101,67.0173,0.03886477498497887,38,True
Breakout_50_noSMA,K,2025-10-22,2025-12-12,70.3784,68.638,-0.024727842539745803,36,False
Breakout_50_noSMA,K,2026-01-28,2026-03-20,72.71,75.57,0.0393337255057431,36,True
Breakout_50,KEYS,2020-05-11,2020-06-15,99.76,94.07,-0.05703691178390402,24,False
Breakout_50,KEYS,2020-10-20,2021-02-23,107.0,135.87,0.2698130384783879,85,True
Breakout_50,KEYS,2021-06-25,2021-09-29,153.04,168.57,0.10147683428768906,66,True
Breakout_50,KEYS,2021-11-03,2022-01-06,184.11,192.2,0.04394110211868507,44,True
Breakout_50,KEYS,2022-08-04,2022-09-22,166.24,161.22,-0.030197329803789974,34,False
Breakout_50,KEYS,2022-12-01,2022-12-23,180.85,169.32,-0.0637544837720232,16,False
Breakout_50,KEYS,2023-07-03,2023-07-31,166.22,161.47,-0.028576585038602276,19,False
Breakout_50,KEYS,2023-12-12,2024-02-14,147.15,155.0,0.053346968597483446,43,True
Breakout_50,KEYS,2024-08-22,2024-10-31,157.83,151.0,-0.043274420273819,49,False
Breakout_50,KEYS,2024-11-08,2024-11-15,164.3,151.92,-0.07534999788717323,5,False
Breakout_50,KEYS,2024-11-22,2024-12-19,169.6,161.29,-0.0489977153203095,18,False
Breakout_50,KEYS,2025-02-03,2025-02-27,173.78,161.87,-0.06853495077552196,17,False
Breakout_50,KEYS,2025-05-14,2025-07-17,164.54,160.29,-0.02582958656506873,43,False
Breakout_50,KEYS,2025-08-14,2025-08-18,168.25,163.62,-0.02751860257243688,2,False
Breakout_50,KEYS,2025-09-12,2025-10-13,171.98,162.67,-0.05413418880032539,21,False
Breakout_50,KEYS,2025-11-03,2025-11-21,182.16,170.05,-0.06648001958110705,14,False
Breakout_100,KEYS,2020-06-01,2020-06-15,107.93,94.07,-0.12841657158493403,10,False
Breakout_100,KEYS,2020-11-06,2021-02-23,110.74,135.87,0.22692791889279662,72,True
Breakout_100,KEYS,2021-06-30,2021-09-29,155.0,168.57,0.08754843434979831,63,True
Breakout_100,KEYS,2021-11-03,2022-01-06,184.11,192.2,0.04394110211868507,44,True
Breakout_100,KEYS,2022-08-05,2022-09-22,165.93,161.22,-0.028385413505569224,33,False
Breakout_100,KEYS,2022-12-01,2022-12-23,180.85,169.32,-0.0637544837720232,16,False
Breakout_100,KEYS,2023-07-20,2023-07-31,171.2,161.47,-0.056834088206676014,7,False
Breakout_100,KEYS,2024-02-09,2024-02-14,161.67,155.0,-0.04125687044280879,3,False
Breakout_100,KEYS,2024-11-08,2024-11-15,164.3,151.92,-0.07534999788717323,5,False
Breakout_100,KEYS,2024-11-22,2024-12-19,169.6,161.29,-0.0489977153203095,18,False
Breakout_100,KEYS,2025-02-03,2025-02-27,173.78,161.87,-0.06853495077552196,17,False
Breakout_100,KEYS,2025-09-19,2025-10-13,178.01,162.67,-0.08617491607922911,16,False
Breakout_100,KEYS,2025-11-03,2025-11-21,182.16,170.05,-0.06648001958110705,14,False
Breakout_50_noSMA,KEYS,2020-05-11,2020-06-15,99.76,94.07,-0.05703691178390402,24,False
Breakout_50_noSMA,KEYS,2020-10-20,2021-02-23,107.0,135.87,0.2698130384783879,85,True
Breakout_50_noSMA,KEYS,2021-06-25,2021-09-29,153.04,168.57,0.10147683428768906,66,True
Breakout_50_noSMA,KEYS,2021-11-03,2022-01-06,184.11,192.2,0.04394110211868507,44,True
Breakout_50_noSMA,KEYS,2022-07-22,2022-09-22,153.17,161.22,0.052556004099959086,43,True
Breakout_50_noSMA,KEYS,2022-12-01,2022-12-23,180.85,169.32,-0.0637544837720232,16,False
Breakout_50_noSMA,KEYS,2023-06-14,2023-07-31,164.62,161.47,-0.01913494101516644,31,False
Breakout_50_noSMA,KEYS,2023-11-21,2024-02-14,137.53,155.0,0.12702684051308943,57,True
Breakout_50_noSMA,KEYS,2024-08-22,2024-10-31,157.83,151.0,-0.043274420273819,49,False
Breakout_50_noSMA,KEYS,2024-11-08,2024-11-15,164.3,151.92,-0.07534999788717323,5,False
Breakout_50_noSMA,KEYS,2024-11-22,2024-12-19,169.6,161.29,-0.0489977153203095,18,False
Breakout_50_noSMA,KEYS,2025-02-03,2025-02-27,173.78,161.87,-0.06853495077552196,17,False
Breakout_50_noSMA,KEYS,2025-05-14,2025-07-17,164.54,160.29,-0.02582958656506873,43,False
Breakout_50_noSMA,KEYS,2025-08-14,2025-08-18,168.25,163.62,-0.02751860257243688,2,False
Breakout_50_noSMA,KEYS,2025-09-12,2025-10-13,171.98,162.67,-0.05413418880032539,21,False
Breakout_50_noSMA,KEYS,2025-11-03,2025-11-21,182.16,170.05,-0.06648001958110705,14,False
Breakout_50,KLAC,2020-04-30,2020-07-27,162.4875,180.4682,0.11065908774965205,60,True
Breakout_50,KLAC,2020-08-14,2020-09-04,198.0339,188.381,-0.04874336250223299,15,False
Breakout_50,KLAC,2020-10-14,2020-10-29,207.4699,179.4823,-0.13489932313332387,11,False
Breakout_50,KLAC,2020-11-06,2021-03-05,215.7559,277.7324,0.28725299189329423,80,True
Breakout_50,KLAC,2021-04-05,2021-05-03,331.2121,301.3884,-0.09004430043659395,20,False
Breakout_50,KLAC,2021-08-02,2021-08-19,331.3726,300.5723,-0.09294781921130468,13,False
Breakout_50,KLAC,2021-09-16,2021-09-30,348.5145,323.0014,-0.07320542144067876,10,False
Breakout_50,KLAC,2021-11-04,2021-12-21,376.2812,385.9232,0.025624568772866896,32,True
Breakout_50,KLAC,2021-12-28,2022-01-19,422.6727,399.9184,-0.05383425388558749,15,False
Breakout_50,KLAC,2022-08-01,2022-08-31,367.1087,338.0959,-0.07903048169909477,22,False
Breakout_50,KLAC,2022-11-11,2023-01-31,358.0914,376.2517,0.05071410132122578,53,True
Breakout_50,KLAC,2023-05-16,2023-07-21,393.9397,446.0277,0.13222316521626576,45,True
Breakout_50,KLAC,2023-07-31,2023-08-17,499.8044,465.9468,-0.06774184176554365,13,False
Breakout_50,KLAC,2023-11-13,2024-04-18,518.7735,645.0964,0.24350295746617734,107,True
Breakout_50,KLAC,2024-05-15,2024-07-18,727.3838,782.425,0.07567003764912728,43,True
Breakout_50,KLAC,2025-01-17,2025-02-28,755.5024,700.5286,-0.07276447959163601,28,False
Breakout_50,KLAC,2025-05-13,2025-08-18,754.2811,870.4466,0.15400816147275598,66,True
Breakout_50,KLAC,2025-09-12,2025-11-21,954.6358,1095.5764,0.14763818321160516,50,True
Breakout_50,KLAC,2026-01-06,2026-02-05,1367.5331,1291.2122,-0.05580916449154982,21,False
Breakout_100,KLAC,2020-06-04,2020-07-27,173.4661,180.4682,0.040365960471561824,36,True
Breakout_100,KLAC,2020-08-14,2020-09-04,198.0339,188.381,-0.04874336250223299,15,False
Breakout_100,KLAC,2020-10-14,2020-10-29,207.4699,179.4823,-0.13489932313332387,11,False
Breakout_100,KLAC,2020-11-06,2021-03-05,215.7559,277.7324,0.28725299189329423,80,True
Breakout_100,KLAC,2021-04-05,2021-05-03,331.2121,301.3884,-0.09004430043659395,20,False
Breakout_100,KLAC,2021-09-16,2021-09-30,348.5145,323.0014,-0.07320542144067876,10,False
Breakout_100,KLAC,2021-11-04,2021-12-21,376.2812,385.9232,0.025624568772866896,32,True
Breakout_100,KLAC,2021-12-28,2022-01-19,422.6727,399.9184,-0.05383425388558749,15,False
Breakout_100,KLAC,2022-08-04,2022-08-31,383.2977,338.0959,-0.11792871268844485,19,False
Breakout_100,KLAC,2022-12-13,2023-01-31,403.0845,376.2517,-0.0665688738801512,32,False
Breakout_100,KLAC,2023-05-19,2023-07-21,418.7733,446.0277,0.06508150489178921,42,True
Breakout_100,KLAC,2023-07-31,2023-08-17,499.8044,465.9468,-0.06774184176554365,13,False
Breakout_100,KLAC,2023-11-13,2024-04-18,518.7735,645.0964,0.24350295746617734,107,True
Breakout_100,KLAC,2024-05-15,2024-07-18,727.3838,782.425,0.07567003764912728,43,True
Breakout_100,KLAC,2025-05-14,2025-08-18,780.8298,870.4466,0.11477124364268554,65,True
Breakout_100,KLAC,2025-09-12,2025-11-21,954.6358,1095.5764,0.14763818321160516,50,True
Breakout_100,KLAC,2026-01-06,2026-02-05,1367.5331,1291.2122,-0.05580916449154982,21,False
Breakout_50_noSMA,KLAC,2020-04-30,2020-07-27,162.4875,180.4682,0.11065908774965205,60,True
Breakout_50_noSMA,KLAC,2020-08-14,2020-09-04,198.0339,188.381,-0.04874336250223299,15,False
Breakout_50_noSMA,KLAC,2020-10-14,2020-10-29,207.4699,179.4823,-0.13489932313332387,11,False
Breakout_50_noSMA,KLAC,2020-11-06,2021-03-05,215.7559,277.7324,0.28725299189329423,80,True
Breakout_50_noSMA,KLAC,2021-04-05,2021-05-03,331.2121,301.3884,-0.09004430043659395,20,False
Breakout_50_noSMA,KLAC,2021-08-02,2021-08-19,331.3726,300.5723,-0.09294781921130468,13,False
Breakout_50_noSMA,KLAC,2021-09-16,2021-09-30,348.5145,323.0014,-0.07320542144067876,10,False
Breakout_50_noSMA,KLAC,2021-11-04,2021-12-21,376.2812,385.9232,0.025624568772866896,32,True
Breakout_50_noSMA,KLAC,2021-12-28,2022-01-19,422.6727,399.9184,-0.05383425388558749,15,False
Breakout_50_noSMA,KLAC,2022-08-01,2022-08-31,367.1087,338.0959,-0.07903048169909477,22,False
Breakout_50_noSMA,KLAC,2022-11-11,2023-01-31,358.0914,376.2517,0.05071410132122578,53,True
Breakout_50_noSMA,KLAC,2023-05-16,2023-07-21,393.9397,446.0277,0.13222316521626576,45,True
Breakout_50_noSMA,KLAC,2023-07-31,2023-08-17,499.8044,465.9468,-0.06774184176554365,13,False
Breakout_50_noSMA,KLAC,2023-11-13,2024-04-18,518.7735,645.0964,0.24350295746617734,107,True
Breakout_50_noSMA,KLAC,2024-05-15,2024-07-18,727.3838,782.425,0.07567003764912728,43,True
Breakout_50_noSMA,KLAC,2025-01-16,2025-02-28,727.8252,700.5286,-0.03750428902400871,29,False
Breakout_50_noSMA,KLAC,2025-05-13,2025-08-18,754.2811,870.4466,0.15400816147275598,66,True
Breakout_50_noSMA,KLAC,2025-09-12,2025-11-21,954.6358,1095.5764,0.14763818321160516,50,True
Breakout_50_noSMA,KLAC,2026-01-06,2026-02-05,1367.5331,1291.2122,-0.05580916449154982,21,False
Breakout_50,KO,2020-08-31,2020-09-24,41.8827,40.8736,-0.02409166361862891,17,False
Breakout_50,KO,2020-11-10,2021-01-07,44.5702,42.8005,-0.03970420426909649,39,False
Breakout_50,KO,2021-03-29,2021-06-21,45.4314,47.0671,0.036005170543549125,58,True
Breakout_50,KO,2021-07-15,2021-08-27,48.8206,48.3172,-0.010312929346721678,31,False
Breakout_50,KO,2021-11-08,2021-11-29,49.6352,47.2737,-0.04757714483286035,14,False
Breakout_50,KO,2021-12-14,2022-03-09,50.593,52.726,0.042160353239010684,58,True
Breakout_50,KO,2022-04-04,2022-05-19,55.5987,54.1421,-0.026198117549481537,32,False
Breakout_50,KO,2022-11-23,2023-01-12,56.3096,56.3641,0.0009681361765261354,33,True
Breakout_50,KO,2023-04-04,2023-05-23,57.0525,56.2477,-0.014104883580139171,34,False
Breakout_50,KO,2023-12-12,2024-02-14,55.4182,55.3901,-0.0005068664895927499,43,False
Breakout_50,KO,2024-02-22,2024-03-04,57.0939,55.4463,-0.028857283957757884,7,False
Breakout_50,KO,2024-04-25,2024-10-08,58.3809,66.1021,0.13225617357612784,114,True
Breakout_50,KO,2025-02-12,2025-04-08,64.5101,67.0173,0.03886477498497887,38,True
Breakout_50,KO,2025-10-22,2025-12-12,70.3784,68.638,-0.024727842539745803,36,False
Breakout_50,KO,2026-01-28,2026-03-20,72.71,75.57,0.0393337255057431,36,True
Breakout_100,KO,2020-08-31,2020-09-24,41.8827,40.8736,-0.02409166361862891,17,False
Breakout_100,KO,2020-11-10,2021-01-07,44.5702,42.8005,-0.03970420426909649,39,False
Breakout_100,KO,2021-04-22,2021-06-21,46.9305,47.0671,0.002910876367556048,41,True
Breakout_100,KO,2021-07-15,2021-08-27,48.8206,48.3172,-0.010312929346721678,31,False
Breakout_100,KO,2021-12-14,2022-03-09,50.593,52.726,0.042160353239010684,58,True
Breakout_100,KO,2022-04-04,2022-05-19,55.5987,54.1421,-0.026198117549481537,32,False
Breakout_100,KO,2024-02-02,2024-02-14,56.9347,55.3901,-0.02712924374405734,8,False
Breakout_100,KO,2024-02-22,2024-03-04,57.0939,55.4463,-0.028857283957757884,7,False
Breakout_100,KO,2024-04-25,2024-10-08,58.3809,66.1021,0.13225617357612784,114,True
Breakout_100,KO,2025-03-04,2025-04-08,69.5266,67.0173,-0.03609143113505209,25,False
Breakout_100,KO,2025-11-24,2025-12-12,72.1536,68.638,-0.04872314229427199,13,False
Breakout_100,KO,2026-01-28,2026-03-20,72.71,75.57,0.0393337255057431,36,True
Breakout_50_noSMA,KO,2020-06-09,2020-06-12,41.3306,38.8634,-0.059693576534428194,3,False
Breakout_50_noSMA,KO,2020-08-31,2020-09-24,41.8827,40.8736,-0.02409166361862891,17,False
Breakout_50_noSMA,KO,2020-11-10,2021-01-07,44.5702,42.8005,-0.03970420426909649,39,False
Breakout_50_noSMA,KO,2021-03-29,2021-06-21,45.4314,47.0671,0.036005170543549125,58,True
Breakout_50_noSMA,KO,2021-07-15,2021-08-27,48.8206,48.3172,-0.010312929346721678,31,False
Breakout_50_noSMA,KO,2021-11-08,2021-11-29,49.6352,47.2737,-0.04757714483286035,14,False
Breakout_50_noSMA,KO,2021-12-14,2022-03-09,50.593,52.726,0.042160353239010684,58,True
Breakout_50_noSMA,KO,2022-04-04,2022-05-19,55.5987,54.1421,-0.026198117549481537,32,False
Breakout_50_noSMA,KO,2022-11-23,2023-01-12,56.3096,56.3641,0.0009681361765261354,33,True
Breakout_50_noSMA,KO,2023-04-04,2023-05-23,57.0525,56.2477,-0.014104883580139171,34,False
Breakout_50_noSMA,KO,2023-12-01,2024-02-14,54.5476,55.3901,0.015445235217959263,50,True
Breakout_50_noSMA,KO,2024-02-22,2024-03-04,57.0939,55.4463,-0.028857283957757884,7,False
Breakout_50_noSMA,KO,2024-04-25,2024-10-08,58.3809,66.1021,0.13225617357612784,114,True
Breakout_50_noSMA,KO,2025-02-12,2025-04-08,64.5101,67.0173,0.03886477498497887,38,True
Breakout_50_noSMA,KO,2025-10-22,2025-12-12,70.3784,68.638,-0.024727842539745803,36,False
Breakout_50_noSMA,KO,2026-01-28,2026-03-20,72.71,75.57,0.0393337255057431,36,True
Breakout_50,LIN,2020-05-21,2020-09-22,179.5313,220.4035,0.22766050090059786,85,True
Breakout_50,LIN,2021-01-07,2021-01-22,250.2656,233.6439,-0.06641636251896998,10,False
Breakout_50,LIN,2021-03-26,2021-06-10,256.8906,273.8717,0.06610256321907126,52,True
Breakout_50,LIN,2021-08-02,2021-09-21,289.4144,287.3663,-0.0070767746274214005,35,False
Breakout_50,LIN,2021-11-02,2022-01-14,307.7023,310.6369,0.009536980991211363,51,True
Breakout_50,LIN,2022-06-03,2022-06-13,314.1134,287.8081,-0.08374469851191968,6,False
Breakout_50,LIN,2022-11-07,2023-01-04,297.0826,305.431,0.02810141866945215,39,True
Breakout_50,LIN,2023-02-27,2023-03-16,331.8131,316.0502,-0.04750533241644006,13,False
Breakout_50,LIN,2023-04-19,2023-05-24,348.7065,337.9333,-0.03089486671690822,25,False
Breakout_50,LIN,2023-06-14,2023-07-07,362.2478,350.4605,-0.0325392821543351,15,False
Breakout_50,LIN,2023-07-19,2023-08-18,369.1503,361.5913,-0.02047664546725758,22,False
Breakout_50,LIN,2023-11-13,2024-01-23,383.9012,393.7639,0.02569082487046903,47,True
Breakout_50,LIN,2024-02-21,2024-04-15,425.3105,438.4173,0.030817015716719354,37,True
Breakout_50,LIN,2024-07-18,2024-11-01,435.5431,447.5793,0.02763499247159018,75,True
Breakout_50,LIN,2025-02-19,2025-04-07,453.1753,423.3793,-0.06574943844253067,33,False
Breakout_50,LIN,2025-06-05,2025-07-16,469.1832,455.8204,-0.02848103354439646,27,False
Breakout_50,LIN,2025-08-18,2025-09-08,475.5479,466.3701,-0.019299405757320587,14,False
Breakout_100,LIN,2020-07-15,2020-09-22,222.2455,220.4035,-0.008288210698409348,48,False
Breakout_100,LIN,2021-01-07,2021-01-22,250.2656,233.6439,-0.06641636251896998,10,False
Breakout_100,LIN,2021-03-29,2021-06-10,261.6829,273.8717,0.046578616387497274,51,True
Breakout_100,LIN,2021-08-02,2021-09-21,289.4144,287.3663,-0.0070767746274214005,35,False
Breakout_100,LIN,2021-11-02,2022-01-14,307.7023,310.6369,0.009536980991211363,51,True
Breakout_100,LIN,2022-11-08,2023-01-04,300.53,305.431,0.0163078653249924,38,True
Breakout_100,LIN,2023-02-27,2023-03-16,331.8131,316.0502,-0.04750533241644006,13,False
Breakout_100,LIN,2023-04-19,2023-05-24,348.7065,337.9333,-0.03089486671690822,25,False
Breakout_100,LIN,2023-06-14,2023-07-07,362.2478,350.4605,-0.0325392821543351,15,False
Breakout_100,LIN,2023-07-19,2023-08-18,369.1503,361.5913,-0.02047664546725758,22,False
Breakout_100,LIN,2023-11-13,2024-01-23,383.9012,393.7639,0.02569082487046903,47,True
Breakout_100,LIN,2024-02-21,2024-04-15,425.3105,438.4173,0.030817015716719354,37,True
Breakout_100,LIN,2024-08-26,2024-11-01,455.1921,447.5793,-0.01672425467788241,48,False
Breakout_100,LIN,2025-06-05,2025-07-16,469.1832,455.8204,-0.02848103354439646,27,False
Breakout_100,LIN,2025-08-18,2025-09-08,475.5479,466.3701,-0.019299405757320587,14,False
Breakout_50_noSMA,LIN,2020-05-21,2020-09-22,179.5313,220.4035,0.22766050090059786,85,True
Breakout_50_noSMA,LIN,2021-01-07,2021-01-22,250.2656,233.6439,-0.06641636251896998,10,False
Breakout_50_noSMA,LIN,2021-03-26,2021-06-10,256.8906,273.8717,0.06610256321907126,52,True
Breakout_50_noSMA,LIN,2021-08-02,2021-09-21,289.4144,287.3663,-0.0070767746274214005,35,False
Breakout_50_noSMA,LIN,2021-11-02,2022-01-14,307.7023,310.6369,0.009536980991211363,51,True
Breakout_50_noSMA,LIN,2022-06-03,2022-06-13,314.1134,287.8081,-0.08374469851191968,6,False
Breakout_50_noSMA,LIN,2022-11-07,2023-01-04,297.0826,305.431,0.02810141866945215,39,True
Breakout_50_noSMA,LIN,2023-02-27,2023-03-16,331.8131,316.0502,-0.04750533241644006,13,False
Breakout_50_noSMA,LIN,2023-04-19,2023-05-24,348.7065,337.9333,-0.03089486671690822,25,False
Breakout_50_noSMA,LIN,2023-06-14,2023-07-07,362.2478,350.4605,-0.0325392821543351,15,False
Breakout_50_noSMA,LIN,2023-07-19,2023-08-18,369.1503,361.5913,-0.02047664546725758,22,False
Breakout_50_noSMA,LIN,2023-11-13,2024-01-23,383.9012,393.7639,0.02569082487046903,47,True
Breakout_50_noSMA,LIN,2024-02-21,2024-04-15,425.3105,438.4173,0.030817015716719354,37,True
Breakout_50_noSMA,LIN,2024-07-18,2024-11-01,435.5431,447.5793,0.02763499247159018,75,True
Breakout_50_noSMA,LIN,2025-02-19,2025-04-07,453.1753,423.3793,-0.06574943844253067,33,False
Breakout_50_noSMA,LIN,2025-06-05,2025-07-16,469.1832,455.8204,-0.02848103354439646,27,False
Breakout_50_noSMA,LIN,2025-08-18,2025-09-08,475.5479,466.3701,-0.019299405757320587,14,False
Breakout_50,LLY,2020-04-15,2020-05-28,139.0485,138.2867,-0.005478628831433574,30,False
Breakout_50,LLY,2020-07-09,2020-07-31,159.3444,143.6332,-0.0985988011287755,16,False
Breakout_50,LLY,2020-12-10,2021-03-16,151.4604,182.2223,0.20310191974657332,64,True
Breakout_50,LLY,2021-06-08,2021-09-10,211.8568,232.1834,0.09594543033969627,66,True
Breakout_50,LLY,2021-11-05,2021-12-06,257.8655,236.5151,-0.08279678471859186,20,False
Breakout_50,LLY,2021-12-16,2022-01-07,265.1274,249.8065,-0.05778667838857998,15,False
Breakout_50,LLY,2022-03-18,2022-05-11,276.056,273.9603,-0.007591659786635674,37,False
Breakout_50,LLY,2022-05-27,2022-06-13,302.9658,281.4341,-0.07106981089888287,10,False
Breakout_50,LLY,2022-06-27,2022-08-04,314.1871,300.5917,-0.04327161353593789,27,False
Breakout_50,LLY,2022-09-29,2023-01-06,324.682,350.9643,0.08094785899202273,68,True
Breakout_50,LLY,2023-04-05,2023-07-12,350.2219,429.9633,0.22768807998225782,66,True
Breakout_50,LLY,2023-08-09,2023-10-04,510.2744,516.4684,0.012138572623767274,39,True
Breakout_50,LLY,2023-10-12,2023-10-27,594.9862,553.2706,-0.07011197625794685,11,False
Breakout_50,LLY,2024-01-16,2024-04-15,633.9402,749.6134,0.1824669853206644,62,True
Breakout_50,LLY,2024-05-22,2024-07-19,791.3268,857.1818,0.08322096030793569,39,True
Breakout_50,LLY,2025-02-07,2025-03-12,868.5908,808.9604,-0.06865192925033359,22,False
Breakout_50,LLY,2025-10-02,2026-01-16,811.8108,1022.7231,0.25980471636404157,73,True
Breakout_100,LLY,2020-04-15,2020-05-28,139.0485,138.2867,-0.005478628831433574,30,False
Breakout_100,LLY,2020-07-09,2020-07-31,159.3444,143.6332,-0.0985988011287755,16,False
Breakout_100,LLY,2020-12-16,2021-03-16,160.7639,182.2223,0.13347804304000466,60,True
Breakout_100,LLY,2021-06-08,2021-09-10,211.8568,232.1834,0.09594543033969627,66,True
Breakout_100,LLY,2021-12-16,2022-01-07,265.1274,249.8065,-0.05778667838857998,15,False
Breakout_100,LLY,2022-03-18,2022-05-11,276.056,273.9603,-0.007591659786635674,37,False
Breakout_100,LLY,2022-05-27,2022-06-13,302.9658,281.4341,-0.07106981089888287,10,False
Breakout_100,LLY,2022-06-27,2022-08-04,314.1871,300.5917,-0.04327161353593789,27,False
Breakout_100,LLY,2022-09-29,2023-01-06,324.682,350.9643,0.08094785899202273,68,True
Breakout_100,LLY,2023-04-14,2023-07-12,366.0273,429.9633,0.17467530808113318,60,True
Breakout_100,LLY,2023-08-09,2023-10-04,510.2744,516.4684,0.012138572623767274,39,True
Breakout_100,LLY,2023-10-12,2023-10-27,594.9862,553.2706,-0.07011197625794685,11,False
Breakout_100,LLY,2024-01-16,2024-04-15,633.9402,749.6134,0.1824669853206644,62,True
Breakout_100,LLY,2024-05-22,2024-07-19,791.3268,857.1818,0.08322096030793569,39,True
Breakout_100,LLY,2025-10-02,2026-01-16,811.8108,1022.7231,0.25980471636404157,73,True
Breakout_50_noSMA,LLY,2020-04-15,2020-05-28,139.0485,138.2867,-0.005478628831433574,30,False
Breakout_50_noSMA,LLY,2020-07-09,2020-07-31,159.3444,143.6332,-0.0985988011287755,16,False
Breakout_50_noSMA,LLY,2020-12-10,2021-03-16,151.4604,182.2223,0.20310191974657332,64,True
Breakout_50_noSMA,LLY,2021-06-08,2021-09-10,211.8568,232.1834,0.09594543033969627,66,True
Breakout_50_noSMA,LLY,2021-11-05,2021-12-06,257.8655,236.5151,-0.08279678471859186,20,False
Breakout_50_noSMA,LLY,2021-12-16,2022-01-07,265.1274,249.8065,-0.05778667838857998,15,False
Breakout_50_noSMA,LLY,2022-03-18,2022-05-11,276.056,273.9603,-0.007591659786635674,37,False
Breakout_50_noSMA,LLY,2022-05-27,2022-06-13,302.9658,281.4341,-0.07106981089888287,10,False
Breakout_50_noSMA,LLY,2022-06-27,2022-08-04,314.1871,300.5917,-0.04327161353593789,27,False
Breakout_50_noSMA,LLY,2022-09-29,2023-01-06,324.682,350.9643,0.08094785899202273,68,True
Breakout_50_noSMA,LLY,2023-04-05,2023-07-12,350.2219,429.9633,0.22768807998225782,66,True
Breakout_50_noSMA,LLY,2023-08-09,2023-10-04,510.2744,516.4684,0.012138572623767274,39,True
Breakout_50_noSMA,LLY,2023-10-12,2023-10-27,594.9862,553.2706,-0.07011197625794685,11,False
Breakout_50_noSMA,LLY,2024-01-16,2024-04-15,633.9402,749.6134,0.1824669853206644,62,True
Breakout_50_noSMA,LLY,2024-05-22,2024-07-19,791.3268,857.1818,0.08322096030793569,39,True
Breakout_50_noSMA,LLY,2025-02-07,2025-03-12,868.5908,808.9604,-0.06865192925033359,22,False
Breakout_50_noSMA,LLY,2025-10-02,2026-01-16,811.8108,1022.7231,0.25980471636404157,73,True
Breakout_50,LMT,2020-06-04,2020-06-16,343.8505,330.8249,-0.037881557096201,8,False
Breakout_50,LMT,2021-03-29,2021-06-17,318.9049,338.0188,0.05993598465142713,56,True
Breakout_50,LMT,2021-10-18,2021-10-27,322.7884,295.0308,-0.08599327164580339,7,False
Breakout_50,LMT,2022-01-18,2022-05-02,330.9261,386.4075,0.1676550312242171,72,True
Breakout_50,LMT,2022-10-24,2023-01-04,418.2605,433.8593,0.037294433770159285,49,True
Breakout_50,LMT,2023-04-05,2023-04-26,450.1984,437.2367,-0.02879097090553273,14,False
Breakout_50,LMT,2023-07-18,2023-07-20,440.5746,420.3834,-0.04582920670394053,2,False
Breakout_50,LMT,2023-11-01,2023-12-18,426.649,416.8656,-0.022930762997737553,32,False
Breakout_50,LMT,2024-01-03,2024-01-24,432.0069,413.8618,-0.04200182373608796,14,False
Breakout_50,LMT,2024-04-22,2024-05-30,441.2851,431.5816,-0.021989195966891528,27,False
Breakout_50,LMT,2024-07-18,2024-10-23,453.1127,554.0839,0.22283915808211274,68,True
Breakout_50,LMT,2025-09-16,2025-11-06,467.5574,467.0835,-0.0010134900861006324,37,False
Breakout_50,LMT,2026-01-06,2026-03-24,514.3493,612.95,0.19169993120478357,53,True
Breakout_100,LMT,2021-04-06,2021-06-17,328.9614,338.0188,0.027533172936387018,51,True
Breakout_100,LMT,2022-01-19,2022-05-02,335.4373,386.4075,0.15195139624682263,71,True
Breakout_100,LMT,2022-10-24,2023-01-04,418.2605,433.8593,0.037294433770159285,49,True
Breakout_100,LMT,2023-04-19,2023-04-26,463.1138,437.2367,-0.055876353985829574,5,False
Breakout_100,LMT,2024-01-03,2024-01-24,432.0069,413.8618,-0.04200182373608796,14,False
Breakout_100,LMT,2024-04-22,2024-05-30,441.2851,431.5816,-0.021989195966891528,27,False
Breakout_100,LMT,2024-07-18,2024-10-23,453.1127,554.0839,0.22283915808211274,68,True
Breakout_100,LMT,2025-09-24,2025-11-06,480.9447,467.0835,-0.02882068057071363,31,False
Breakout_100,LMT,2026-01-07,2026-03-24,522.556,612.95,0.17298426118630617,52,True
Breakout_50_noSMA,LMT,2020-06-04,2020-06-16,343.8505,330.8249,-0.037881557096201,8,False
Breakout_50_noSMA,LMT,2021-03-19,2021-06-17,314.0384,338.0188,0.07636136441993724,62,True
Breakout_50_noSMA,LMT,2021-10-18,2021-10-27,322.7884,295.0308,-0.08599327164580339,7,False
Breakout_50_noSMA,LMT,2022-01-18,2022-05-02,330.9261,386.4075,0.1676550312242171,72,True
Breakout_50_noSMA,LMT,2022-10-24,2023-01-04,418.2605,433.8593,0.037294433770159285,49,True
Breakout_50_noSMA,LMT,2023-04-05,2023-04-26,450.1984,437.2367,-0.02879097090553273,14,False
Breakout_50_noSMA,LMT,2023-07-18,2023-07-20,440.5746,420.3834,-0.04582920670394053,2,False
Breakout_50_noSMA,LMT,2023-11-01,2023-12-18,426.649,416.8656,-0.022930762997737553,32,False
Breakout_50_noSMA,LMT,2024-01-03,2024-01-24,432.0069,413.8618,-0.04200182373608796,14,False
Breakout_50_noSMA,LMT,2024-04-22,2024-05-30,441.2851,431.5816,-0.021989195966891528,27,False
Breakout_50_noSMA,LMT,2024-07-18,2024-10-23,453.1127,554.0839,0.22283915808211274,68,True
Breakout_50_noSMA,LMT,2025-09-16,2025-11-06,467.5574,467.0835,-0.0010134900861006324,37,False
Breakout_50_noSMA,LMT,2026-01-06,2026-03-24,514.3493,612.95,0.19169993120478357,53,True
Breakout_50,LOW,2020-05-11,2020-10-28,101.4662,145.7529,0.43646839506846535,119,True
Breakout_50,LOW,2021-02-09,2021-02-25,162.1712,148.2602,-0.08577963637525121,11,False
Breakout_50,LOW,2021-03-22,2021-05-20,162.8241,174.4097,0.0711536494929228,42,True
Breakout_50,LOW,2021-08-23,2022-01-11,190.7079,227.2381,0.19155014676419624,98,True
Breakout_50,LOW,2022-11-14,2022-12-23,194.6023,185.2564,-0.048025835384502336,28,False
Breakout_50,LOW,2023-02-03,2023-02-22,203.7776,188.828,-0.07336274314516145,12,False
Breakout_50,LOW,2023-06-14,2023-08-10,204.4665,209.867,0.026412827459209476,39,True
Breakout_50,LOW,2023-12-14,2024-01-25,210.0988,202.6773,-0.03532411295208138,27,False
Breakout_50,LOW,2024-02-13,2024-04-12,215.4757,223.561,0.03752269405016051,41,True
Breakout_50,LOW,2024-07-17,2024-11-07,230.4818,255.2526,0.10747371312077791,80,True
Breakout_50,LOW,2025-08-13,2025-10-01,244.0166,247.5758,0.014585887774537287,34,True
Breakout_50,LOW,2026-01-12,2026-02-26,264.0311,262.082,-0.007382412259858695,31,False
Breakout_100,LOW,2020-05-28,2020-10-28,115.6409,145.7529,0.2603923872086926,107,True
Breakout_100,LOW,2021-03-22,2021-05-20,162.8241,174.4097,0.0711536494929228,42,True
Breakout_100,LOW,2021-10-15,2022-01-11,199.7953,227.2381,0.137354423795085,60,True
Breakout_100,LOW,2023-02-03,2023-02-22,203.7776,188.828,-0.07336274314516145,12,False
Breakout_100,LOW,2023-06-28,2023-08-10,209.6161,209.867,0.0011970015902176279,30,True
Breakout_100,LOW,2024-02-13,2024-04-12,215.4757,223.561,0.03752269405016051,41,True
Breakout_100,LOW,2024-08-26,2024-11-07,243.6219,255.2526,0.04774042179412352,52,True
Breakout_100,LOW,2025-08-13,2025-10-01,244.0166,247.5758,0.014585887774537287,34,True
Breakout_100,LOW,2026-01-14,2026-02-26,269.6885,262.082,-0.028204798923104013,29,False
Breakout_50_noSMA,LOW,2020-05-11,2020-10-28,101.4662,145.7529,0.43646839506846535,119,True
Breakout_50_noSMA,LOW,2021-02-09,2021-02-25,162.1712,148.2602,-0.08577963637525121,11,False
Breakout_50_noSMA,LOW,2021-03-22,2021-05-20,162.8241,174.4097,0.0711536494929228,42,True
Breakout_50_noSMA,LOW,2021-08-23,2022-01-11,190.7079,227.2381,0.19155014676419624,98,True
Breakout_50_noSMA,LOW,2022-08-09,2022-09-07,186.4179,179.8804,-0.0350687158744063,20,False
Breakout_50_noSMA,LOW,2022-11-14,2022-12-23,194.6023,185.2564,-0.048025835384502336,28,False
Breakout_50_noSMA,LOW,2023-02-03,2023-02-22,203.7776,188.828,-0.07336274314516145,12,False
Breakout_50_noSMA,LOW,2023-06-14,2023-08-10,204.4665,209.867,0.026412827459209476,39,True
Breakout_50_noSMA,LOW,2023-12-14,2024-01-25,210.0988,202.6773,-0.03532411295208138,27,False
Breakout_50_noSMA,LOW,2024-02-13,2024-04-12,215.4757,223.561,0.03752269405016051,41,True
Breakout_50_noSMA,LOW,2024-07-17,2024-11-07,230.4818,255.2526,0.10747371312077791,80,True
Breakout_50_noSMA,LOW,2025-08-05,2025-10-01,231.0911,247.5758,0.07133414678873318,40,True
Breakout_50_noSMA,LOW,2026-01-12,2026-02-26,264.0311,262.082,-0.007382412259858695,31,False
Breakout_50,LQD,2020-03-04,2020-03-11,107.4442,102.9972,-0.04138874652003832,5,False
Breakout_50,LQD,2020-06-01,2020-08-17,106.4557,110.4695,0.0377042340797864,54,True
Breakout_50,LQD,2020-11-06,2021-01-07,111.6137,111.4812,-0.0011868633424355624,41,False
Breakout_50,LQD,2021-06-10,2021-08-11,110.2439,111.5165,0.011543481864545457,43,True
Breakout_50,LQD,2022-12-08,2023-02-10,94.9728,94.3714,-0.006331440079651474,43,False
Breakout_50,LQD,2023-11-20,2024-02-09,93.6486,98.0841,0.047363558780408876,55,True
Breakout_50,LQD,2024-06-06,2024-07-02,99.4107,98.6691,-0.0074592134904302165,17,False
Breakout_50,LQD,2024-07-12,2024-10-08,100.686,103.6484,0.029421876137476266,61,True
Breakout_50,LQD,2025-03-04,2025-04-08,104.1377,102.1298,-0.01928053931926399,25,False
Breakout_50,LQD,2025-06-25,2025-11-03,104.7196,108.5225,0.03631451084019033,91,True
Breakout_50,LQD,2026-02-11,2026-03-09,109.7994,109.3905,-0.0037242646894423137,17,False
Breakout_100,LQD,2020-03-04,2020-03-11,107.4442,102.9972,-0.04138874652003832,5,False
Breakout_100,LQD,2020-06-16,2020-08-17,109.2831,110.4695,0.010856058129860235,43,True
Breakout_100,LQD,2020-12-01,2021-01-07,113.2974,111.4812,-0.01603075725356118,25,False
Breakout_100,LQD,2021-07-06,2021-08-11,111.9413,111.5165,-0.003794878895613585,26,False
Breakout_100,LQD,2023-01-13,2023-02-10,95.8772,94.3714,-0.015705140825942654,19,False
Breakout_100,LQD,2023-12-04,2024-02-09,96.2969,98.0841,0.01855927962602033,46,True
Breakout_100,LQD,2024-07-12,2024-10-08,100.686,103.6484,0.029421876137476266,61,True
Breakout_100,LQD,2025-06-25,2025-11-03,104.7196,108.5225,0.03631451084019033,91,True
Breakout_100,LQD,2026-02-17,2026-03-09,110.7324,109.3905,-0.012118114084585185,14,False
Breakout_50_noSMA,LQD,2020-03-04,2020-03-11,107.4442,102.9972,-0.04138874652003832,5,False
Breakout_50_noSMA,LQD,2020-06-01,2020-08-17,106.4557,110.4695,0.0377042340797864,54,True
Breakout_50_noSMA,LQD,2020-11-06,2021-01-07,111.6137,111.4812,-0.0011868633424355624,41,False
Breakout_50_noSMA,LQD,2021-06-07,2021-08-11,109.6044,111.5165,0.01744554494081929,46,True
Breakout_50_noSMA,LQD,2022-11-25,2023-02-10,92.927,94.3714,0.015544291985134073,52,True
Breakout_50_noSMA,LQD,2023-11-20,2024-02-09,93.6486,98.0841,0.047363558780408876,55,True
Breakout_50_noSMA,LQD,2024-06-06,2024-07-02,99.4107,98.6691,-0.0074592134904302165,17,False
Breakout_50_noSMA,LQD,2024-07-12,2024-10-08,100.686,103.6484,0.029421876137476266,61,True
Breakout_50_noSMA,LQD,2025-03-04,2025-04-08,104.1377,102.1298,-0.01928053931926399,25,False
Breakout_50_noSMA,LQD,2025-06-25,2025-11-03,104.7196,108.5225,0.03631451084019033,91,True
Breakout_50_noSMA,LQD,2026-02-11,2026-03-09,109.7994,109.3905,-0.0037242646894423137,17,False
Breakout_50,LRCX,2020-06-04,2020-08-28,26.7251,32.1996,0.2048431016176946,60,True
Breakout_50,LRCX,2020-11-06,2021-02-01,37.7222,46.4413,0.23113979105141946,57,True
Breakout_50,LRCX,2021-02-16,2021-03-05,55.7995,51.3233,-0.08022044282685559,13,False
Breakout_50,LRCX,2021-04-05,2021-05-11,61.5949,53.9024,-0.12488845229680878,26,False
Breakout_50,LRCX,2021-11-15,2022-01-20,60.1843,62.4818,0.03817533866528788,45,True
Breakout_50,LRCX,2022-11-11,2022-12-23,46.4801,39.2629,-0.15527397520993524,29,False
Breakout_50,LRCX,2023-02-01,2023-03-13,48.2718,45.4047,-0.0593957679284115,27,False
Breakout_50,LRCX,2023-05-16,2023-09-12,53.4638,63.9215,0.19560275983413233,81,True
Breakout_50,LRCX,2023-11-17,2024-04-18,67.5729,89.2756,0.32117408057175734,103,True
Breakout_50,LRCX,2024-06-11,2024-07-18,98.0939,96.8155,-0.01303242018554518,25,False
Breakout_50,LRCX,2025-02-19,2025-02-28,85.4145,75.9625,-0.11066037947564966,7,False
Breakout_50,LRCX,2025-05-13,2025-09-03,81.7609,96.5639,0.18105213311548662,77,True
Breakout_50,LRCX,2025-09-12,2025-11-21,115.3632,139.4032,0.20838568098659938,50,True
Breakout_50,LRCX,2025-12-11,2026-03-06,165.4618,205.45,0.24167657483308735,57,True
Breakout_100,LRCX,2020-07-13,2020-08-28,32.2315,32.1996,-0.0009910824198616774,34,False
Breakout_100,LRCX,2020-11-06,2021-02-01,37.7222,46.4413,0.23113979105141946,57,True
Breakout_100,LRCX,2021-02-16,2021-03-05,55.7995,51.3233,-0.08022044282685559,13,False
Breakout_100,LRCX,2021-04-05,2021-05-11,61.5949,53.9024,-0.12488845229680878,26,False
Breakout_100,LRCX,2021-11-24,2022-01-20,62.2793,62.4818,0.003252022558846601,38,True
Breakout_100,LRCX,2023-02-02,2023-03-13,52.1776,45.4047,-0.1298050113295668,26,False
Breakout_100,LRCX,2023-05-16,2023-09-12,53.4638,63.9215,0.19560275983413233,81,True
Breakout_100,LRCX,2023-12-12,2024-04-18,71.8173,89.2756,0.24309262310905777,87,True
Breakout_100,LRCX,2024-06-13,2024-07-18,100.8559,96.8155,-0.04006144127832456,23,False
Breakout_100,LRCX,2025-02-19,2025-02-28,85.4145,75.9625,-0.11066037947564966,7,False
Breakout_100,LRCX,2025-06-17,2025-09-03,92.6611,96.5639,0.042119707950508456,53,True
Breakout_100,LRCX,2025-09-12,2025-11-21,115.3632,139.4032,0.20838568098659938,50,True
Breakout_100,LRCX,2025-12-11,2026-03-06,165.4618,205.45,0.24167657483308735,57,True
Breakout_50_noSMA,LRCX,2020-06-04,2020-08-28,26.7251,32.1996,0.2048431016176946,60,True
Breakout_50_noSMA,LRCX,2020-11-06,2021-02-01,37.7222,46.4413,0.23113979105141946,57,True
Breakout_50_noSMA,LRCX,2021-02-16,2021-03-05,55.7995,51.3233,-0.08022044282685559,13,False
Breakout_50_noSMA,LRCX,2021-04-05,2021-05-11,61.5949,53.9024,-0.12488845229680878,26,False
Breakout_50_noSMA,LRCX,2021-11-15,2022-01-20,60.1843,62.4818,0.03817533866528788,45,True
Breakout_50_noSMA,LRCX,2022-11-11,2022-12-23,46.4801,39.2629,-0.15527397520993524,29,False
Breakout_50_noSMA,LRCX,2023-02-01,2023-03-13,48.2718,45.4047,-0.0593957679284115,27,False
Breakout_50_noSMA,LRCX,2023-05-16,2023-09-12,53.4638,63.9215,0.19560275983413233,81,True
Breakout_50_noSMA,LRCX,2023-11-17,2024-04-18,67.5729,89.2756,0.32117408057175734,103,True
Breakout_50_noSMA,LRCX,2024-06-11,2024-07-18,98.0939,96.8155,-0.01303242018554518,25,False
Breakout_50_noSMA,LRCX,2025-01-23,2025-01-29,79.9214,76.6553,-0.04086690860805009,4,False
Breakout_50_noSMA,LRCX,2025-02-19,2025-02-28,85.4145,75.9625,-0.11066037947564966,7,False
Breakout_50_noSMA,LRCX,2025-05-13,2025-09-03,81.7609,96.5639,0.18105213311548662,77,True
Breakout_50_noSMA,LRCX,2025-09-12,2025-11-21,115.3632,139.4032,0.20838568098659938,50,True
Breakout_50_noSMA,LRCX,2025-12-11,2026-03-06,165.4618,205.45,0.24167657483308735,57,True
Breakout_50,MA,2020-05-19,2020-07-14,279.4947,282.6069,0.011134983720585412,38,True
Breakout_50,MA,2020-08-06,2020-09-24,316.8682,312.8033,-0.012828516358509345,34,False
Breakout_50,MA,2021-02-25,2021-05-06,353.6915,360.5027,0.019257707520383027,49,True
Breakout_50,MA,2021-07-15,2021-07-20,379.4046,356.9013,-0.059312110371490756,3,False
Breakout_50,MA,2022-01-05,2022-01-25,364.1682,334.7334,-0.0808275136671116,13,False
Breakout_50,MA,2022-01-31,2022-02-24,369.209,337.288,-0.08645798473681743,17,False
Breakout_50,MA,2022-11-14,2023-02-21,329.8088,349.9839,0.06117187687690184,66,True
Breakout_50,MA,2023-04-24,2023-05-25,368.6019,361.4883,-0.019298958332742422,23,False
Breakout_50,MA,2023-07-03,2023-09-25,384.5094,394.1769,0.025142575402977485,58,True
Breakout_50,MA,2023-12-04,2024-04-11,407.7851,462.8072,0.13492897173846585,88,True
Breakout_50,MA,2024-08-01,2024-08-06,460.7015,438.6889,-0.04778058830314258,3,False
Breakout_50,MA,2024-08-28,2025-01-06,470.144,516.3296,0.0982370443247782,89,True
Breakout_50,MA,2025-01-28,2025-03-11,542.4702,533.1998,-0.017089305373039543,29,False
Breakout_50,MA,2025-05-19,2025-06-20,577.6082,533.7771,-0.07588377215622566,22,False
Breakout_50,MA,2025-08-25,2025-09-24,595.1137,568.6938,-0.04439457336257302,21,False
Breakout_100,MA,2020-08-06,2020-09-24,316.8682,312.8033,-0.012828516358509345,34,False
Breakout_100,MA,2021-02-25,2021-05-06,353.6915,360.5027,0.019257707520383027,49,True
Breakout_100,MA,2022-01-05,2022-01-25,364.1682,334.7334,-0.0808275136671116,13,False
Breakout_100,MA,2022-01-31,2022-02-24,369.209,337.288,-0.08645798473681743,17,False
Breakout_100,MA,2023-01-10,2023-02-21,361.805,349.9839,-0.03267268647183119,28,False
Breakout_100,MA,2023-05-19,2023-05-25,385.1578,361.4883,-0.06145402758546237,4,False
Breakout_100,MA,2023-07-03,2023-09-25,384.5094,394.1769,0.025142575402977485,58,True
Breakout_100,MA,2023-12-13,2024-04-11,415.6978,462.8072,0.11332599030137658,81,True
Breakout_100,MA,2024-08-30,2025-01-06,476.914,516.3296,0.08264709005646553,87,True
Breakout_100,MA,2025-01-28,2025-03-11,542.4702,533.1998,-0.017089305373039543,29,False
Breakout_100,MA,2025-05-19,2025-06-20,577.6082,533.7771,-0.07588377215622566,22,False
Breakout_100,MA,2025-08-25,2025-09-24,595.1137,568.6938,-0.04439457336257302,21,False
Breakout_50_noSMA,MA,2020-05-19,2020-07-14,279.4947,282.6069,0.011134983720585412,38,True
Breakout_50_noSMA,MA,2020-08-06,2020-09-24,316.8682,312.8033,-0.012828516358509345,34,False
Breakout_50_noSMA,MA,2021-02-25,2021-05-06,353.6915,360.5027,0.019257707520383027,49,True
Breakout_50_noSMA,MA,2021-07-15,2021-07-20,379.4046,356.9013,-0.059312110371490756,3,False
Breakout_50_noSMA,MA,2022-01-05,2022-01-25,364.1682,334.7334,-0.0808275136671116,13,False
Breakout_50_noSMA,MA,2022-01-31,2022-02-24,369.209,337.288,-0.08645798473681743,17,False
Breakout_50_noSMA,MA,2022-11-14,2023-02-21,329.8088,349.9839,0.06117187687690184,66,True
Breakout_50_noSMA,MA,2023-04-24,2023-05-25,368.6019,361.4883,-0.019298958332742422,23,False
Breakout_50_noSMA,MA,2023-07-03,2023-09-25,384.5094,394.1769,0.025142575402977485,58,True
Breakout_50_noSMA,MA,2023-12-04,2024-04-11,407.7851,462.8072,0.13492897173846585,88,True
Breakout_50_noSMA,MA,2024-08-01,2024-08-06,460.7015,438.6889,-0.04778058830314258,3,False
Breakout_50_noSMA,MA,2024-08-28,2025-01-06,470.144,516.3296,0.0982370443247782,89,True
Breakout_50_noSMA,MA,2025-01-28,2025-03-11,542.4702,533.1998,-0.017089305373039543,29,False
Breakout_50_noSMA,MA,2025-05-19,2025-06-20,577.6082,533.7771,-0.07588377215622566,22,False
Breakout_50_noSMA,MA,2025-08-25,2025-09-24,595.1137,568.6938,-0.04439457336257302,21,False
Breakout_50,MAR,2020-11-10,2021-01-22,112.8098,120.5775,0.06885674941110231,49,True
Breakout_50,MAR,2021-02-22,2021-04-21,133.9857,136.392,0.017959749384120594,41,True
Breakout_50,MAR,2021-07-30,2021-08-05,140.8967,133.8317,-0.050143533349724656,4,False
Breakout_50,MAR,2021-09-24,2021-11-22,143.64,150.3104,0.04643845283461179,41,True
Breakout_50,MAR,2022-02-09,2022-03-02,166.0961,161.3026,-0.02885960118330333,14,False
Breakout_50,MAR,2022-04-20,2022-05-10,181.9203,161.7646,-0.11079378165900888,14,False
Breakout_50,MAR,2022-12-01,2022-12-19,160.4075,149.212,-0.06979420230174094,12,False
Breakout_50,MAR,2023-01-26,2023-03-13,168.0003,157.7849,-0.0608058965353635,31,False
Breakout_50,MAR,2023-05-03,2023-05-25,174.3652,163.5323,-0.062127509275294535,16,False
Breakout_50,MAR,2023-07-03,2023-09-20,178.5963,194.8727,0.09113526498789803,55,True
Breakout_50,MAR,2023-11-22,2024-04-16,204.524,243.4386,0.19026919418233934,98,True
Breakout_50,MAR,2024-07-17,2024-07-25,249.0461,231.0991,-0.07206304439293887,6,False
Breakout_50,MAR,2024-09-30,2025-01-02,248.5718,277.9049,0.11800681207483277,65,True
Breakout_50,MAR,2025-02-07,2025-02-18,301.3997,280.2376,-0.07021285853351011,6,False
Breakout_50,MAR,2025-07-02,2025-08-01,275.3115,259.1027,-0.05887451236895769,21,False
Breakout_50,MAR,2025-11-06,2026-03-09,281.7884,317.12,0.12538345416699048,82,True
Breakout_100,MAR,2020-11-10,2021-01-22,112.8098,120.5775,0.06885674941110231,49,True
Breakout_100,MAR,2021-02-22,2021-04-21,133.9857,136.392,0.017959749384120594,41,True
Breakout_100,MAR,2021-09-27,2021-11-22,146.9127,150.3104,0.023127893773011277,40,True
Breakout_100,MAR,2022-02-10,2022-03-02,164.4886,161.3026,-0.019369282585129155,13,False
Breakout_100,MAR,2022-04-20,2022-05-10,181.9203,161.7646,-0.11079378165900888,14,False
Breakout_100,MAR,2023-01-26,2023-03-13,168.0003,157.7849,-0.0608058965353635,31,False
Breakout_100,MAR,2023-07-03,2023-09-20,178.5963,194.8727,0.09113526498789803,55,True
Breakout_100,MAR,2023-11-24,2024-04-16,205.2189,243.4386,0.18623890521874942,97,True
Breakout_100,MAR,2024-10-07,2025-01-02,250.4949,277.9049,0.10942365119517672,60,True
Breakout_100,MAR,2025-02-07,2025-02-18,301.3997,280.2376,-0.07021285853351011,6,False
Breakout_100,MAR,2025-11-06,2026-03-09,281.7884,317.12,0.12538345416699048,82,True
Breakout_50_noSMA,MAR,2020-05-28,2020-06-25,93.9536,80.4588,-0.14363284440637925,20,False
Breakout_50_noSMA,MAR,2020-08-28,2020-09-22,99.1032,90.0072,-0.09178316730276681,16,False
Breakout_50_noSMA,MAR,2020-11-10,2021-01-22,112.8098,120.5775,0.06885674941110231,49,True
Breakout_50_noSMA,MAR,2021-02-22,2021-04-21,133.9857,136.392,0.017959749384120594,41,True
Breakout_50_noSMA,MAR,2021-07-30,2021-08-05,140.8967,133.8317,-0.050143533349724656,4,False
Breakout_50_noSMA,MAR,2021-09-24,2021-11-22,143.64,150.3104,0.04643845283461179,41,True
Breakout_50_noSMA,MAR,2022-02-09,2022-03-02,166.0961,161.3026,-0.02885960118330333,14,False
Breakout_50_noSMA,MAR,2022-04-20,2022-05-10,181.9203,161.7646,-0.11079378165900888,14,False
Breakout_50_noSMA,MAR,2022-12-01,2022-12-19,160.4075,149.212,-0.06979420230174094,12,False
Breakout_50_noSMA,MAR,2023-01-26,2023-03-13,168.0003,157.7849,-0.0608058965353635,31,False
Breakout_50_noSMA,MAR,2023-05-03,2023-05-25,174.3652,163.5323,-0.062127509275294535,16,False
Breakout_50_noSMA,MAR,2023-07-03,2023-09-20,178.5963,194.8727,0.09113526498789803,55,True
Breakout_50_noSMA,MAR,2023-11-22,2024-04-16,204.524,243.4386,0.19026919418233934,98,True
Breakout_50_noSMA,MAR,2024-07-17,2024-07-25,249.0461,231.0991,-0.07206304439293887,6,False
Breakout_50_noSMA,MAR,2024-09-30,2025-01-02,248.5718,277.9049,0.11800681207483277,65,True
Breakout_50_noSMA,MAR,2025-02-07,2025-02-18,301.3997,280.2376,-0.07021285853351011,6,False
Breakout_50_noSMA,MAR,2025-07-02,2025-08-01,275.3115,259.1027,-0.05887451236895769,21,False
Breakout_50_noSMA,MAR,2025-11-06,2026-03-09,281.7884,317.12,0.12538345416699048,82,True
Breakout_50,MCD,2020-06-08,2020-06-25,171.5671,160.8968,-0.0621932356792142,13,False
Breakout_50,MCD,2020-08-07,2020-10-29,178.3008,189.3359,0.06189043674607797,58,True
Breakout_50,MCD,2021-03-16,2021-06-21,195.9979,206.9982,0.05612434693217727,67,True
Breakout_50,MCD,2021-07-26,2021-08-05,217.2032,211.5846,-0.025867822811986407,8,False
Breakout_50,MCD,2021-09-27,2021-10-21,222.0037,216.7424,-0.023699226641116566,18,False
Breakout_50,MCD,2021-11-02,2021-12-01,227.2018,223.0167,-0.018420258093673536,20,False
Breakout_50,MCD,2021-12-08,2022-01-18,235.9389,233.1803,-0.01169220930689574,27,False
Breakout_50,MCD,2022-07-20,2022-08-30,235.6118,234.8961,-0.003037603444902892,29,False
Breakout_50,MCD,2022-10-31,2022-12-23,251.9211,246.697,-0.020737044162036478,38,False
Breakout_50,MCD,2023-03-28,2023-05-25,255.6705,267.6146,0.04671701669709427,41,True
Breakout_50,MCD,2023-07-03,2023-08-02,279.3542,272.2904,-0.025286098709273785,21,False
Breakout_50,MCD,2023-12-04,2024-02-06,270.3945,268.4779,-0.0070880112186515465,43,False
Breakout_50,MCD,2024-08-05,2024-10-28,263.1823,289.0176,0.09816489881421386,59,True
Breakout_50,MCD,2025-02-11,2025-04-07,298.6955,285.9841,-0.04255657356892728,38,False
Breakout_50,MCD,2025-08-20,2025-09-16,308.3165,300.0137,-0.02692956062539187,18,False
Breakout_50,MCD,2025-12-15,2026-01-02,314.9407,303.5941,-0.03602779987269533,12,False
Breakout_50,MCD,2026-02-05,2026-03-19,323.2741,315.99,-0.02253230632797243,29,False
Breakout_100,MCD,2020-08-07,2020-10-29,178.3008,189.3359,0.06189043674607797,58,True
Breakout_100,MCD,2021-03-30,2021-06-21,201.8445,206.9982,0.025532925886578628,57,True
Breakout_100,MCD,2021-07-26,2021-08-05,217.2032,211.5846,-0.025867822811986407,8,False
Breakout_100,MCD,2021-09-27,2021-10-21,222.0037,216.7424,-0.023699226641116566,18,False
Breakout_100,MCD,2021-11-02,2021-12-01,227.2018,223.0167,-0.018420258093673536,20,False
Breakout_100,MCD,2021-12-08,2022-01-18,235.9389,233.1803,-0.01169220930689574,27,False
Breakout_100,MCD,2022-07-29,2022-08-30,241.9154,234.8961,-0.02901576136255779,22,False
Breakout_100,MCD,2022-10-31,2022-12-23,251.9211,246.697,-0.020737044162036478,38,False
Breakout_100,MCD,2023-04-03,2023-05-25,262.2024,267.6146,0.020641406192528855,37,True
Breakout_100,MCD,2023-07-03,2023-08-02,279.3542,272.2904,-0.025286098709273785,21,False
Breakout_100,MCD,2023-12-14,2024-02-06,279.5124,268.4779,-0.039477575448886526,35,False
Breakout_100,MCD,2024-08-20,2024-10-28,275.1486,289.0176,0.050405212511577924,48,True
Breakout_100,MCD,2025-03-10,2025-04-07,312.8525,285.9841,-0.08588208548320608,20,False
Breakout_100,MCD,2025-12-16,2026-01-02,317.3373,303.5941,-0.043307882991149294,11,False
Breakout_100,MCD,2026-02-05,2026-03-19,323.2741,315.99,-0.02253230632797243,29,False
Breakout_50_noSMA,MCD,2020-06-04,2020-06-25,168.6212,160.8968,-0.045809285675174505,15,False
Breakout_50_noSMA,MCD,2020-08-07,2020-10-29,178.3008,189.3359,0.06189043674607797,58,True
Breakout_50_noSMA,MCD,2021-03-16,2021-06-21,195.9979,206.9982,0.05612434693217727,67,True
Breakout_50_noSMA,MCD,2021-07-26,2021-08-05,217.2032,211.5846,-0.025867822811986407,8,False
Breakout_50_noSMA,MCD,2021-09-27,2021-10-21,222.0037,216.7424,-0.023699226641116566,18,False
Breakout_50_noSMA,MCD,2021-11-02,2021-12-01,227.2018,223.0167,-0.018420258093673536,20,False
Breakout_50_noSMA,MCD,2021-12-08,2022-01-18,235.9389,233.1803,-0.01169220930689574,27,False
Breakout_50_noSMA,MCD,2022-07-20,2022-08-30,235.6118,234.8961,-0.003037603444902892,29,False
Breakout_50_noSMA,MCD,2022-10-31,2022-12-23,251.9211,246.697,-0.020737044162036478,38,False
Breakout_50_noSMA,MCD,2023-03-28,2023-05-25,255.6705,267.6146,0.04671701669709427,41,True
Breakout_50_noSMA,MCD,2023-07-03,2023-08-02,279.3542,272.2904,-0.025286098709273785,21,False
Breakout_50_noSMA,MCD,2023-12-04,2024-02-06,270.3945,268.4779,-0.0070880112186515465,43,False
Breakout_50_noSMA,MCD,2024-08-05,2024-10-28,263.1823,289.0176,0.09816489881421386,59,True
Breakout_50_noSMA,MCD,2025-02-11,2025-04-07,298.6955,285.9841,-0.04255657356892728,38,False
Breakout_50_noSMA,MCD,2025-08-20,2025-09-16,308.3165,300.0137,-0.02692956062539187,18,False
Breakout_50_noSMA,MCD,2025-12-15,2026-01-02,314.9407,303.5941,-0.03602779987269533,12,False
Breakout_50_noSMA,MCD,2026-02-05,2026-03-19,323.2741,315.99,-0.02253230632797243,29,False
Breakout_50,MCHI,2020-05-19,2020-09-09,55.5447,65.0084,0.17037827076573597,78,True
Breakout_50,MCHI,2020-10-13,2020-12-15,69.6721,70.5905,0.013181284225119327,44,True
Breakout_50,MCHI,2021-01-11,2021-03-01,75.4334,79.6934,0.05647377904500228,33,True
Breakout_50,MCHI,2022-12-09,2023-02-21,45.0121,46.0365,0.022756519651941698,48,True
Breakout_50,MCHI,2023-07-31,2023-08-14,46.0968,42.2166,-0.08417648239664077,10,False
Breakout_50,MCHI,2024-04-25,2024-06-24,39.2997,41.5158,0.05639050019178771,40,True
Breakout_50,MCHI,2024-09-25,2024-11-13,44.0499,46.4401,0.05426020495643202,35,True
Breakout_50,MCHI,2025-02-13,2025-04-07,49.852,45.7922,-0.08143637546891036,36,False
Breakout_50,MCHI,2025-06-12,2025-10-13,54.4889,62.8123,0.1527534809794857,84,True
Breakout_100,MCHI,2020-06-24,2020-09-09,59.2676,65.0084,0.0968617626178292,53,True
Breakout_100,MCHI,2020-10-13,2020-12-15,69.6721,70.5905,0.013181284225119327,44,True
Breakout_100,MCHI,2021-01-11,2021-03-01,75.4334,79.6934,0.05647377904500228,33,True
Breakout_100,MCHI,2023-01-05,2023-02-21,47.4872,46.0365,-0.030550591305672392,31,False
Breakout_100,MCHI,2024-04-29,2024-06-24,40.5804,41.5158,0.02305176617684679,38,True
Breakout_100,MCHI,2024-09-27,2024-11-13,48.3791,46.4401,-0.04007946410421026,33,False
Breakout_100,MCHI,2025-03-07,2025-04-07,55.3791,45.7922,-0.17311428534290396,21,False
Breakout_100,MCHI,2025-07-23,2025-10-13,58.4555,62.8123,0.07453112466566303,57,True
Breakout_50_noSMA,MCHI,2020-05-19,2020-09-09,55.5447,65.0084,0.17037827076573597,78,True
Breakout_50_noSMA,MCHI,2020-10-13,2020-12-15,69.6721,70.5905,0.013181284225119327,44,True
Breakout_50_noSMA,MCHI,2021-01-11,2021-03-01,75.4334,79.6934,0.05647377904500228,33,True
Breakout_50_noSMA,MCHI,2022-06-27,2022-07-18,51.5855,47.789,-0.0735968394938854,14,False
Breakout_50_noSMA,MCHI,2022-12-01,2023-02-21,42.5449,46.0365,0.08206890308098935,54,True
Breakout_50_noSMA,MCHI,2023-07-31,2023-08-14,46.0968,42.2166,-0.08417648239664077,10,False
Breakout_50_noSMA,MCHI,2024-04-25,2024-06-24,39.2997,41.5158,0.05639050019178771,40,True
Breakout_50_noSMA,MCHI,2024-09-25,2024-11-13,44.0499,46.4401,0.05426020495643202,35,True
Breakout_50_noSMA,MCHI,2025-02-13,2025-04-07,49.852,45.7922,-0.08143637546891036,36,False
Breakout_50_noSMA,MCHI,2025-06-12,2025-10-13,54.4889,62.8123,0.1527534809794857,84,True
Breakout_50,MCHP,2020-05-27,2020-07-27,42.597,45.4734,0.0675263740603087,42,True
Breakout_50,MCHP,2020-09-02,2020-09-09,50.6438,45.7094,-0.09743363961044194,4,False
Breakout_50,MCHP,2020-11-06,2021-01-28,54.8208,61.5281,0.122349094409135,55,True
Breakout_50,MCHP,2021-02-12,2021-03-05,70.3788,64.9082,-0.0777303562892564,14,False
Breakout_50,MCHP,2021-08-27,2021-10-05,70.8242,67.2615,-0.05030407904689149,26,False
Breakout_50,MCHP,2021-11-08,2022-01-10,79.2415,73.4458,-0.07313977974282604,43,False
Breakout_50,MCHP,2022-08-15,2022-08-30,67.2188,60.2524,-0.1036372776171266,11,False
Breakout_50,MCHP,2022-11-11,2022-12-28,68.2934,63.3478,-0.07241671772468705,31,False
Breakout_50,MCHP,2023-02-02,2023-03-27,75.7956,73.8531,-0.02562767461801463,36,False
Breakout_50,MCHP,2023-06-14,2023-08-07,79.8304,78.0491,-0.022313242879516526,36,False
Breakout_50,MCHP,2023-11-21,2024-01-18,79.0231,80.9077,0.023849292191384208,38,True
Breakout_50,MCHP,2024-03-08,2024-04-15,88.2151,83.099,-0.057995898532382184,25,False
Breakout_50,MCHP,2024-05-21,2024-06-17,89.8583,87.0027,-0.03177962552626068,18,False
Breakout_50,MCHP,2025-06-04,2025-08-01,62.965,67.0746,0.06526813571508439,40,True
Breakout_50,MCHP,2025-12-12,2026-03-04,68.954,72.52,0.05171561872087227,54,True
Breakout_100,MCHP,2020-09-03,2020-09-09,50.8096,45.7094,-0.10037932284624573,3,False
Breakout_100,MCHP,2020-11-06,2021-01-28,54.8208,61.5281,0.122349094409135,55,True
Breakout_100,MCHP,2021-02-12,2021-03-05,70.3788,64.9082,-0.0777303562892564,14,False
Breakout_100,MCHP,2021-09-17,2021-10-05,73.707,67.2615,-0.08744847099979969,12,False
Breakout_100,MCHP,2021-11-08,2022-01-10,79.2415,73.4458,-0.07313977974282604,43,False
Breakout_100,MCHP,2022-11-14,2022-12-28,69.1122,63.3478,-0.08340658357736352,30,False
Breakout_100,MCHP,2023-02-02,2023-03-27,75.7956,73.8531,-0.02562767461801463,36,False
Breakout_100,MCHP,2023-07-03,2023-08-07,84.5959,78.0491,-0.07738945643223483,24,False
Breakout_100,MCHP,2024-05-21,2024-06-17,89.8583,87.0027,-0.03177962552626068,18,False
Breakout_100,MCHP,2025-06-05,2025-08-01,63.601,67.0746,0.054615401816973996,39,True
Breakout_100,MCHP,2026-01-07,2026-03-04,72.6323,72.52,-0.0015466467838400888,38,False
Breakout_50_noSMA,MCHP,2020-05-27,2020-07-27,42.597,45.4734,0.0675263740603087,42,True
Breakout_50_noSMA,MCHP,2020-09-02,2020-09-09,50.6438,45.7094,-0.09743363961044194,4,False
Breakout_50_noSMA,MCHP,2020-11-06,2021-01-28,54.8208,61.5281,0.122349094409135,55,True
Breakout_50_noSMA,MCHP,2021-02-12,2021-03-05,70.3788,64.9082,-0.0777303562892564,14,False
Breakout_50_noSMA,MCHP,2021-08-27,2021-10-05,70.8242,67.2615,-0.05030407904689149,26,False
Breakout_50_noSMA,MCHP,2021-11-08,2022-01-10,79.2415,73.4458,-0.07313977974282604,43,False
Breakout_50_noSMA,MCHP,2022-08-15,2022-08-30,67.2188,60.2524,-0.1036372776171266,11,False
Breakout_50_noSMA,MCHP,2022-11-11,2022-12-28,68.2934,63.3478,-0.07241671772468705,31,False
Breakout_50_noSMA,MCHP,2023-02-02,2023-03-27,75.7956,73.8531,-0.02562767461801463,36,False
Breakout_50_noSMA,MCHP,2023-06-14,2023-08-07,79.8304,78.0491,-0.022313242879516526,36,False
Breakout_50_noSMA,MCHP,2023-11-21,2024-01-18,79.0231,80.9077,0.023849292191384208,38,True
Breakout_50_noSMA,MCHP,2024-03-08,2024-04-15,88.2151,83.099,-0.057995898532382184,25,False
Breakout_50_noSMA,MCHP,2024-05-21,2024-06-17,89.8583,87.0027,-0.03177962552626068,18,False
Breakout_50_noSMA,MCHP,2025-06-04,2025-08-01,62.965,67.0746,0.06526813571508439,40,True
Breakout_50_noSMA,MCHP,2025-12-12,2026-03-04,68.954,72.52,0.05171561872087227,54,True
Breakout_50,MCO,2020-05-29,2020-08-05,253.496,262.9895,0.03745043494854183,47,True
Breakout_50,MCO,2020-09-03,2020-09-08,288.8246,265.4738,-0.0808477934566707,2,False
Breakout_50,MCO,2021-03-16,2021-09-20,286.9405,352.308,0.22780855517029042,130,True
Breakout_50,MCO,2021-10-27,2021-12-21,375.8626,376.4072,0.0014490910759583642,38,True
Breakout_50,MCO,2022-11-14,2022-12-21,297.3802,270.7115,-0.08967897215398246,26,False
Breakout_50,MCO,2023-01-13,2023-02-22,300.7127,287.5367,-0.04381581838640902,26,False
Breakout_50,MCO,2023-05-23,2023-08-04,311.3887,330.941,0.062790611979189,50,True
Breakout_50,MCO,2023-11-15,2024-02-14,343.8779,363.5097,0.05708949076108105,61,True
Breakout_50,MCO,2024-05-16,2024-10-03,403.297,465.9537,0.15536131498173789,96,True
Breakout_50,MCO,2024-11-27,2024-12-19,497.2751,465.1698,-0.06456238901468248,15,False
Breakout_50,MCO,2025-02-12,2025-03-05,504.1279,476.7198,-0.054367298693407284,14,False
Breakout_50,MCO,2025-05-20,2025-09-03,485.1862,494.2785,0.018739891361014394,72,True
Breakout_50,MCO,2025-12-18,2026-02-04,500.8475,466.4219,-0.06873468885960288,31,False
Breakout_100,MCO,2020-07-09,2020-08-05,281.0235,262.9895,-0.06417260475276598,19,False
Breakout_100,MCO,2020-09-03,2020-09-08,288.8246,265.4738,-0.0808477934566707,2,False
Breakout_100,MCO,2021-03-29,2021-09-20,290.6141,352.308,0.21228804511540522,121,True
Breakout_100,MCO,2021-10-27,2021-12-21,375.8626,376.4072,0.0014490910759583642,38,True
Breakout_100,MCO,2023-01-17,2023-02-22,306.1427,287.5367,-0.060775539171455506,25,False
Breakout_100,MCO,2023-06-12,2023-08-04,328.3783,330.941,0.00780408042145786,37,True
Breakout_100,MCO,2023-11-22,2024-02-14,358.5189,363.5097,0.013920767029968362,56,True
Breakout_100,MCO,2024-05-16,2024-10-03,403.297,465.9537,0.15536131498173789,96,True
Breakout_100,MCO,2024-11-27,2024-12-19,497.2751,465.1698,-0.06456238901468248,15,False
Breakout_100,MCO,2025-02-12,2025-03-05,504.1279,476.7198,-0.054367298693407284,14,False
Breakout_100,MCO,2026-01-06,2026-02-04,525.4144,466.4219,-0.11227804894774895,20,False
Breakout_50_noSMA,MCO,2020-05-29,2020-08-05,253.496,262.9895,0.03745043494854183,47,True
Breakout_50_noSMA,MCO,2020-09-03,2020-09-08,288.8246,265.4738,-0.0808477934566707,2,False
Breakout_50_noSMA,MCO,2021-03-16,2021-09-20,286.9405,352.308,0.22780855517029042,130,True
Breakout_50_noSMA,MCO,2021-10-27,2021-12-21,375.8626,376.4072,0.0014490910759583642,38,True
Breakout_50_noSMA,MCO,2022-08-01,2022-08-30,297.3819,283.4398,-0.04688274945665083,21,False
Breakout_50_noSMA,MCO,2022-11-14,2022-12-21,297.3802,270.7115,-0.08967897215398246,26,False
Breakout_50_noSMA,MCO,2023-01-13,2023-02-22,300.7127,287.5367,-0.04381581838640902,26,False
Breakout_50_noSMA,MCO,2023-05-23,2023-08-04,311.3887,330.941,0.062790611979189,50,True
Breakout_50_noSMA,MCO,2023-11-15,2024-02-14,343.8779,363.5097,0.05708949076108105,61,True
Breakout_50_noSMA,MCO,2024-05-16,2024-10-03,403.297,465.9537,0.15536131498173789,96,True
Breakout_50_noSMA,MCO,2024-11-27,2024-12-19,497.2751,465.1698,-0.06456238901468248,15,False
Breakout_50_noSMA,MCO,2025-02-12,2025-03-05,504.1279,476.7198,-0.054367298693407284,14,False
Breakout_50_noSMA,MCO,2025-05-20,2025-09-03,485.1862,494.2785,0.018739891361014394,72,True
Breakout_50_noSMA,MCO,2025-12-18,2026-02-04,500.8475,466.4219,-0.06873468885960288,31,False
Breakout_50,MDLZ,2020-07-20,2020-09-22,46.6938,48.233,0.03296300490025694,45,True
Breakout_50,MDLZ,2021-03-23,2021-08-05,51.4214,54.7331,0.06440284045552058,94,True
Breakout_50,MDLZ,2021-12-16,2022-02-16,57.4604,58.9798,0.02644286295584486,42,True
Breakout_50,MDLZ,2022-08-17,2022-08-29,59.4214,56.2145,-0.05396762894975282,8,False
Breakout_50,MDLZ,2022-11-11,2023-01-19,59.1536,58.911,-0.004101077683576815,45,False
Breakout_50,MDLZ,2023-03-27,2023-05-31,63.2921,66.6476,0.05301541517760322,45,True
Breakout_50,MDLZ,2023-12-14,2024-02-14,67.9301,67.1252,-0.01184833392788398,41,False
Breakout_50,MDLZ,2024-08-05,2024-10-04,68.9636,67.6488,-0.01906472769140377,43,False
Breakout_50,MDLZ,2025-02-26,2025-04-29,62.853,62.9729,0.0019077977989419015,43,True
Breakout_50,MDLZ,2025-07-02,2025-07-31,67.223,63.091,-0.06146720660852312,20,False
Breakout_50,MDLZ,2026-02-12,2026-03-11,61.4678,55.7672,-0.09274193867557057,18,False
Breakout_100,MDLZ,2020-07-30,2020-09-22,48.5529,48.233,-0.006589639038427131,37,False
Breakout_100,MDLZ,2021-03-30,2021-08-05,52.5532,54.7331,0.041479289479899206,89,True
Breakout_100,MDLZ,2021-12-17,2022-02-16,58.2956,58.9798,0.011736836509780302,41,True
Breakout_100,MDLZ,2022-11-23,2023-01-19,60.2994,58.911,-0.023024864398973888,37,False
Breakout_100,MDLZ,2023-03-27,2023-05-31,63.2921,66.6476,0.05301541517760322,45,True
Breakout_100,MDLZ,2024-01-03,2024-02-14,69.5767,67.1252,-0.03523410522032555,29,False
Breakout_100,MDLZ,2024-09-05,2024-10-04,71.3132,67.6488,-0.05138455172871603,21,False
Breakout_100,MDLZ,2025-07-23,2025-07-31,68.948,63.091,-0.08494711164888913,6,False
Breakout_50_noSMA,MDLZ,2020-07-20,2020-09-22,46.6938,48.233,0.03296300490025694,45,True
Breakout_50_noSMA,MDLZ,2021-03-23,2021-08-05,51.4214,54.7331,0.06440284045552058,94,True
Breakout_50_noSMA,MDLZ,2021-12-16,2022-02-16,57.4604,58.9798,0.02644286295584486,42,True
Breakout_50_noSMA,MDLZ,2022-08-17,2022-08-29,59.4214,56.2145,-0.05396762894975282,8,False
Breakout_50_noSMA,MDLZ,2022-11-11,2023-01-19,59.1536,58.911,-0.004101077683576815,45,False
Breakout_50_noSMA,MDLZ,2023-03-27,2023-05-31,63.2921,66.6476,0.05301541517760322,45,True
Breakout_50_noSMA,MDLZ,2023-12-14,2024-02-14,67.9301,67.1252,-0.01184833392788398,41,False
Breakout_50_noSMA,MDLZ,2024-08-05,2024-10-04,68.9636,67.6488,-0.01906472769140377,43,False
Breakout_50_noSMA,MDLZ,2025-02-24,2025-04-29,61.9977,62.9729,0.015730329169141966,45,True
Breakout_50_noSMA,MDLZ,2025-07-02,2025-07-31,67.223,63.091,-0.06146720660852312,20,False
Breakout_50_noSMA,MDLZ,2026-01-21,2026-03-11,57.175,55.7672,-0.02462287677477215,34,False
Breakout_50,MDT,2020-08-28,2020-10-05,90.2865,87.7045,-0.028598524227101185,25,False
Breakout_50,MDT,2020-10-19,2020-10-28,94.2058,87.6365,-0.06973377996566676,7,False
Breakout_50,MDT,2020-11-10,2021-01-28,95.8715,95.7952,-0.0007959532122105983,53,False
Breakout_50,MDT,2021-04-06,2021-06-03,102.9121,105.8993,0.02902662662623534,41,True
Breakout_50,MDT,2021-07-28,2021-08-11,112.3432,108.7026,-0.03240670177866278,10,False
Breakout_50,MDT,2021-08-25,2021-09-20,114.4569,110.6782,-0.03301432157516415,17,False
Breakout_50,MDT,2023-02-03,2023-03-08,77.9803,71.5314,-0.08269883840944514,22,False
Breakout_50,MDT,2023-04-25,2023-05-26,81.2801,75.0843,-0.07622755261179115,23,False
Breakout_50,MDT,2023-07-27,2023-08-03,83.2001,77.7143,-0.06593427814590958,5,False
Breakout_50,MDT,2023-12-14,2024-02-14,76.3126,77.798,0.019464498845560563,41,True
Breakout_50,MDT,2024-08-16,2024-11-05,79.4809,84.8934,0.06809907233527723,56,True
Breakout_50,MDT,2025-01-24,2025-03-25,85.6857,86.8107,0.013129822162805338,41,True
Breakout_50,MDT,2025-07-02,2025-10-27,86.7991,92.3021,0.06339945148860493,81,True
Breakout_50,MDT,2025-11-19,2025-12-26,99.4409,95.9268,-0.03533908152900622,25,False
Breakout_100,MDT,2020-08-28,2020-10-05,90.2865,87.7045,-0.028598524227101185,25,False
Breakout_100,MDT,2020-10-19,2020-10-28,94.2058,87.6365,-0.06973377996566676,7,False
Breakout_100,MDT,2020-11-10,2021-01-28,95.8715,95.7952,-0.0007959532122105983,53,False
Breakout_100,MDT,2021-04-06,2021-06-03,102.9121,105.8993,0.02902662662623534,41,True
Breakout_100,MDT,2021-08-25,2021-09-20,114.4569,110.6782,-0.03301432157516415,17,False
Breakout_100,MDT,2023-04-25,2023-05-26,81.2801,75.0843,-0.07622755261179115,23,False
Breakout_100,MDT,2024-01-08,2024-02-14,78.8487,77.798,-0.013325559981524404,26,False
Breakout_100,MDT,2024-08-23,2024-11-05,83.4819,84.8934,0.016908744408518528,51,True
Breakout_100,MDT,2025-01-28,2025-03-25,88.9069,86.8107,-0.02357767412100642,39,False
Breakout_100,MDT,2025-09-19,2025-10-27,93.7278,92.3021,-0.015210847638748248,26,False
Breakout_100,MDT,2025-11-19,2025-12-26,99.4409,95.9268,-0.03533908152900622,25,False
Breakout_50_noSMA,MDT,2020-08-28,2020-10-05,90.2865,87.7045,-0.028598524227101185,25,False
Breakout_50_noSMA,MDT,2020-10-19,2020-10-28,94.2058,87.6365,-0.06973377996566676,7,False
Breakout_50_noSMA,MDT,2020-11-10,2021-01-28,95.8715,95.7952,-0.0007959532122105983,53,False
Breakout_50_noSMA,MDT,2021-04-06,2021-06-03,102.9121,105.8993,0.02902662662623534,41,True
Breakout_50_noSMA,MDT,2021-07-28,2021-08-11,112.3432,108.7026,-0.03240670177866278,10,False
Breakout_50_noSMA,MDT,2021-08-25,2021-09-20,114.4569,110.6782,-0.03301432157516415,17,False
Breakout_50_noSMA,MDT,2022-03-30,2022-04-27,98.2395,93.7194,-0.04601075223205131,19,False
Breakout_50_noSMA,MDT,2023-02-01,2023-03-08,75.5519,71.5314,-0.05321442765208495,24,False
Breakout_50_noSMA,MDT,2023-04-25,2023-05-26,81.2801,75.0843,-0.07622755261179115,23,False
Breakout_50_noSMA,MDT,2023-07-27,2023-08-03,83.2001,77.7143,-0.06593427814590958,5,False
Breakout_50_noSMA,MDT,2023-12-14,2024-02-14,76.3126,77.798,0.019464498845560563,41,True
Breakout_50_noSMA,MDT,2024-08-16,2024-11-05,79.4809,84.8934,0.06809907233527723,56,True
Breakout_50_noSMA,MDT,2025-01-24,2025-03-25,85.6857,86.8107,0.013129822162805338,41,True
Breakout_50_noSMA,MDT,2025-07-02,2025-10-27,86.7991,92.3021,0.06339945148860493,81,True
Breakout_50_noSMA,MDT,2025-11-19,2025-12-26,99.4409,95.9268,-0.03533908152900622,25,False
Breakout_50,MDY,2020-06-04,2020-09-09,312.9042,319.4971,0.021070030589367628,67,True
Breakout_50,MDY,2020-10-09,2020-10-29,342.7785,323.5711,-0.05603443179089096,14,False
Breakout_50,MDY,2020-11-06,2021-05-13,348.7901,452.9008,0.2984910139222636,128,True
Breakout_50,MDY,2021-08-30,2021-09-13,476.5467,465.0915,-0.024037996182963095,9,False
Breakout_50,MDY,2021-10-21,2021-12-01,478.8953,475.4543,-0.007185356100685492,28,False
Breakout_50,MDY,2022-08-15,2022-09-02,452.0423,424.5276,-0.06086751357628495,14,False
Breakout_50,MDY,2022-11-14,2022-12-19,440.333,422.6521,-0.0401534966720285,24,False
Breakout_50,MDY,2023-01-27,2023-03-10,455.4987,441.493,-0.030748174252074434,29,False
Breakout_50,MDY,2023-06-07,2023-08-16,448.0982,464.1237,0.03576334750861365,48,True
Breakout_50,MDY,2023-12-04,2024-04-15,464.5712,520.7343,0.1208924419198667,90,True
Breakout_50,MDY,2024-07-16,2024-08-05,546.2453,502.8056,-0.07952412869334091,14,False
Breakout_50,MDY,2024-10-14,2024-12-19,566.0724,564.1279,-0.0034351368813516636,47,False
Breakout_50,MDY,2025-05-19,2025-10-13,550.902,581.3368,0.05524554149639771,101,True
Breakout_50,MDY,2025-12-11,2026-03-09,610.9767,616.3214,0.008747722451881046,58,True
Breakout_100,MDY,2020-08-11,2020-09-09,334.8974,319.4971,-0.045985211119697667,20,False
Breakout_100,MDY,2020-10-09,2020-10-29,342.7785,323.5711,-0.05603443179089096,14,False
Breakout_100,MDY,2020-11-06,2021-05-13,348.7901,452.9008,0.2984910139222636,128,True
Breakout_100,MDY,2021-10-21,2021-12-01,478.8953,475.4543,-0.007185356100685492,28,False
Breakout_100,MDY,2023-01-27,2023-03-10,455.4987,441.493,-0.030748174252074434,29,False
Breakout_100,MDY,2023-07-13,2023-08-16,475.3402,464.1237,-0.023596794181758196,24,False
Breakout_100,MDY,2023-12-15,2024-04-15,491.8703,520.7343,0.058682035303859736,81,True
Breakout_100,MDY,2024-07-17,2024-08-05,552.5907,502.8056,-0.09009400037173476,13,False
Breakout_100,MDY,2024-10-14,2024-12-19,566.0724,564.1279,-0.0034351368813516636,47,False
Breakout_100,MDY,2025-07-24,2025-10-13,580.4073,581.3368,0.001601553134238376,56,True
Breakout_100,MDY,2025-12-11,2026-03-09,610.9767,616.3214,0.008747722451881046,58,True
Breakout_50_noSMA,MDY,2020-05-27,2020-09-09,303.7442,319.4971,0.05186250586897012,73,True
Breakout_50_noSMA,MDY,2020-10-09,2020-10-29,342.7785,323.5711,-0.05603443179089096,14,False
Breakout_50_noSMA,MDY,2020-11-06,2021-05-13,348.7901,452.9008,0.2984910139222636,128,True
Breakout_50_noSMA,MDY,2021-08-30,2021-09-13,476.5467,465.0915,-0.024037996182963095,9,False
Breakout_50_noSMA,MDY,2021-10-21,2021-12-01,478.8953,475.4543,-0.007185356100685492,28,False
Breakout_50_noSMA,MDY,2022-08-12,2022-09-02,450.2111,424.5276,-0.05704778473253258,15,False
Breakout_50_noSMA,MDY,2022-11-14,2022-12-19,440.333,422.6521,-0.0401534966720285,24,False
Breakout_50_noSMA,MDY,2023-01-27,2023-03-10,455.4987,441.493,-0.030748174252074434,29,False
Breakout_50_noSMA,MDY,2023-06-07,2023-08-16,448.0982,464.1237,0.03576334750861365,48,True
Breakout_50_noSMA,MDY,2023-12-04,2024-04-15,464.5712,520.7343,0.1208924419198667,90,True
Breakout_50_noSMA,MDY,2024-07-16,2024-08-05,546.2453,502.8056,-0.07952412869334091,14,False
Breakout_50_noSMA,MDY,2024-10-14,2024-12-19,566.0724,564.1279,-0.0034351368813516636,47,False
Breakout_50_noSMA,MDY,2025-05-19,2025-10-13,550.902,581.3368,0.05524554149639771,101,True
Breakout_50_noSMA,MDY,2025-12-11,2026-03-09,610.9767,616.3214,0.008747722451881046,58,True
Breakout_50,MET,2020-06-09,2020-06-29,34.5187,29.502,-0.14533204696430746,14,False
Breakout_50,MET,2020-10-26,2020-10-28,33.9092,30.958,-0.08703201268510585,2,False
Breakout_50,MET,2020-11-06,2021-06-15,35.552,54.9309,0.5450868693379467,150,True
Breakout_50,MET,2021-09-28,2021-11-01,55.5344,55.2466,-0.005182821636073087,24,False
Breakout_50,MET,2022-01-07,2022-03-02,58.6521,57.5674,-0.018493186438910625,36,False
Breakout_50,MET,2022-08-15,2022-09-23,60.157,56.2747,-0.06453544045429316,28,False
Breakout_50,MET,2022-10-25,2022-12-16,61.8106,64.058,0.03636098218775907,37,True
Breakout_50,MET,2023-08-04,2023-09-28,59.3804,58.1358,-0.020960850185234747,38,False
Breakout_50,MET,2023-12-12,2024-02-02,60.8613,61.3854,0.008609897348196505,35,True
Breakout_50,MET,2024-03-06,2024-04-15,66.9476,67.1739,0.0033811936574046353,27,True
Breakout_50,MET,2024-05-20,2024-05-24,70.6533,68.4575,-0.03107760997804121,4,False
Breakout_50,MET,2024-07-17,2024-08-05,71.9745,65.5014,-0.08993646124012444,13,False
Breakout_50,MET,2024-09-19,2024-11-01,76.8971,75.1723,-0.02242982224969714,31,False
Breakout_50,MET,2024-11-25,2024-12-10,83.851,79.3931,-0.053164457793049125,10,False
Breakout_50,MET,2025-08-25,2025-10-17,80.1328,76.9784,-0.03936519311659392,38,False
Breakout_100,MET,2020-11-06,2021-06-15,35.552,54.9309,0.5450868693379467,150,True
Breakout_100,MET,2021-10-21,2021-11-01,57.8196,55.2466,-0.044501218461798664,7,False
Breakout_100,MET,2022-01-07,2022-03-02,58.6521,57.5674,-0.018493186438910625,36,False
Breakout_100,MET,2022-10-25,2022-12-16,61.8106,64.058,0.03636098218775907,37,True
Breakout_100,MET,2023-08-04,2023-09-28,59.3804,58.1358,-0.020960850185234747,38,False
Breakout_100,MET,2023-12-15,2024-02-02,62.0965,61.3854,-0.01145267425754859,32,False
Breakout_100,MET,2024-03-06,2024-04-15,66.9476,67.1739,0.0033811936574046353,27,True
Breakout_100,MET,2024-05-20,2024-05-24,70.6533,68.4575,-0.03107760997804121,4,False
Breakout_100,MET,2024-07-17,2024-08-05,71.9745,65.5014,-0.08993646124012444,13,False
Breakout_100,MET,2024-09-19,2024-11-01,76.8971,75.1723,-0.02242982224969714,31,False
Breakout_100,MET,2024-11-25,2024-12-10,83.851,79.3931,-0.053164457793049125,10,False
Breakout_100,MET,2025-10-01,2025-10-17,80.5962,76.9784,-0.04488757224456863,12,False
Breakout_50_noSMA,MET,2020-06-05,2020-06-29,35.233,29.502,-0.16265885047210982,16,False
Breakout_50_noSMA,MET,2020-10-26,2020-10-28,33.9092,30.958,-0.08703201268510585,2,False
Breakout_50_noSMA,MET,2020-11-06,2021-06-15,35.552,54.9309,0.5450868693379467,150,True
Breakout_50_noSMA,MET,2021-09-28,2021-11-01,55.5344,55.2466,-0.005182821636073087,24,False
Breakout_50_noSMA,MET,2022-01-07,2022-03-02,58.6521,57.5674,-0.018493186438910625,36,False
Breakout_50_noSMA,MET,2022-08-15,2022-09-23,60.157,56.2747,-0.06453544045429316,28,False
Breakout_50_noSMA,MET,2022-10-25,2022-12-16,61.8106,64.058,0.03636098218775907,37,True
Breakout_50_noSMA,MET,2023-07-20,2023-09-28,55.8566,58.1358,0.04080356061303947,49,True
Breakout_50_noSMA,MET,2023-12-12,2024-02-02,60.8613,61.3854,0.008609897348196505,35,True
Breakout_50_noSMA,MET,2024-03-06,2024-04-15,66.9476,67.1739,0.0033811936574046353,27,True
Breakout_50_noSMA,MET,2024-05-20,2024-05-24,70.6533,68.4575,-0.03107760997804121,4,False
Breakout_50_noSMA,MET,2024-07-17,2024-08-05,71.9745,65.5014,-0.08993646124012444,13,False
Breakout_50_noSMA,MET,2024-09-19,2024-11-01,76.8971,75.1723,-0.02242982224969714,31,False
Breakout_50_noSMA,MET,2024-11-25,2024-12-10,83.851,79.3931,-0.053164457793049125,10,False
Breakout_50_noSMA,MET,2025-08-25,2025-10-17,80.1328,76.9784,-0.03936519311659392,38,False
Breakout_50,META,2020-05-11,2020-06-29,209.2479,208.1168,-0.005405607182580319,34,False
Breakout_50,META,2020-08-03,2020-09-18,250.6828,256.388,0.022758686562593278,33,True
Breakout_50,META,2021-03-22,2021-09-21,288.1885,355.7086,0.2342916616562627,127,True
Breakout_50,META,2023-02-03,2023-08-17,182.0414,290.7682,0.5972637377684595,134,True
Breakout_50,META,2023-10-12,2023-10-26,325.446,292.703,-0.10060955213531486,10,False
Breakout_50,META,2023-11-15,2023-12-07,335.2988,315.2957,-0.059657378561740804,15,False
Breakout_50,META,2023-12-19,2024-04-22,342.8892,486.4224,0.4185995262239428,84,True
Breakout_50,META,2024-06-28,2024-07-17,514.1778,476.416,-0.07344106613843138,12,False
Breakout_50,META,2024-09-20,2024-11-18,557.3126,554.3667,-0.005285803098836861,41,False
Breakout_50,META,2024-12-04,2024-12-23,610.0185,587.2439,-0.037334214471002714,13,False
Breakout_50,META,2025-01-27,2025-03-05,624.106,638.4385,0.022964841318068308,26,True
Breakout_50,META,2025-06-03,2025-09-03,669.3618,734.2755,0.09697855438297154,63,True
Breakout_50,META,2026-01-30,2026-02-13,726.8777,644.5481,-0.11326467204390467,10,False
Breakout_100,META,2020-05-21,2020-06-29,232.8924,208.1168,-0.10638199078683086,26,False
Breakout_100,META,2020-08-03,2020-09-18,250.6828,256.388,0.022758686562593278,33,True
Breakout_100,META,2021-04-06,2021-09-21,306.4352,355.7086,0.16079540491041788,117,True
Breakout_100,META,2023-02-03,2023-08-17,182.0414,290.7682,0.5972637377684595,134,True
Breakout_100,META,2023-10-12,2023-10-26,325.446,292.703,-0.10060955213531486,10,False
Breakout_100,META,2023-11-15,2023-12-07,335.2988,315.2957,-0.059657378561740804,15,False
Breakout_100,META,2023-12-19,2024-04-22,342.8892,486.4224,0.4185995262239428,84,True
Breakout_100,META,2024-07-08,2024-07-17,539.2329,476.416,-0.11649299909019362,7,False
Breakout_100,META,2024-09-20,2024-11-18,557.3126,554.3667,-0.005285803098836861,41,False
Breakout_100,META,2024-12-04,2024-12-23,610.0185,587.2439,-0.037334214471002714,13,False
Breakout_100,META,2025-01-27,2025-03-05,624.106,638.4385,0.022964841318068308,26,True
Breakout_100,META,2025-08-01,2025-09-03,758.9476,734.2755,-0.03250826418479047,22,False
Breakout_50_noSMA,META,2020-05-11,2020-06-29,209.2479,208.1168,-0.005405607182580319,34,False
Breakout_50_noSMA,META,2020-08-03,2020-09-18,250.6828,256.388,0.022758686562593278,33,True
Breakout_50_noSMA,META,2021-03-22,2021-09-21,288.1885,355.7086,0.2342916616562627,127,True
Breakout_50_noSMA,META,2023-01-11,2023-08-17,129.9403,290.7682,1.2377059353777398,150,True
Breakout_50_noSMA,META,2023-10-12,2023-10-26,325.446,292.703,-0.10060955213531486,10,False
Breakout_50_noSMA,META,2023-11-15,2023-12-07,335.2988,315.2957,-0.059657378561740804,15,False
Breakout_50_noSMA,META,2023-12-19,2024-04-22,342.8892,486.4224,0.4185995262239428,84,True
Breakout_50_noSMA,META,2024-06-28,2024-07-17,514.1778,476.416,-0.07344106613843138,12,False
Breakout_50_noSMA,META,2024-09-20,2024-11-18,557.3126,554.3667,-0.005285803098836861,41,False
Breakout_50_noSMA,META,2024-12-04,2024-12-23,610.0185,587.2439,-0.037334214471002714,13,False
Breakout_50_noSMA,META,2025-01-27,2025-03-05,624.106,638.4385,0.022964841318068308,26,True
Breakout_50_noSMA,META,2025-06-03,2025-09-03,669.3618,734.2755,0.09697855438297154,63,True
Breakout_50_noSMA,META,2026-01-30,2026-02-13,726.8777,644.5481,-0.11326467204390467,10,False
Breakout_50,MKC,2020-05-11,2020-09-18,72.837,85.4116,0.17264001251958816,91,True
Breakout_50,MKC,2021-01-27,2021-01-29,85.6911,81.0253,-0.05444889459541691,2,False
Breakout_50,MKC,2021-12-06,2022-02-24,80.5429,86.7492,0.0770562142926805,55,True
Breakout_50,MKC,2022-03-08,2022-03-09,93.6234,89.0739,-0.048593441004714744,1,False
Breakout_50,MKC,2022-08-17,2022-08-30,84.6337,78.5185,-0.0722549419919235,9,False
Breakout_50,MKC,2023-04-04,2023-06-30,78.3779,81.3569,0.038007666600439194,60,True
Breakout_50,MKC,2024-03-27,2024-05-23,73.4263,69.312,-0.056033199211638296,40,False
Breakout_50,MKC,2024-07-31,2024-10-08,73.4698,76.4378,0.04039683724023657,48,True
Breakout_50,MKC,2025-02-26,2025-04-07,79.4851,73.096,-0.080381619722801,28,False
Breakout_50,MKC,2026-02-12,2026-03-05,69.9069,64.4257,-0.07840634380460842,14,False
Breakout_100,MKC,2020-05-15,2020-09-18,77.287,85.4116,0.10512234600307169,87,True
Breakout_100,MKC,2021-12-07,2022-02-24,81.547,86.7492,0.06379459710888247,54,True
Breakout_100,MKC,2022-03-08,2022-03-09,93.6234,89.0739,-0.048593441004714744,1,False
Breakout_100,MKC,2023-04-28,2023-06-30,81.4126,81.3569,-0.0006846659162245139,43,False
Breakout_100,MKC,2024-03-27,2024-05-23,73.4263,69.312,-0.056033199211638296,40,False
Breakout_100,MKC,2024-08-02,2024-10-08,75.0747,76.4378,0.01815643423363933,46,True
Breakout_100,MKC,2025-03-04,2025-04-07,82.2187,73.096,-0.1109565096552102,24,False
Breakout_100,MKC,2026-02-12,2026-03-05,69.9069,64.4257,-0.07840634380460842,14,False
Breakout_50_noSMA,MKC,2020-05-11,2020-09-18,72.837,85.4116,0.17264001251958816,91,True
Breakout_50_noSMA,MKC,2021-01-27,2021-01-29,85.6911,81.0253,-0.05444889459541691,2,False
Breakout_50_noSMA,MKC,2021-12-06,2022-02-24,80.5429,86.7492,0.0770562142926805,55,True
Breakout_50_noSMA,MKC,2022-03-08,2022-03-09,93.6234,89.0739,-0.048593441004714744,1,False
Breakout_50_noSMA,MKC,2022-08-16,2022-08-30,83.8831,78.5185,-0.06395252412693164,10,False
Breakout_50_noSMA,MKC,2022-11-22,2023-01-13,78.71,74.5228,-0.05319774157337731,35,False
Breakout_50_noSMA,MKC,2023-04-04,2023-06-30,78.3779,81.3569,0.038007666600439194,60,True
Breakout_50_noSMA,MKC,2024-03-27,2024-05-23,73.4263,69.312,-0.056033199211638296,40,False
Breakout_50_noSMA,MKC,2024-07-31,2024-10-08,73.4698,76.4378,0.04039683724023657,48,True
Breakout_50_noSMA,MKC,2025-02-26,2025-04-07,79.4851,73.096,-0.080381619722801,28,False
Breakout_50_noSMA,MKC,2025-12-30,2026-01-06,68.4697,64.7826,-0.05385068466080578,4,False
Breakout_50_noSMA,MKC,2026-02-12,2026-03-05,69.9069,64.4257,-0.07840634380460842,14,False
Breakout_50,MMC,2020-06-09,2020-06-29,34.5187,29.502,-0.14533206284704148,14,False
Breakout_50,MMC,2020-10-26,2020-10-28,33.9092,30.958,-0.08703194810881121,2,False
Breakout_50,MMC,2020-11-06,2021-06-15,35.552,54.9309,0.5450870404076713,150,True
Breakout_50,MMC,2021-09-28,2021-11-01,55.5344,55.2466,-0.005182889459456552,24,False
Breakout_50,MMC,2022-01-07,2022-03-02,58.6521,57.5674,-0.01849312309580453,36,False
Breakout_50,MMC,2022-08-15,2022-09-23,60.157,56.2747,-0.06453549419817262,28,False
Breakout_50,MMC,2022-10-25,2022-12-16,61.8106,64.0581,0.03636104244126748,37,True
Breakout_50,MMC,2023-08-04,2023-09-28,59.3804,58.1358,-0.02096072206002242,38,False
Breakout_50,MMC,2023-12-12,2024-02-02,60.8613,61.3854,0.008609896631037284,35,True
Breakout_50,MMC,2024-03-06,2024-04-15,66.9476,67.1739,0.003381196289879762,27,True
Breakout_50,MMC,2024-05-20,2024-05-24,70.6533,68.4576,-0.031077609463259104,4,False
Breakout_50,MMC,2024-07-17,2024-08-05,71.9745,65.5014,-0.08993646124012444,13,False
Breakout_50,MMC,2024-09-19,2024-11-01,76.8971,75.1723,-0.022429729519557684,31,False
Breakout_50,MMC,2024-11-25,2024-12-10,83.851,79.3931,-0.05316463509789171,10,False
Breakout_50,MMC,2025-08-25,2025-10-17,80.1328,76.9784,-0.03936537985882527,38,False
Breakout_100,MMC,2020-11-06,2021-06-15,35.552,54.9309,0.5450870404076713,150,True
Breakout_100,MMC,2021-10-21,2021-11-01,57.8196,55.2466,-0.04450147410342864,7,False
Breakout_100,MMC,2022-01-07,2022-03-02,58.6521,57.5674,-0.01849312309580453,36,False
Breakout_100,MMC,2022-10-25,2022-12-16,61.8106,64.0581,0.03636104244126748,37,True
Breakout_100,MMC,2023-08-04,2023-09-28,59.3804,58.1358,-0.02096072206002242,38,False
Breakout_100,MMC,2023-12-15,2024-02-02,62.0965,61.3854,-0.011452734608182413,32,False
Breakout_100,MMC,2024-03-06,2024-04-15,66.9476,67.1739,0.003381196289879762,27,True
Breakout_100,MMC,2024-05-20,2024-05-24,70.6533,68.4576,-0.031077609463259104,4,False
Breakout_100,MMC,2024-07-17,2024-08-05,71.9745,65.5014,-0.08993646124012444,13,False
Breakout_100,MMC,2024-09-19,2024-11-01,76.8971,75.1723,-0.022429729519557684,31,False
Breakout_100,MMC,2024-11-25,2024-12-10,83.851,79.3931,-0.05316463509789171,10,False
Breakout_100,MMC,2025-10-01,2025-10-17,80.5962,76.9784,-0.0448875762349078,12,False
Breakout_50_noSMA,MMC,2020-06-05,2020-06-29,35.233,29.502,-0.1626591473867126,16,False
Breakout_50_noSMA,MMC,2020-10-26,2020-10-28,33.9092,30.958,-0.08703194810881121,2,False
Breakout_50_noSMA,MMC,2020-11-06,2021-06-15,35.552,54.9309,0.5450870404076713,150,True
Breakout_50_noSMA,MMC,2021-09-28,2021-11-01,55.5344,55.2466,-0.005182889459456552,24,False
Breakout_50_noSMA,MMC,2022-01-07,2022-03-02,58.6521,57.5674,-0.01849312309580453,36,False
Breakout_50_noSMA,MMC,2022-08-15,2022-09-23,60.157,56.2747,-0.06453549419817262,28,False
Breakout_50_noSMA,MMC,2022-10-25,2022-12-16,61.8106,64.0581,0.03636104244126748,37,True
Breakout_50_noSMA,MMC,2023-07-20,2023-09-28,55.8566,58.1358,0.04080369393435346,49,True
Breakout_50_noSMA,MMC,2023-12-12,2024-02-02,60.8613,61.3854,0.008609896631037284,35,True
Breakout_50_noSMA,MMC,2024-03-06,2024-04-15,66.9476,67.1739,0.003381196289879762,27,True
Breakout_50_noSMA,MMC,2024-05-20,2024-05-24,70.6533,68.4576,-0.031077609463259104,4,False
Breakout_50_noSMA,MMC,2024-07-17,2024-08-05,71.9745,65.5014,-0.08993646124012444,13,False
Breakout_50_noSMA,MMC,2024-09-19,2024-11-01,76.8971,75.1723,-0.022429729519557684,31,False
Breakout_50_noSMA,MMC,2024-11-25,2024-12-10,83.851,79.3931,-0.05316463509789171,10,False
Breakout_50_noSMA,MMC,2025-08-25,2025-10-17,80.1328,76.9784,-0.03936537985882527,38,False
Breakout_50,MNST,2020-05-21,2020-09-21,34.59,39.205,0.1334201115382625,84,True
Breakout_50,MNST,2020-12-17,2021-01-25,44.99,44.28,-0.015781348581494825,24,False
Breakout_50,MNST,2021-04-06,2021-05-10,46.87,45.57,-0.027736276225433842,24,False
Breakout_50,MNST,2021-07-26,2021-08-05,48.04,46.285,-0.03653207815714232,8,False
Breakout_50,MNST,2021-08-09,2021-09-15,48.68,47.5,-0.024239940381642122,26,False
Breakout_50,MNST,2021-12-27,2022-01-18,47.01,44.17,-0.06041268355644702,15,False
Breakout_50,MNST,2022-05-16,2022-06-14,44.055,42.88,-0.026671188943846236,20,False
Breakout_50,MNST,2022-06-24,2022-08-08,46.645,45.86,-0.016829238711722483,30,False
Breakout_50,MNST,2022-11-02,2023-01-13,47.195,49.765,0.05445491495799426,49,True
Breakout_50,MNST,2023-02-16,2023-02-27,51.965,50.995,-0.018666433519770154,6,False
Breakout_50,MNST,2023-04-03,2023-06-29,54.22,57.0,0.05127256947082781,60,True
Breakout_50,MNST,2024-03-14,2024-04-03,61.0,56.68,-0.07081966712826593,13,False
Breakout_50,MNST,2024-10-17,2024-11-18,53.7,51.92,-0.03314716142839602,22,False
Breakout_50,MNST,2025-03-03,2025-06-30,54.43,61.71,0.13374974717030486,82,True
Breakout_50,MNST,2025-08-11,2025-11-07,64.43,70.42,0.09296908017069105,63,True
Breakout_50,MNST,2025-11-25,2026-03-04,73.44,79.24,0.07897596990129152,66,True
Breakout_100,MNST,2020-05-29,2020-09-21,35.395,39.205,0.10764235976878811,79,True
Breakout_100,MNST,2020-12-17,2021-01-25,44.99,44.28,-0.015781348581494825,24,False
Breakout_100,MNST,2021-04-09,2021-05-10,47.515,45.57,-0.04093443585833134,21,False
Breakout_100,MNST,2022-06-24,2022-08-08,46.645,45.86,-0.016829238711722483,30,False
Breakout_100,MNST,2022-11-22,2023-01-13,50.915,49.765,-0.02258669361092347,35,False
Breakout_100,MNST,2023-02-16,2023-02-27,51.965,50.995,-0.018666433519770154,6,False
Breakout_100,MNST,2023-04-03,2023-06-29,54.22,57.0,0.05127256947082781,60,True
Breakout_100,MNST,2024-03-14,2024-04-03,61.0,56.68,-0.07081966712826593,13,False
Breakout_100,MNST,2024-10-21,2024-11-18,54.06,51.92,-0.039585703847262566,20,False
Breakout_100,MNST,2025-03-24,2025-06-30,57.52,61.71,0.07284420363983934,67,True
Breakout_100,MNST,2025-08-11,2025-11-07,64.43,70.42,0.09296908017069105,63,True
Breakout_100,MNST,2025-11-25,2026-03-04,73.44,79.24,0.07897596990129152,66,True
Breakout_50_noSMA,MNST,2020-05-21,2020-09-21,34.59,39.205,0.1334201115382625,84,True
Breakout_50_noSMA,MNST,2020-12-17,2021-01-25,44.99,44.28,-0.015781348581494825,24,False
Breakout_50_noSMA,MNST,2021-04-06,2021-05-10,46.87,45.57,-0.027736276225433842,24,False
Breakout_50_noSMA,MNST,2021-07-26,2021-08-05,48.04,46.285,-0.03653207815714232,8,False
Breakout_50_noSMA,MNST,2021-08-09,2021-09-15,48.68,47.5,-0.024239940381642122,26,False
Breakout_50_noSMA,MNST,2021-12-27,2022-01-18,47.01,44.17,-0.06041268355644702,15,False
Breakout_50_noSMA,MNST,2022-05-16,2022-06-14,44.055,42.88,-0.026671188943846236,20,False
Breakout_50_noSMA,MNST,2022-06-24,2022-08-08,46.645,45.86,-0.016829238711722483,30,False
Breakout_50_noSMA,MNST,2022-11-02,2023-01-13,47.195,49.765,0.05445491495799426,49,True
Breakout_50_noSMA,MNST,2023-02-16,2023-02-27,51.965,50.995,-0.018666433519770154,6,False
Breakout_50_noSMA,MNST,2023-04-03,2023-06-29,54.22,57.0,0.05127256947082781,60,True
Breakout_50_noSMA,MNST,2024-03-14,2024-04-03,61.0,56.68,-0.07081966712826593,13,False
Breakout_50_noSMA,MNST,2024-10-17,2024-11-18,53.7,51.92,-0.03314716142839602,22,False
Breakout_50_noSMA,MNST,2025-03-03,2025-06-30,54.43,61.71,0.13374974717030486,82,True
Breakout_50_noSMA,MNST,2025-08-11,2025-11-07,64.43,70.42,0.09296908017069105,63,True
Breakout_50_noSMA,MNST,2025-11-25,2026-03-04,73.44,79.24,0.07897596990129152,66,True
Breakout_50,MO,2020-06-09,2020-06-29,26.5845,24.676,-0.0717927128683874,14,False
Breakout_50,MO,2020-08-11,2020-09-18,28.0676,26.6871,-0.04918449263317359,27,False
Breakout_50,MO,2020-12-08,2021-02-01,27.0266,27.3667,0.01258411887993982,36,True
Breakout_50,MO,2021-02-10,2021-04-21,29.0255,31.9748,0.1016118613798771,48,True
Breakout_50,MO,2021-08-30,2021-10-01,34.1992,31.9317,-0.0663015986119947,23,False
Breakout_50,MO,2022-01-04,2022-05-11,34.3557,37.8516,0.10175669816153987,88,True
Breakout_50,MO,2022-12-02,2023-01-19,35.49,34.2018,-0.03629864447534881,31,False
Breakout_50,MO,2023-02-02,2023-03-17,36.6802,35.8747,-0.021959567235206534,30,False
Breakout_50,MO,2023-05-01,2023-05-16,37.6103,35.9098,-0.04521556152536377,11,False
Breakout_50,MO,2024-03-12,2024-04-15,36.147,35.6826,-0.012848022651681945,23,False
Breakout_50,MO,2024-05-09,2024-10-03,38.3523,45.4619,0.1853764746468758,101,True
Breakout_50,MO,2024-11-01,2024-12-19,49.0269,48.0996,-0.018912866550986562,33,False
Breakout_50,MO,2025-02-26,2025-05-13,51.1826,53.2069,0.03955108048571887,53,True
Breakout_50,MO,2025-06-24,2025-07-02,57.4377,55.6318,-0.03144133718115849,6,False
Breakout_50,MO,2025-07-31,2025-10-14,58.1791,62.7799,0.07907969046657626,52,True
Breakout_50,MO,2026-01-14,2026-03-23,59.1587,63.6141,0.07531168863931348,46,True
Breakout_100,MO,2020-08-11,2020-09-18,28.0676,26.6871,-0.04918449263317359,27,False
Breakout_100,MO,2021-02-10,2021-04-21,29.0255,31.9748,0.1016118613798771,48,True
Breakout_100,MO,2022-01-10,2022-05-11,35.8516,37.8516,0.055785947127481084,84,True
Breakout_100,MO,2022-12-02,2023-01-19,35.49,34.2018,-0.03629864447534881,31,False
Breakout_100,MO,2023-02-02,2023-03-17,36.6802,35.8747,-0.021959567235206534,30,False
Breakout_100,MO,2023-05-01,2023-05-16,37.6103,35.9098,-0.04521556152536377,11,False
Breakout_100,MO,2024-03-12,2024-04-15,36.147,35.6826,-0.012848022651681945,23,False
Breakout_100,MO,2024-05-09,2024-10-03,38.3523,45.4619,0.1853764746468758,101,True
Breakout_100,MO,2024-11-01,2024-12-19,49.0269,48.0996,-0.018912866550986562,33,False
Breakout_100,MO,2025-03-04,2025-05-13,53.0639,53.2069,0.0026939240933054887,49,True
Breakout_100,MO,2025-06-24,2025-07-02,57.4377,55.6318,-0.03144133718115849,6,False
Breakout_100,MO,2025-07-31,2025-10-14,58.1791,62.7799,0.07907969046657626,52,True
Breakout_100,MO,2026-02-13,2026-03-23,65.7188,63.6141,-0.03202636704332795,25,False
Breakout_50_noSMA,MO,2020-06-09,2020-06-29,26.5845,24.676,-0.0717927128683874,14,False
Breakout_50_noSMA,MO,2020-08-11,2020-09-18,28.0676,26.6871,-0.04918449263317359,27,False
Breakout_50_noSMA,MO,2020-12-08,2021-02-01,27.0266,27.3667,0.01258411887993982,36,True
Breakout_50_noSMA,MO,2021-02-10,2021-04-21,29.0255,31.9748,0.1016118613798771,48,True
Breakout_50_noSMA,MO,2021-08-30,2021-10-01,34.1992,31.9317,-0.0663015986119947,23,False
Breakout_50_noSMA,MO,2022-01-04,2022-05-11,34.3557,37.8516,0.10175669816153987,88,True
Breakout_50_noSMA,MO,2022-10-14,2022-11-16,34.9057,33.206,-0.04869562291853924,23,False
Breakout_50_noSMA,MO,2022-12-02,2023-01-19,35.49,34.2018,-0.03629864447534881,31,False
Breakout_50_noSMA,MO,2023-02-02,2023-03-17,36.6802,35.8747,-0.021959567235206534,30,False
Breakout_50_noSMA,MO,2023-05-01,2023-05-16,37.6103,35.9098,-0.04521556152536377,11,False
Breakout_50_noSMA,MO,2024-03-12,2024-04-15,36.147,35.6826,-0.012848022651681945,23,False
Breakout_50_noSMA,MO,2024-05-09,2024-10-03,38.3523,45.4619,0.1853764746468758,101,True
Breakout_50_noSMA,MO,2024-11-01,2024-12-19,49.0269,48.0996,-0.018912866550986562,33,False
Breakout_50_noSMA,MO,2025-02-26,2025-05-13,51.1826,53.2069,0.03955108048571887,53,True
Breakout_50_noSMA,MO,2025-06-24,2025-07-02,57.4377,55.6318,-0.03144133718115849,6,False
Breakout_50_noSMA,MO,2025-07-31,2025-10-14,58.1791,62.7799,0.07907969046657626,52,True
Breakout_50_noSMA,MO,2026-01-14,2026-03-23,59.1587,63.6141,0.07531168863931348,46,True
Breakout_50,MPC,2020-11-17,2021-04-12,34.0631,47.176,0.38496018430278434,98,True
Breakout_50,MPC,2021-06-02,2021-07-07,56.1658,52.4214,-0.06666672927478723,24,False
Breakout_50,MPC,2021-09-24,2021-11-19,55.2346,55.7416,0.009178600594748287,40,True
Breakout_50,MPC,2022-01-06,2022-03-16,63.3906,68.7819,0.08504969033731546,47,True
Breakout_50,MPC,2022-03-25,2022-06-17,74.1264,84.4628,0.13944338440712545,58,True
Breakout_50,MPC,2022-10-05,2022-12-07,99.3625,101.7929,0.02445985019863195,44,True
Breakout_50,MPC,2023-01-25,2023-02-06,120.6676,110.4893,-0.08435042098680579,8,False
Breakout_50,MPC,2023-07-21,2023-10-05,117.9937,133.2126,0.1289803666646705,53,True
Breakout_50,MPC,2024-01-31,2024-05-01,162.1642,173.6052,0.07055168987483507,63,True
Breakout_50,MPC,2025-05-13,2025-08-04,155.8962,163.8288,0.05088383810484842,56,True
Breakout_50,MPC,2025-09-23,2025-11-05,185.868,182.9474,-0.01571327108519993,31,False
Breakout_50,MPC,2026-02-09,2026-04-20,203.0325,214.11,0.05456025688842425,48,True
Breakout_100,MPC,2020-11-17,2021-04-12,34.0631,47.176,0.38496018430278434,98,True
Breakout_100,MPC,2021-06-02,2021-07-07,56.1658,52.4214,-0.06666672927478723,24,False
Breakout_100,MPC,2021-10-11,2021-11-19,59.4308,55.7416,-0.062075652724991714,29,False
Breakout_100,MPC,2022-01-06,2022-03-16,63.3906,68.7819,0.08504969033731546,47,True
Breakout_100,MPC,2022-03-25,2022-06-17,74.1264,84.4628,0.13944338440712545,58,True
Breakout_100,MPC,2022-11-02,2022-12-07,110.3019,101.7929,-0.07714306619577249,24,False
Breakout_100,MPC,2023-01-25,2023-02-06,120.6676,110.4893,-0.08435042098680579,8,False
Breakout_100,MPC,2023-08-07,2023-10-05,131.3411,133.2126,0.014248729368710134,42,True
Breakout_100,MPC,2024-01-31,2024-05-01,162.1642,173.6052,0.07055168987483507,63,True
Breakout_100,MPC,2025-05-14,2025-08-04,157.9717,163.8288,0.03707693742593765,55,True
Breakout_100,MPC,2025-09-23,2025-11-05,185.868,182.9474,-0.01571327108519993,31,False
Breakout_100,MPC,2026-02-09,2026-04-20,203.0325,214.11,0.05456025688842425,48,True
Breakout_50_noSMA,MPC,2020-05-21,2020-07-08,31.2009,29.4378,-0.0565064537575477,32,False
Breakout_50_noSMA,MPC,2020-11-17,2021-04-12,34.0631,47.176,0.38496018430278434,98,True
Breakout_50_noSMA,MPC,2021-06-02,2021-07-07,56.1658,52.4214,-0.06666672927478723,24,False
Breakout_50_noSMA,MPC,2021-09-24,2021-11-19,55.2346,55.7416,0.009178600594748287,40,True
Breakout_50_noSMA,MPC,2022-01-06,2022-03-16,63.3906,68.7819,0.08504969033731546,47,True
Breakout_50_noSMA,MPC,2022-03-25,2022-06-17,74.1264,84.4628,0.13944338440712545,58,True
Breakout_50_noSMA,MPC,2022-10-05,2022-12-07,99.3625,101.7929,0.02445985019863195,44,True
Breakout_50_noSMA,MPC,2023-01-25,2023-02-06,120.6676,110.4893,-0.08435042098680579,8,False
Breakout_50_noSMA,MPC,2023-07-21,2023-10-05,117.9937,133.2126,0.1289803666646705,53,True
Breakout_50_noSMA,MPC,2024-01-31,2024-05-01,162.1642,173.6052,0.07055168987483507,63,True
Breakout_50_noSMA,MPC,2025-05-13,2025-08-04,155.8962,163.8288,0.05088383810484842,56,True
Breakout_50_noSMA,MPC,2025-09-23,2025-11-05,185.868,182.9474,-0.01571327108519993,31,False
Breakout_50_noSMA,MPC,2026-02-09,2026-04-20,203.0325,214.11,0.05456025688842425,48,True
Breakout_50,MPWR,2020-04-28,2020-09-08,187.6231,236.0268,0.25798419809465667,92,True
Breakout_50,MPWR,2020-10-07,2020-12-10,281.4378,295.4415,0.04975753184989817,45,True
Breakout_50,MPWR,2021-01-04,2021-02-26,357.9519,354.593,-0.009383807350237583,37,False
Breakout_50,MPWR,2021-07-14,2021-10-05,376.9482,453.0431,0.20187094263770788,58,True
Breakout_50,MPWR,2021-10-29,2021-12-07,495.4138,506.0307,0.02143027260753505,26,True
Breakout_50,MPWR,2022-03-25,2022-04-07,477.8205,416.7149,-0.12788400442180448,9,False
Breakout_50,MPWR,2022-08-03,2022-09-01,496.4155,427.3917,-0.13904431781607884,21,False
Breakout_50,MPWR,2023-01-24,2023-04-06,415.4505,455.9912,0.09758244951667772,51,True
Breakout_50,MPWR,2023-05-30,2023-08-10,528.1142,516.9944,-0.021055698358760866,50,False
Breakout_50,MPWR,2023-11-15,2024-03-20,531.5761,642.8269,0.2092848940847014,85,True
Breakout_50,MPWR,2024-06-11,2024-07-25,766.6332,777.1781,0.013754824875685134,30,True
Breakout_50,MPWR,2024-08-16,2024-09-04,890.1016,819.199,-0.07965674723015959,12,False
Breakout_50,MPWR,2025-05-13,2025-11-14,700.4276,875.8745,0.2504852940821831,129,True
Breakout_50,MPWR,2026-01-22,2026-03-06,1090.4598,1037.2961,-0.048753513602953324,30,False
Breakout_100,MPWR,2020-04-28,2020-09-08,187.6231,236.0268,0.25798419809465667,92,True
Breakout_100,MPWR,2020-10-07,2020-12-10,281.4378,295.4415,0.04975753184989817,45,True
Breakout_100,MPWR,2021-01-04,2021-02-26,357.9519,354.593,-0.009383807350237583,37,False
Breakout_100,MPWR,2021-07-22,2021-10-05,390.0051,453.0431,0.16163394423196475,52,True
Breakout_100,MPWR,2021-10-29,2021-12-07,495.4138,506.0307,0.02143027260753505,26,True
Breakout_100,MPWR,2022-08-04,2022-09-01,507.4111,427.3917,-0.157701363914305,20,False
Breakout_100,MPWR,2023-02-02,2023-04-06,450.0486,455.9912,0.013204211921908238,44,True
Breakout_100,MPWR,2023-07-13,2023-08-10,555.6265,516.9944,-0.06952888995797057,20,False
Breakout_100,MPWR,2023-12-12,2024-03-20,582.0248,642.8269,0.10446656307427094,67,True
Breakout_100,MPWR,2024-06-11,2024-07-25,766.6332,777.1781,0.013754824875685134,30,True
Breakout_100,MPWR,2024-08-16,2024-09-04,890.1016,819.199,-0.07965674723015959,12,False
Breakout_100,MPWR,2025-05-14,2025-11-14,731.442,875.8745,0.19746260849997133,128,True
Breakout_100,MPWR,2026-01-29,2026-03-06,1163.6037,1037.2961,-0.10854864912285056,25,False
Breakout_50_noSMA,MPWR,2020-04-28,2020-09-08,187.6231,236.0268,0.25798419809465667,92,True
Breakout_50_noSMA,MPWR,2020-10-07,2020-12-10,281.4378,295.4415,0.04975753184989817,45,True
Breakout_50_noSMA,MPWR,2021-01-04,2021-02-26,357.9519,354.593,-0.009383807350237583,37,False
Breakout_50_noSMA,MPWR,2021-07-14,2021-10-05,376.9482,453.0431,0.20187094263770788,58,True
Breakout_50_noSMA,MPWR,2021-10-29,2021-12-07,495.4138,506.0307,0.02143027260753505,26,True
Breakout_50_noSMA,MPWR,2022-03-25,2022-04-07,477.8205,416.7149,-0.12788400442180448,9,False
Breakout_50_noSMA,MPWR,2022-08-03,2022-09-01,496.4155,427.3917,-0.13904431781607884,21,False
Breakout_50_noSMA,MPWR,2023-01-24,2023-04-06,415.4505,455.9912,0.09758244951667772,51,True
Breakout_50_noSMA,MPWR,2023-05-30,2023-08-10,528.1142,516.9944,-0.021055698358760866,50,False
Breakout_50_noSMA,MPWR,2023-11-15,2024-03-20,531.5761,642.8269,0.2092848940847014,85,True
Breakout_50_noSMA,MPWR,2024-06-11,2024-07-25,766.6332,777.1781,0.013754824875685134,30,True
Breakout_50_noSMA,MPWR,2024-08-16,2024-09-04,890.1016,819.199,-0.07965674723015959,12,False
Breakout_50_noSMA,MPWR,2025-02-10,2025-02-28,709.7775,601.4154,-0.15267044955424525,13,False
Breakout_50_noSMA,MPWR,2025-05-13,2025-11-14,700.4276,875.8745,0.2504852940821831,129,True
Breakout_50_noSMA,MPWR,2026-01-22,2026-03-06,1090.4598,1037.2961,-0.048753513602953324,30,False
Breakout_50,MRK,2020-08-18,2020-09-30,67.5751,65.9578,-0.02393379547072849,30,False
Breakout_50,MRK,2021-01-12,2021-01-25,68.79,65.226,-0.05180946176089274,8,False
Breakout_50,MRK,2021-04-22,2021-04-30,64.405,59.9864,-0.06860747492713126,6,False
Breakout_50,MRK,2021-05-18,2021-05-27,64.6822,63.1822,-0.023191417498074185,7,False
Breakout_50,MRK,2021-06-17,2021-08-05,65.7845,65.0778,-0.010741580215673285,34,False
Breakout_50,MRK,2021-08-18,2021-08-26,67.9732,66.448,-0.02243916488487674,6,False
Breakout_50,MRK,2021-10-04,2021-11-29,73.1818,66.4436,-0.09207528398495168,39,False
Breakout_50,MRK,2022-03-31,2022-06-10,73.4086,77.1898,0.05150780253855736,49,True
Breakout_50,MRK,2022-06-28,2022-07-21,84.0172,79.5891,-0.05270456665768131,16,False
Breakout_50,MRK,2022-10-14,2023-01-25,83.0386,98.482,0.18597869123570865,69,True
Breakout_50,MRK,2023-04-06,2023-05-26,103.0801,102.1679,-0.008849559166255405,35,False
Breakout_50,MRK,2023-12-26,2024-03-13,100.1108,114.6944,0.14567438241497643,53,True
Breakout_50,MRK,2024-03-28,2024-04-17,123.7065,117.7742,-0.04795452149088486,13,False
Breakout_50,MRK,2024-06-25,2024-07-01,125.5025,118.2054,-0.058142988803329465,4,False
Breakout_50,MRK,2025-08-25,2025-09-15,84.9956,80.8156,-0.04917918812305744,14,False
Breakout_50,MRK,2025-10-02,2025-11-04,88.532,81.3963,-0.08060029932673884,23,False
Breakout_50,MRK,2025-11-13,2026-03-19,89.8705,114.66,0.2758353684104504,85,True
Breakout_100,MRK,2020-08-18,2020-09-30,67.5751,65.9578,-0.02393379547072849,30,False
Breakout_100,MRK,2021-06-17,2021-08-05,65.7845,65.0778,-0.010741580215673285,34,False
Breakout_100,MRK,2021-08-18,2021-08-26,67.9732,66.448,-0.02243916488487674,6,False
Breakout_100,MRK,2021-10-04,2021-11-29,73.1818,66.4436,-0.09207528398495168,39,False
Breakout_100,MRK,2022-04-04,2022-06-10,73.9399,77.1898,0.043952132412995226,47,True
Breakout_100,MRK,2022-06-28,2022-07-21,84.0172,79.5891,-0.05270456665768131,16,False
Breakout_100,MRK,2022-10-24,2023-01-25,86.8004,98.482,0.13458006629222097,63,True
Breakout_100,MRK,2023-04-14,2023-05-26,105.5796,102.1679,-0.03231378110847716,30,False
Breakout_100,MRK,2024-01-03,2024-03-13,106.4155,114.6944,0.07779824644677924,48,True
Breakout_100,MRK,2024-03-28,2024-04-17,123.7065,117.7742,-0.04795452149088486,13,False
Breakout_100,MRK,2024-06-25,2024-07-01,125.5025,118.2054,-0.058142988803329465,4,False
Breakout_100,MRK,2025-10-02,2025-11-04,88.532,81.3963,-0.08060029932673884,23,False
Breakout_100,MRK,2025-11-13,2026-03-19,89.8705,114.66,0.2758353684104504,85,True
Breakout_50_noSMA,MRK,2020-08-18,2020-09-30,67.5751,65.9578,-0.02393379547072849,30,False
Breakout_50_noSMA,MRK,2021-01-12,2021-01-25,68.79,65.226,-0.05180946176089274,8,False
Breakout_50_noSMA,MRK,2021-04-21,2021-04-30,64.348,59.9864,-0.06778157999681078,7,False
Breakout_50_noSMA,MRK,2021-05-18,2021-05-27,64.6822,63.1822,-0.023191417498074185,7,False
Breakout_50_noSMA,MRK,2021-06-17,2021-08-05,65.7845,65.0778,-0.010741580215673285,34,False
Breakout_50_noSMA,MRK,2021-08-18,2021-08-26,67.9732,66.448,-0.02243916488487674,6,False
Breakout_50_noSMA,MRK,2021-10-04,2021-11-29,73.1818,66.4436,-0.09207528398495168,39,False
Breakout_50_noSMA,MRK,2022-03-31,2022-06-10,73.4086,77.1898,0.05150780253855736,49,True
Breakout_50_noSMA,MRK,2022-06-28,2022-07-21,84.0172,79.5891,-0.05270456665768131,16,False
Breakout_50_noSMA,MRK,2022-10-14,2023-01-25,83.0386,98.482,0.18597869123570865,69,True
Breakout_50_noSMA,MRK,2023-04-06,2023-05-26,103.0801,102.1679,-0.008849559166255405,35,False
Breakout_50_noSMA,MRK,2023-12-26,2024-03-13,100.1108,114.6944,0.14567438241497643,53,True
Breakout_50_noSMA,MRK,2024-03-28,2024-04-17,123.7065,117.7742,-0.04795452149088486,13,False
Breakout_50_noSMA,MRK,2024-06-25,2024-07-01,125.5025,118.2054,-0.058142988803329465,4,False
Breakout_50_noSMA,MRK,2025-08-25,2025-09-15,84.9956,80.8156,-0.04917918812305744,14,False
Breakout_50_noSMA,MRK,2025-10-02,2025-11-04,88.532,81.3963,-0.08060029932673884,23,False
Breakout_50_noSMA,MRK,2025-11-13,2026-03-19,89.8705,114.66,0.2758353684104504,85,True
Breakout_50,MRO,2020-11-17,2021-02-01,43.8361,47.1661,0.07596365782293413,50,True
Breakout_50,MRO,2021-02-09,2021-04-12,53.6686,60.501,0.1273061682797727,42,True
Breakout_50,MRO,2021-06-02,2021-06-21,70.5413,65.3712,-0.07329156545237692,13,False
Breakout_50,MRO,2021-09-28,2021-11-19,62.1657,63.1673,0.016112202907158313,38,True
Breakout_50,MRO,2022-01-10,2022-03-02,70.8674,72.9358,0.029186414126001425,35,True
Breakout_50,MRO,2022-03-22,2022-06-17,82.9278,104.1807,0.2562819863547652,61,True
Breakout_50,MRO,2022-10-24,2022-12-06,115.371,108.766,-0.05725040136489845,30,False
Breakout_50,MRO,2023-01-23,2023-02-07,130.1294,116.9234,-0.10148363476813749,11,False
Breakout_50,MRO,2023-07-25,2023-10-04,115.4574,121.9242,0.056010494106449205,50,True
Breakout_50,MRO,2024-01-29,2024-05-01,129.2153,151.2834,0.17078534844311988,65,True
Breakout_50,MRO,2025-06-17,2025-08-04,136.5583,131.9558,-0.03370342432006801,32,False
Breakout_50,MRO,2025-09-03,2025-12-15,153.9122,167.277,0.08683362970869313,72,True
Breakout_100,MRO,2020-11-25,2021-02-01,47.5637,47.1661,-0.008359327712744946,44,False
Breakout_100,MRO,2021-02-09,2021-04-12,53.6686,60.501,0.1273061682797727,42,True
Breakout_100,MRO,2021-06-03,2021-06-21,71.4782,65.3712,-0.0854385177595961,12,False
Breakout_100,MRO,2022-01-12,2022-03-02,74.1312,72.9358,-0.016126054654033273,33,False
Breakout_100,MRO,2022-03-22,2022-06-17,82.9278,104.1807,0.2562819863547652,61,True
Breakout_100,MRO,2022-11-14,2022-12-06,120.8705,108.766,-0.10014418206027831,15,False
Breakout_100,MRO,2023-01-23,2023-02-07,130.1294,116.9234,-0.10148363476813749,11,False
Breakout_100,MRO,2023-09-11,2023-10-04,132.819,121.9242,-0.08202779928932513,17,False
Breakout_100,MRO,2024-02-27,2024-05-01,138.0844,151.2834,0.09558626034998596,45,True
Breakout_100,MRO,2025-07-07,2025-08-04,140.722,131.9558,-0.06229415169786123,20,False
Breakout_100,MRO,2025-09-03,2025-12-15,153.9122,167.277,0.08683362970869313,72,True
Breakout_50_noSMA,MRO,2020-05-21,2020-06-25,53.588,45.7761,-0.14577756129108643,24,False
Breakout_50_noSMA,MRO,2020-11-17,2021-02-01,43.8361,47.1661,0.07596365782293413,50,True
Breakout_50_noSMA,MRO,2021-02-09,2021-04-12,53.6686,60.501,0.1273061682797727,42,True
Breakout_50_noSMA,MRO,2021-06-02,2021-06-21,70.5413,65.3712,-0.07329156545237692,13,False
Breakout_50_noSMA,MRO,2021-09-28,2021-11-19,62.1657,63.1673,0.016112202907158313,38,True
Breakout_50_noSMA,MRO,2022-01-10,2022-03-02,70.8674,72.9358,0.029186414126001425,35,True
Breakout_50_noSMA,MRO,2022-03-22,2022-06-17,82.9278,104.1807,0.2562819863547652,61,True
Breakout_50_noSMA,MRO,2022-10-24,2022-12-06,115.371,108.766,-0.05725040136489845,30,False
Breakout_50_noSMA,MRO,2023-01-23,2023-02-07,130.1294,116.9234,-0.10148363476813749,11,False
Breakout_50_noSMA,MRO,2023-07-21,2023-10-04,112.1033,121.9242,0.08760573271721439,52,True
Breakout_50_noSMA,MRO,2024-01-29,2024-05-01,129.2153,151.2834,0.17078534844311988,65,True
Breakout_50_noSMA,MRO,2025-06-17,2025-08-04,136.5583,131.9558,-0.03370342432006801,32,False
Breakout_50_noSMA,MRO,2025-09-03,2025-12-15,153.9122,167.277,0.08683362970869313,72,True
Breakout_50,MRVL,2020-04-23,2020-08-11,25.8501,34.5961,0.3383329033465672,76,True
Breakout_50,MRVL,2020-09-03,2020-10-30,38.8852,37.4724,-0.03633163737823353,40,False
Breakout_50,MRVL,2020-11-09,2021-02-24,44.6245,47.6005,0.06669086817724668,72,True
Breakout_50,MRVL,2021-06-15,2021-09-29,52.6594,59.971,0.1388475593043117,74,True
Breakout_50,MRVL,2021-10-08,2022-01-14,64.3124,76.5337,0.1900301345919766,68,True
Breakout_50,MRVL,2023-02-03,2023-03-08,46.2445,40.6888,-0.12013685375170602,22,False
Breakout_50,MRVL,2023-05-19,2023-08-10,44.4816,59.5798,0.3394249260105979,56,True
Breakout_50,MRVL,2023-12-15,2024-03-14,59.1806,66.8411,0.1294421237515646,60,True
Breakout_50,MRVL,2024-05-28,2024-06-03,76.5392,69.7799,-0.08831179016047097,4,False
Breakout_50,MRVL,2024-10-16,2025-01-28,79.0659,102.9046,0.30150423909865176,69,True
Breakout_50,MRVL,2025-10-03,2025-11-18,86.1178,80.3719,-0.06672135758958919,32,False
Breakout_50,MRVL,2025-12-04,2025-12-15,99.2888,84.7665,-0.14626300338755793,7,False
Breakout_100,MRVL,2020-05-21,2020-08-11,28.1132,34.5961,0.23059756750937344,56,True
Breakout_100,MRVL,2020-09-03,2020-10-30,38.8852,37.4724,-0.03633163737823353,40,False
Breakout_100,MRVL,2020-11-09,2021-02-24,44.6245,47.6005,0.06669086817724668,72,True
Breakout_100,MRVL,2021-06-18,2021-09-29,53.5323,59.971,0.12027716171821501,71,True
Breakout_100,MRVL,2021-10-08,2022-01-14,64.3124,76.5337,0.1900301345919766,68,True
Breakout_100,MRVL,2023-05-26,2023-08-10,58.0845,59.5798,0.02574357155475937,51,True
Breakout_100,MRVL,2024-01-09,2024-03-14,62.6796,66.8411,0.06639215097688078,45,True
Breakout_100,MRVL,2024-10-16,2025-01-28,79.0659,102.9046,0.30150423909865176,69,True
Breakout_100,MRVL,2025-10-03,2025-11-18,86.1178,80.3719,-0.06672135758958919,32,False
Breakout_100,MRVL,2025-12-04,2025-12-15,99.2888,84.7665,-0.14626300338755793,7,False
Breakout_50_noSMA,MRVL,2020-04-23,2020-08-11,25.8501,34.5961,0.3383329033465672,76,True
Breakout_50_noSMA,MRVL,2020-09-03,2020-10-30,38.8852,37.4724,-0.03633163737823353,40,False
Breakout_50_noSMA,MRVL,2020-11-09,2021-02-24,44.6245,47.6005,0.06669086817724668,72,True
Breakout_50_noSMA,MRVL,2021-06-15,2021-09-29,52.6594,59.971,0.1388475593043117,74,True
Breakout_50_noSMA,MRVL,2021-10-08,2022-01-14,64.3124,76.5337,0.1900301345919766,68,True
Breakout_50_noSMA,MRVL,2023-02-03,2023-03-08,46.2445,40.6888,-0.12013685375170602,22,False
Breakout_50_noSMA,MRVL,2023-05-19,2023-08-10,44.4816,59.5798,0.3394249260105979,56,True
Breakout_50_noSMA,MRVL,2023-12-15,2024-03-14,59.1806,66.8411,0.1294421237515646,60,True
Breakout_50_noSMA,MRVL,2024-05-28,2024-06-03,76.5392,69.7799,-0.08831179016047097,4,False
Breakout_50_noSMA,MRVL,2024-10-16,2025-01-28,79.0659,102.9046,0.30150423909865176,69,True
Breakout_50_noSMA,MRVL,2025-06-20,2025-08-20,76.8522,71.5952,-0.06840475870201856,42,False
Breakout_50_noSMA,MRVL,2025-10-03,2025-11-18,86.1178,80.3719,-0.06672135758958919,32,False
Breakout_50_noSMA,MRVL,2025-12-04,2025-12-15,99.2888,84.7665,-0.14626300338755793,7,False
Breakout_50,MS,2020-05-28,2020-09-09,39.4906,42.5767,0.07814657450806473,72,True
Breakout_50,MS,2020-11-10,2021-02-01,47.9793,57.8474,0.20567280783822284,55,True
Breakout_50,MS,2021-02-23,2021-04-19,65.841,66.7273,0.013460944464400493,38,True
Breakout_50,MS,2021-05-07,2021-06-21,73.1556,72.3768,-0.010645608857001165,30,False
Breakout_50,MS,2021-07-22,2021-09-21,81.6624,85.7189,0.04967312159507786,42,True
Breakout_50,MS,2022-01-12,2022-01-18,92.0586,83.2737,-0.09542682205503639,3,False
Breakout_50,MS,2022-02-09,2022-02-18,93.4693,83.2684,-0.10913685411269558,7,False
Breakout_50,MS,2022-08-12,2022-09-23,80.6503,74.1178,-0.08099754815419358,29,False
Breakout_50,MS,2022-11-14,2022-12-21,81.1179,77.6492,-0.04276054620815328,26,False
Breakout_50,MS,2023-01-18,2023-03-10,86.9858,83.131,-0.04431629571021245,36,False
Breakout_50,MS,2023-07-19,2023-08-16,83.5403,79.0659,-0.05355997466776852,20,False
Breakout_50,MS,2023-12-13,2024-01-18,77.9133,79.1827,0.016293156473595083,23,True
Breakout_50,MS,2024-03-22,2024-04-12,88.1494,80.8727,-0.08254924058992064,14,False
Breakout_50,MS,2024-05-07,2024-06-28,90.2958,92.0271,0.019174009062308484,36,True
Breakout_50,MS,2024-07-11,2024-08-05,99.1712,88.9292,-0.1032766876516017,17,False
Breakout_50,MS,2024-10-07,2024-12-19,103.3651,120.7157,0.16785731215771138,52,True
Breakout_50,MS,2025-01-21,2025-02-25,131.996,127.6056,-0.03326112995391761,24,False
Breakout_50,MS,2025-05-15,2025-11-21,127.8736,158.904,0.24266486872562698,132,True
Breakout_50,MS,2025-12-04,2026-02-06,173.3643,178.89,0.03187324708460815,43,True
Breakout_100,MS,2020-07-17,2020-09-09,44.1125,42.5767,-0.03481522250048774,37,False
Breakout_100,MS,2020-11-10,2021-02-01,47.9793,57.8474,0.20567280783822284,55,True
Breakout_100,MS,2021-02-23,2021-04-19,65.841,66.7273,0.013460944464400493,38,True
Breakout_100,MS,2021-05-07,2021-06-21,73.1556,72.3768,-0.010645608857001165,30,False
Breakout_100,MS,2021-07-22,2021-09-21,81.6624,85.7189,0.04967312159507786,42,True
Breakout_100,MS,2022-01-12,2022-01-18,92.0586,83.2737,-0.09542682205503639,3,False
Breakout_100,MS,2022-02-09,2022-02-18,93.4693,83.2684,-0.10913685411269558,7,False
Breakout_100,MS,2022-12-01,2022-12-21,83.625,77.6492,-0.07145918052787248,14,False
Breakout_100,MS,2023-01-18,2023-03-10,86.9858,83.131,-0.04431629571021245,36,False
Breakout_100,MS,2023-12-22,2024-01-18,86.7155,79.1827,-0.08686761870268567,16,False
Breakout_100,MS,2024-03-22,2024-04-12,88.1494,80.8727,-0.08254924058992064,14,False
Breakout_100,MS,2024-05-07,2024-06-28,90.2958,92.0271,0.019174009062308484,36,True
Breakout_100,MS,2024-07-11,2024-08-05,99.1712,88.9292,-0.1032766876516017,17,False
Breakout_100,MS,2024-10-10,2024-12-19,104.085,120.7157,0.15978000306282558,49,True
Breakout_100,MS,2025-01-21,2025-02-25,131.996,127.6056,-0.03326112995391761,24,False
Breakout_100,MS,2025-07-03,2025-11-21,140.7336,158.904,0.12911233991688165,99,True
Breakout_100,MS,2025-12-04,2026-02-06,173.3643,178.89,0.03187324708460815,43,True
Breakout_50_noSMA,MS,2020-05-27,2020-09-09,38.262,42.5767,0.11276623447035705,73,True
Breakout_50_noSMA,MS,2020-11-10,2021-02-01,47.9793,57.8474,0.20567280783822284,55,True
Breakout_50_noSMA,MS,2021-02-23,2021-04-19,65.841,66.7273,0.013460944464400493,38,True
Breakout_50_noSMA,MS,2021-05-07,2021-06-21,73.1556,72.3768,-0.010645608857001165,30,False
Breakout_50_noSMA,MS,2021-07-22,2021-09-21,81.6624,85.7189,0.04967312159507786,42,True
Breakout_50_noSMA,MS,2022-01-12,2022-01-18,92.0586,83.2737,-0.09542682205503639,3,False
Breakout_50_noSMA,MS,2022-02-09,2022-02-18,93.4693,83.2684,-0.10913685411269558,7,False
Breakout_50_noSMA,MS,2022-08-08,2022-09-23,77.215,74.1178,-0.04011077321935386,33,False
Breakout_50_noSMA,MS,2022-11-14,2022-12-21,81.1179,77.6492,-0.04276054620815328,26,False
Breakout_50_noSMA,MS,2023-01-18,2023-03-10,86.9858,83.131,-0.04431629571021245,36,False
Breakout_50_noSMA,MS,2023-07-19,2023-08-16,83.5403,79.0659,-0.05355997466776852,20,False
Breakout_50_noSMA,MS,2023-12-11,2024-01-18,76.8865,79.1827,0.029865201361855,25,True
Breakout_50_noSMA,MS,2024-03-22,2024-04-12,88.1494,80.8727,-0.08254924058992064,14,False
Breakout_50_noSMA,MS,2024-05-07,2024-06-28,90.2958,92.0271,0.019174009062308484,36,True
Breakout_50_noSMA,MS,2024-07-11,2024-08-05,99.1712,88.9292,-0.1032766876516017,17,False
Breakout_50_noSMA,MS,2024-10-07,2024-12-19,103.3651,120.7157,0.16785731215771138,52,True
Breakout_50_noSMA,MS,2025-01-21,2025-02-25,131.996,127.6056,-0.03326112995391761,24,False
Breakout_50_noSMA,MS,2025-05-15,2025-11-21,127.8736,158.904,0.24266486872562698,132,True
Breakout_50_noSMA,MS,2025-12-04,2026-02-06,173.3643,178.89,0.03187324708460815,43,True
Breakout_50,MSC,2020-08-18,2020-09-02,18.42,15.0,-0.18566775581588602,11,False
Breakout_50,MSC,2022-12-06,2023-02-24,3.67,6.18,0.6839236239415385,54,True
Breakout_50,MSC,2023-04-21,2023-05-03,8.61,7.36,-0.14517997363605462,8,False
Breakout_50,MSC,2023-12-18,2024-03-01,6.63,6.95,0.04826541316752353,50,True
Breakout_50,MSC,2024-04-03,2024-04-26,9.11,7.0,-0.23161358245833796,17,False
Breakout_50,MSC,2024-09-27,2024-10-17,7.72,5.97,-0.22668394398447977,14,False
Breakout_50,MSC,2025-07-14,2025-09-05,4.6,4.13,-0.1021738695512413,38,False
Breakout_100,MSC,2022-12-06,2023-02-24,3.67,6.18,0.6839236239415385,54,True
Breakout_100,MSC,2024-01-16,2024-03-01,7.49,6.95,-0.07209612528097742,32,False
Breakout_100,MSC,2024-04-03,2024-04-26,9.11,7.0,-0.23161358245833796,17,False
Breakout_100,MSC,2024-10-03,2024-10-17,9.0,5.97,-0.3366666899787055,10,False
Breakout_100,MSC,2025-07-14,2025-09-05,4.6,4.13,-0.1021738695512413,38,False
Breakout_50_noSMA,MSC,2020-08-18,2020-09-02,18.42,15.0,-0.18566775581588602,11,False
Breakout_50_noSMA,MSC,2022-03-25,2022-04-04,7.48,5.7,-0.2379679418809454,6,False
Breakout_50_noSMA,MSC,2022-12-06,2023-02-24,3.67,6.18,0.6839236239415385,54,True
Breakout_50_noSMA,MSC,2023-04-21,2023-05-03,8.61,7.36,-0.14517997363605462,8,False
Breakout_50_noSMA,MSC,2023-12-18,2024-03-01,6.63,6.95,0.04826541316752353,50,True
Breakout_50_noSMA,MSC,2024-04-03,2024-04-26,9.11,7.0,-0.23161358245833796,17,False
Breakout_50_noSMA,MSC,2024-09-27,2024-10-17,7.72,5.97,-0.22668394398447977,14,False
Breakout_50_noSMA,MSC,2025-07-02,2025-09-05,4.39,4.13,-0.05922545784786548,45,False
Breakout_50,MSFT,2020-05-06,2020-09-09,172.959,198.2279,0.14609740129595017,87,True
Breakout_50,MSFT,2021-01-27,2021-03-04,227.8504,217.5706,-0.045116776759927535,25,False
Breakout_50,MSFT,2021-04-06,2021-05-13,237.5965,232.0215,-0.023464245413449047,27,False
Breakout_50,MSFT,2021-06-22,2021-09-29,252.6776,274.7271,0.08726348630930802,69,True
Breakout_50,MSFT,2021-10-19,2021-12-20,297.1312,308.9696,0.039842390978116926,43,True
Breakout_50,MSFT,2022-03-30,2022-04-11,303.5238,282.2705,-0.07002180345837583,8,False
Breakout_50,MSFT,2023-02-03,2023-07-28,252.9024,326.6634,0.29165829924747033,120,True
Breakout_50,MSFT,2023-11-03,2024-04-16,343.013,408.3031,0.19034295391889855,111,True
Breakout_50,MSFT,2024-06-13,2024-07-22,434.969,435.8964,0.002132285532449041,25,True
Breakout_50,MSFT,2024-12-06,2024-12-31,438.0613,422.0165,-0.03662672441940584,16,False
Breakout_50,MSFT,2025-05-02,2025-08-26,428.4598,502.2714,0.1722717316109943,79,True
Breakout_50,MSFT,2025-10-28,2025-11-06,547.7223,503.566,-0.08061813857513533,7,False
Breakout_100,MSFT,2020-06-10,2020-09-09,182.0613,198.2279,0.088797177066257,63,True
Breakout_100,MSFT,2021-01-27,2021-03-04,227.8504,217.5706,-0.045116776759927535,25,False
Breakout_100,MSFT,2021-04-06,2021-05-13,237.5965,232.0215,-0.023464245413449047,27,False
Breakout_100,MSFT,2021-06-22,2021-09-29,252.6776,274.7271,0.08726348630930802,69,True
Breakout_100,MSFT,2021-10-19,2021-12-20,297.1312,308.9696,0.039842390978116926,43,True
Breakout_100,MSFT,2023-02-08,2023-07-28,266.213,326.6634,0.22707519553459776,117,True
Breakout_100,MSFT,2023-11-13,2024-04-16,361.2512,408.3031,0.13024708475455138,105,True
Breakout_100,MSFT,2024-06-13,2024-07-22,434.969,435.8964,0.002132285532449041,25,True
Breakout_100,MSFT,2025-05-16,2025-08-26,449.4392,502.2714,0.11755143154638636,69,True
Breakout_50_noSMA,MSFT,2020-05-06,2020-09-09,172.959,198.2279,0.14609740129595017,87,True
Breakout_50_noSMA,MSFT,2021-01-27,2021-03-04,227.8504,217.5706,-0.045116776759927535,25,False
Breakout_50_noSMA,MSFT,2021-04-06,2021-05-13,237.5965,232.0215,-0.023464245413449047,27,False
Breakout_50_noSMA,MSFT,2021-06-22,2021-09-29,252.6776,274.7271,0.08726348630930802,69,True
Breakout_50_noSMA,MSFT,2021-10-19,2021-12-20,297.1312,308.9696,0.039842390978116926,43,True
Breakout_50_noSMA,MSFT,2022-03-30,2022-04-11,303.5238,282.2705,-0.07002180345837583,8,False
Breakout_50_noSMA,MSFT,2022-08-01,2022-08-29,269.3823,258.323,-0.041054316612341046,20,False
Breakout_50_noSMA,MSFT,2022-12-01,2022-12-23,247.3773,230.0716,-0.06995698769667613,16,False
Breakout_50_noSMA,MSFT,2023-02-03,2023-07-28,252.9024,326.6634,0.29165829924747033,120,True
Breakout_50_noSMA,MSFT,2023-11-03,2024-04-16,343.013,408.3031,0.19034295391889855,111,True
Breakout_50_noSMA,MSFT,2024-06-13,2024-07-22,434.969,435.8964,0.002132285532449041,25,True
Breakout_50_noSMA,MSFT,2024-12-06,2024-12-31,438.0613,422.0165,-0.03662672441940584,16,False
Breakout_50_noSMA,MSFT,2025-05-02,2025-08-26,428.4598,502.2714,0.1722717316109943,79,True
Breakout_50_noSMA,MSFT,2025-10-28,2025-11-06,547.7223,503.566,-0.08061813857513533,7,False
Breakout_50,MU,2020-06-05,2020-08-07,51.3586,47.4867,-0.0753894109336034,44,False
Breakout_50,MU,2020-10-23,2021-03-24,52.7533,84.9085,0.6095398956701767,103,True
Breakout_50,MU,2021-11-22,2022-01-21,81.7066,82.3412,0.007767162007692674,41,True
Breakout_50,MU,2023-05-01,2023-06-30,63.0749,63.6771,0.009547463344145912,42,True
Breakout_50,MU,2023-11-06,2024-02-14,71.9086,81.5289,0.1337838924765622,68,True
Breakout_50,MU,2024-03-04,2024-07-16,96.162,129.6248,0.3479836458822203,92,True
Breakout_50,MU,2025-06-04,2025-07-23,102.1355,109.2814,0.06996505970621003,33,True
Breakout_50,MU,2025-09-08,2026-03-09,130.3609,363.8072,1.7907698245759391,125,True
Breakout_50,MU,2026-03-18,2026-03-25,464.5649,382.8392,-0.17591875638108456,5,False
Breakout_100,MU,2020-11-09,2021-03-24,55.0745,84.9085,0.5417038001703418,92,True
Breakout_100,MU,2021-12-22,2022-01-21,87.8985,82.3412,-0.06322430643166554,20,False
Breakout_100,MU,2023-05-01,2023-06-30,63.0749,63.6771,0.009547463344145912,42,True
Breakout_100,MU,2023-11-06,2024-02-14,71.9086,81.5289,0.1337838924765622,68,True
Breakout_100,MU,2024-03-04,2024-07-16,96.162,129.6248,0.3479836458822203,92,True
Breakout_100,MU,2025-06-11,2025-07-23,115.3239,109.2814,-0.05239594594250008,28,False
Breakout_100,MU,2025-09-08,2026-03-09,130.3609,363.8072,1.7907698245759391,125,True
Breakout_100,MU,2026-03-18,2026-03-25,464.5649,382.8392,-0.17591875638108456,5,False
Breakout_50_noSMA,MU,2020-06-05,2020-08-07,51.3586,47.4867,-0.0753894109336034,44,False
Breakout_50_noSMA,MU,2020-10-23,2021-03-24,52.7533,84.9085,0.6095398956701767,103,True
Breakout_50_noSMA,MU,2021-11-15,2022-01-21,75.9443,82.3412,0.08423101855869897,46,True
Breakout_50_noSMA,MU,2022-11-11,2022-12-05,59.6198,53.4465,-0.10354501186943366,15,False
Breakout_50_noSMA,MU,2023-05-01,2023-06-30,63.0749,63.6771,0.009547463344145912,42,True
Breakout_50_noSMA,MU,2023-11-06,2024-02-14,71.9086,81.5289,0.1337838924765622,68,True
Breakout_50_noSMA,MU,2024-03-04,2024-07-16,96.162,129.6248,0.3479836458822203,92,True
Breakout_50_noSMA,MU,2025-06-04,2025-07-23,102.1355,109.2814,0.06996505970621003,33,True
Breakout_50_noSMA,MU,2025-09-08,2026-03-09,130.3609,363.8072,1.7907698245759391,125,True
Breakout_50_noSMA,MU,2026-03-18,2026-03-25,464.5649,382.8392,-0.17591875638108456,5,False
Breakout_50,NEE,2020-03-05,2020-03-11,59.6232,53.6297,-0.10052348746451412,4,False
Breakout_50,NEE,2020-05-29,2020-06-26,53.8255,51.6097,-0.0411667776066138,20,False
Breakout_50,NEE,2020-07-15,2020-09-21,57.2532,59.8081,0.04462543726440282,47,True
Breakout_50,NEE,2020-10-09,2020-12-01,66.0543,64.7821,-0.019259426927998313,36,False
Breakout_50,NEE,2021-01-21,2021-02-22,73.6358,67.9985,-0.07655740017560675,21,False
Breakout_50,NEE,2021-07-16,2021-09-24,67.8952,72.0832,0.061684645063425414,49,True
Breakout_50,NEE,2021-11-16,2022-01-07,77.2561,76.4397,-0.01056772402212125,36,False
Breakout_50,NEE,2022-03-31,2022-04-22,76.2268,68.26,-0.10451432564110985,15,False
Breakout_50,NEE,2022-07-29,2022-09-19,76.1563,76.7248,0.007465738889953499,35,True
Breakout_50,NEE,2022-12-13,2023-01-20,80.1,75.1029,-0.06238625966739886,25,False
Breakout_50,NEE,2024-03-28,2024-06-20,60.136,67.4936,0.12234819062243174,57,True
Breakout_50,NEE,2024-08-27,2024-10-08,76.3913,77.2879,0.011737056532299395,29,True
Breakout_50,NEE,2025-03-11,2025-03-25,73.7079,68.4445,-0.07140963493202301,10,False
Breakout_50,NEE,2025-06-16,2025-07-01,73.619,68.1074,-0.07486688955035503,10,False
Breakout_50,NEE,2025-07-21,2025-07-25,74.7351,70.5842,-0.055540977347033116,4,False
Breakout_50,NEE,2025-10-02,2025-12-09,77.5821,80.2528,0.0344245307116382,47,True
Breakout_50,NEE,2026-01-28,2026-04-15,87.1259,90.17,0.03493881167553048,53,True
Breakout_100,NEE,2020-03-05,2020-03-11,59.6232,53.6297,-0.10052348746451412,4,False
Breakout_100,NEE,2020-08-10,2020-09-21,62.3839,59.8081,-0.04128870179425581,29,False
Breakout_100,NEE,2020-10-09,2020-12-01,66.0543,64.7821,-0.019259426927998313,36,False
Breakout_100,NEE,2021-01-21,2021-02-22,73.6358,67.9985,-0.07655740017560675,21,False
Breakout_100,NEE,2021-08-12,2021-09-24,72.4439,72.0832,-0.004977884089532036,30,False
Breakout_100,NEE,2021-11-16,2022-01-07,77.2561,76.4397,-0.01056772402212125,36,False
Breakout_100,NEE,2022-08-05,2022-09-19,79.2025,76.7248,-0.03128299395507006,30,False
Breakout_100,NEE,2024-04-09,2024-06-20,61.5339,67.4936,0.0968520551291161,50,True
Breakout_100,NEE,2024-08-27,2024-10-08,76.3913,77.2879,0.011737056532299395,29,True
Breakout_100,NEE,2025-07-21,2025-07-25,74.7351,70.5842,-0.055540977347033116,4,False
Breakout_100,NEE,2025-10-02,2025-12-09,77.5821,80.2528,0.0344245307116382,47,True
Breakout_100,NEE,2026-01-28,2026-04-15,87.1259,90.17,0.03493881167553048,53,True
Breakout_50_noSMA,NEE,2020-03-05,2020-03-11,59.6232,53.6297,-0.10052348746451412,4,False
Breakout_50_noSMA,NEE,2020-05-29,2020-06-26,53.8255,51.6097,-0.0411667776066138,20,False
Breakout_50_noSMA,NEE,2020-07-15,2020-09-21,57.2532,59.8081,0.04462543726440282,47,True
Breakout_50_noSMA,NEE,2020-10-09,2020-12-01,66.0543,64.7821,-0.019259426927998313,36,False
Breakout_50_noSMA,NEE,2021-01-21,2021-02-22,73.6358,67.9985,-0.07655740017560675,21,False
Breakout_50_noSMA,NEE,2021-07-16,2021-09-24,67.8952,72.0832,0.061684645063425414,49,True
Breakout_50_noSMA,NEE,2021-11-16,2022-01-07,77.2561,76.4397,-0.01056772402212125,36,False
Breakout_50_noSMA,NEE,2022-03-31,2022-04-22,76.2268,68.26,-0.10451432564110985,15,False
Breakout_50_noSMA,NEE,2022-07-29,2022-09-19,76.1563,76.7248,0.007465738889953499,35,True
Breakout_50_noSMA,NEE,2022-12-13,2023-01-20,80.1,75.1029,-0.06238625966739886,25,False
Breakout_50_noSMA,NEE,2023-12-14,2024-01-18,59.5719,54.2464,-0.08939508803498586,22,False
Breakout_50_noSMA,NEE,2024-03-28,2024-06-20,60.136,67.4936,0.12234819062243174,57,True
Breakout_50_noSMA,NEE,2024-08-27,2024-10-08,76.3913,77.2879,0.011737056532299395,29,True
Breakout_50_noSMA,NEE,2025-03-11,2025-03-25,73.7079,68.4445,-0.07140963493202301,10,False
Breakout_50_noSMA,NEE,2025-06-16,2025-07-01,73.619,68.1074,-0.07486688955035503,10,False
Breakout_50_noSMA,NEE,2025-07-21,2025-07-25,74.7351,70.5842,-0.055540977347033116,4,False
Breakout_50_noSMA,NEE,2025-10-02,2025-12-09,77.5821,80.2528,0.0344245307116382,47,True
Breakout_50_noSMA,NEE,2026-01-28,2026-04-15,87.1259,90.17,0.03493881167553048,53,True
Breakout_50,NEM,2020-03-06,2020-03-13,43.8175,38.5524,-0.1201606786124304,5,False
Breakout_50,NEM,2020-04-13,2020-06-04,48.0498,48.0706,0.00043294588817310853,37,True
Breakout_50,NEM,2020-07-28,2020-09-21,57.2546,53.672,-0.062573055843123,38,False
Breakout_50,NEM,2021-04-16,2021-06-18,56.4195,54.9955,-0.02523941895925652,44,False
Breakout_50,NEM,2021-12-31,2022-04-25,54.8465,63.2499,0.15321644423381287,78,True
Breakout_50,NEM,2023-01-17,2023-02-07,49.4346,43.9132,-0.11169014784039621,15,False
Breakout_50,NEM,2023-12-20,2024-01-10,40.0315,36.9102,-0.07797185784230465,13,False
Breakout_50,NEM,2024-04-05,2024-06-10,36.4101,39.2013,0.07666144886321513,45,True
Breakout_50,NEM,2024-07-08,2024-10-25,42.8807,46.6013,0.08676758199391488,78,True
Breakout_50,NEM,2025-02-11,2025-04-07,45.1417,42.9813,-0.04785878471653848,38,False
Breakout_50,NEM,2025-04-11,2025-05-15,53.1491,48.3712,-0.08989600451289337,23,False
Breakout_50,NEM,2025-06-16,2025-10-28,56.4031,76.3631,0.3538811581685444,93,True
Breakout_50,NEM,2025-12-12,2026-03-06,101.9237,113.65,0.1150495062483825,56,True
Breakout_100,NEM,2020-03-06,2020-03-13,43.8175,38.5524,-0.1201606786124304,5,False
Breakout_100,NEM,2020-04-13,2020-06-04,48.0498,48.0706,0.00043294588817310853,37,True
Breakout_100,NEM,2020-07-28,2020-09-21,57.2546,53.672,-0.062573055843123,38,False
Breakout_100,NEM,2021-04-19,2021-06-18,56.1097,54.9955,-0.019857272246072255,43,False
Breakout_100,NEM,2021-12-31,2022-04-25,54.8465,63.2499,0.15321644423381287,78,True
Breakout_100,NEM,2023-01-17,2023-02-07,49.4346,43.9132,-0.11169014784039621,15,False
Breakout_100,NEM,2024-04-26,2024-06-10,41.7273,39.2013,-0.06053575392852184,30,False
Breakout_100,NEM,2024-07-08,2024-10-25,42.8807,46.6013,0.08676758199391488,78,True
Breakout_100,NEM,2025-04-11,2025-05-15,53.1491,48.3712,-0.08989600451289337,23,False
Breakout_100,NEM,2025-06-16,2025-10-28,56.4031,76.3631,0.3538811581685444,93,True
Breakout_100,NEM,2025-12-12,2026-03-06,101.9237,113.65,0.1150495062483825,56,True
Breakout_50_noSMA,NEM,2020-03-06,2020-03-13,43.8175,38.5524,-0.1201606786124304,5,False
Breakout_50_noSMA,NEM,2020-04-13,2020-06-04,48.0498,48.0706,0.00043294588817310853,37,True
Breakout_50_noSMA,NEM,2020-07-28,2020-09-21,57.2546,53.672,-0.062573055843123,38,False
Breakout_50_noSMA,NEM,2021-04-16,2021-06-18,56.4195,54.9955,-0.02523941895925652,44,False
Breakout_50_noSMA,NEM,2021-12-17,2022-04-25,52.3097,63.2499,0.2091429229916153,87,True
Breakout_50_noSMA,NEM,2022-11-11,2023-02-07,42.4002,43.9132,0.03568395901628918,58,True
Breakout_50_noSMA,NEM,2023-12-04,2024-01-10,38.8921,36.9102,-0.050960098533550435,25,False
Breakout_50_noSMA,NEM,2024-04-02,2024-06-10,35.3678,39.2013,0.10838856867305591,48,True
Breakout_50_noSMA,NEM,2024-07-08,2024-10-25,42.8807,46.6013,0.08676758199391488,78,True
Breakout_50_noSMA,NEM,2025-02-06,2025-04-07,44.1015,42.9813,-0.025400549406708106,41,False
Breakout_50_noSMA,NEM,2025-04-11,2025-05-15,53.1491,48.3712,-0.08989600451289337,23,False
Breakout_50_noSMA,NEM,2025-06-16,2025-10-28,56.4031,76.3631,0.3538811581685444,93,True
Breakout_50_noSMA,NEM,2025-12-12,2026-03-06,101.9237,113.65,0.1150495062483825,56,True
Breakout_50,NFLX,2020-04-14,2020-06-15,39.75,42.14,0.06012577080876569,43,True
Breakout_50,NFLX,2020-06-23,2020-08-12,46.65,47.134,0.010375076723249554,35,True
Breakout_50,NFLX,2021-01-04,2021-01-07,53.9,50.828,-0.05699447725272733,3,False
Breakout_50,NFLX,2021-01-21,2021-03-04,58.245,52.15,-0.10464413284879137,29,False
Breakout_50,NFLX,2021-07-07,2021-08-04,54.424,51.3,-0.05740115687157532,20,False
Breakout_50,NFLX,2021-08-30,2021-12-01,55.725,64.948,0.16550919381428253,65,True
Breakout_50,NFLX,2022-10-24,2022-12-28,29.023,28.192,-0.028632507363267168,45,False
Breakout_50,NFLX,2023-01-23,2023-02-24,34.172,31.93,-0.06560928601688887,23,False
Breakout_50,NFLX,2023-05-19,2023-07-28,36.986,41.556,0.12356025759159417,47,True
Breakout_50,NFLX,2023-11-16,2024-04-22,46.3,55.066,0.1893305140275814,106,True
Breakout_50,NFLX,2024-05-21,2024-07-18,63.676,65.66,0.03115781480074542,39,True
Breakout_50,NFLX,2024-08-21,2024-10-18,69.7,73.764,0.0583070755905557,41,True
Breakout_50,NFLX,2024-10-21,2025-01-13,76.576,83.153,0.08588857851409126,56,True
Breakout_50,NFLX,2025-01-23,2025-03-07,95.781,89.764,-0.0628203756716772,30,False
Breakout_50,NFLX,2025-04-25,2025-07-21,109.704,120.6,0.09932177365754513,58,True
Breakout_50,NFLX,2026-04-16,2026-04-24,107.47,92.57,-0.13864335495148905,6,False
Breakout_100,NFLX,2020-04-14,2020-06-15,39.75,42.14,0.06012577080876569,43,True
Breakout_100,NFLX,2020-06-23,2020-08-12,46.65,47.134,0.010375076723249554,35,True
Breakout_100,NFLX,2021-01-21,2021-03-04,58.245,52.15,-0.10464413284879137,29,False
Breakout_100,NFLX,2021-08-31,2021-12-01,56.612,64.948,0.14724790869523496,64,True
Breakout_100,NFLX,2022-10-24,2022-12-28,29.023,28.192,-0.028632507363267168,45,False
Breakout_100,NFLX,2023-01-23,2023-02-24,34.172,31.93,-0.06560928601688887,23,False
Breakout_100,NFLX,2023-05-31,2023-07-28,39.189,41.556,0.0603996179948898,40,True
Breakout_100,NFLX,2023-12-19,2024-04-22,48.84,55.066,0.1274775126955452,84,True
Breakout_100,NFLX,2024-05-21,2024-07-18,63.676,65.66,0.03115781480074542,39,True
Breakout_100,NFLX,2024-08-21,2024-10-18,69.7,73.764,0.0583070755905557,41,True
Breakout_100,NFLX,2024-10-21,2025-01-13,76.576,83.153,0.08588857851409126,56,True
Breakout_100,NFLX,2025-01-23,2025-03-07,95.781,89.764,-0.0628203756716772,30,False
Breakout_100,NFLX,2025-04-25,2025-07-21,109.704,120.6,0.09932177365754513,58,True
Breakout_50_noSMA,NFLX,2020-04-14,2020-06-15,39.75,42.14,0.06012577080876569,43,True
Breakout_50_noSMA,NFLX,2020-06-23,2020-08-12,46.65,47.134,0.010375076723249554,35,True
Breakout_50_noSMA,NFLX,2021-01-04,2021-01-07,53.9,50.828,-0.05699447725272733,3,False
Breakout_50_noSMA,NFLX,2021-01-21,2021-03-04,58.245,52.15,-0.10464413284879137,29,False
Breakout_50_noSMA,NFLX,2021-07-07,2021-08-04,54.424,51.3,-0.05740115687157532,20,False
Breakout_50_noSMA,NFLX,2021-08-30,2021-12-01,55.725,64.948,0.16550919381428253,65,True
Breakout_50_noSMA,NFLX,2022-07-21,2022-09-14,21.43,21.982,0.02575828455042295,38,True
Breakout_50_noSMA,NFLX,2022-10-20,2022-12-28,27.278,28.192,0.033506839269202615,47,True
Breakout_50_noSMA,NFLX,2023-01-23,2023-02-24,34.172,31.93,-0.06560928601688887,23,False
Breakout_50_noSMA,NFLX,2023-05-19,2023-07-28,36.986,41.556,0.12356025759159417,47,True
Breakout_50_noSMA,NFLX,2023-11-16,2024-04-22,46.3,55.066,0.1893305140275814,106,True
Breakout_50_noSMA,NFLX,2024-05-21,2024-07-18,63.676,65.66,0.03115781480074542,39,True
Breakout_50_noSMA,NFLX,2024-08-21,2024-10-18,69.7,73.764,0.0583070755905557,41,True
Breakout_50_noSMA,NFLX,2024-10-21,2025-01-13,76.576,83.153,0.08588857851409126,56,True
Breakout_50_noSMA,NFLX,2025-01-23,2025-03-07,95.781,89.764,-0.0628203756716772,30,False
Breakout_50_noSMA,NFLX,2025-04-25,2025-07-21,109.704,120.6,0.09932177365754513,58,True
Breakout_50_noSMA,NFLX,2026-03-05,2026-04-24,98.5,92.57,-0.06020304878351046,35,False
Breakout_50,NKE,2020-05-22,2020-06-29,86.7625,86.3156,-0.005149927357352313,25,False
Breakout_50,NKE,2020-08-11,2020-11-02,98.4293,112.9759,0.14778713851403125,58,True
Breakout_50,NKE,2020-12-04,2021-01-26,126.8113,127.4404,0.004960985116634342,34,True
Breakout_50,NKE,2021-06-28,2021-09-03,142.9672,151.837,0.06204097831532107,48,True
Breakout_50,NKE,2021-11-04,2021-12-16,160.2197,151.6439,-0.053525252653546684,29,False
Breakout_50,NKE,2022-12-05,2023-02-22,104.5875,114.0834,0.09079438567192533,53,True
Breakout_50,NKE,2023-05-02,2023-05-12,120.1244,114.3048,-0.048446805669421056,8,False
Breakout_50,NKE,2023-12-04,2023-12-26,107.9051,103.3438,-0.04227107251430562,15,False
Breakout_50,NKE,2025-02-25,2025-03-12,77.9493,72.5395,-0.06940150241582044,11,False
Breakout_50,NKE,2025-06-30,2025-09-08,70.164,73.3024,0.04472939663040498,48,True
Breakout_100,NKE,2020-08-11,2020-11-02,98.4293,112.9759,0.14778713851403125,58,True
Breakout_100,NKE,2020-12-04,2021-01-26,126.8113,127.4404,0.004960985116634342,34,True
Breakout_100,NKE,2021-06-28,2021-09-03,142.9672,151.837,0.06204097831532107,48,True
Breakout_100,NKE,2021-11-05,2021-12-16,163.4945,151.6439,-0.07248363904123212,28,False
Breakout_100,NKE,2023-01-05,2023-02-22,113.3109,114.0834,0.006817359736742246,32,True
Breakout_100,NKE,2023-12-04,2023-12-26,107.9051,103.3438,-0.04227107251430562,15,False
Breakout_50_noSMA,NKE,2020-05-22,2020-06-29,86.7625,86.3156,-0.005149927357352313,25,False
Breakout_50_noSMA,NKE,2020-08-11,2020-11-02,98.4293,112.9759,0.14778713851403125,58,True
Breakout_50_noSMA,NKE,2020-12-04,2021-01-26,126.8113,127.4404,0.004960985116634342,34,True
Breakout_50_noSMA,NKE,2021-06-28,2021-09-03,142.9672,151.837,0.06204097831532107,48,True
Breakout_50_noSMA,NKE,2021-11-04,2021-12-16,160.2197,151.6439,-0.053525252653546684,29,False
Breakout_50_noSMA,NKE,2022-12-01,2023-02-22,103.394,114.0834,0.10338541687013358,55,True
Breakout_50_noSMA,NKE,2023-05-02,2023-05-12,120.1244,114.3048,-0.048446805669421056,8,False
Breakout_50_noSMA,NKE,2023-11-06,2023-12-26,101.7227,103.3438,0.015936945794578605,34,True
Breakout_50_noSMA,NKE,2024-09-23,2024-10-09,82.4688,78.355,-0.049882892301491566,12,False
Breakout_50_noSMA,NKE,2025-02-25,2025-03-12,77.9493,72.5395,-0.06940150241582044,11,False
Breakout_50_noSMA,NKE,2025-06-30,2025-09-08,70.164,73.3024,0.04472939663040498,48,True
Breakout_50,NOC,2020-08-28,2020-09-22,317.7728,299.0781,-0.058830196168839444,16,False
Breakout_50,NOC,2021-03-18,2021-06-30,286.1135,334.6854,0.16976472112781216,72,True
Breakout_50,NOC,2021-10-07,2021-10-29,351.6607,327.4723,-0.06878319249004272,16,False
Breakout_50,NOC,2022-01-10,2022-01-28,378.4234,346.1406,-0.08530858063185087,13,False
Breakout_50,NOC,2022-02-28,2022-04-28,388.6654,409.9509,0.05476572985561323,42,True
Breakout_50,NOC,2022-06-06,2022-06-15,451.2747,429.6088,-0.0480104600824367,7,False
Breakout_50,NOC,2022-08-18,2022-09-14,465.1349,446.7551,-0.039514923251149026,18,False
Breakout_50,NOC,2022-10-24,2022-11-14,498.5446,468.6672,-0.05992933624375785,15,False
Breakout_50,NOC,2023-10-10,2023-12-15,454.794,443.8281,-0.024111953270553155,47,False
Breakout_50,NOC,2024-04-26,2024-05-24,471.7364,452.3384,-0.04112051604656741,20,False
Breakout_50,NOC,2024-07-29,2024-10-23,467.4989,509.4079,0.08964510142193483,61,True
Breakout_50,NOC,2025-03-28,2025-04-23,505.5166,459.2894,-0.0914454362319641,17,False
Breakout_50,NOC,2025-07-15,2025-10-30,513.633,581.7116,0.1325432327449474,76,True
Breakout_50,NOC,2026-01-06,2026-03-24,612.598,670.0,0.09370258521550046,53,True
Breakout_100,NOC,2021-04-06,2021-06-30,302.5324,334.6854,0.10627951186889839,60,True
Breakout_100,NOC,2021-10-08,2021-10-29,356.5169,327.4723,-0.08146751328146484,15,False
Breakout_100,NOC,2022-02-28,2022-04-28,388.6654,409.9509,0.05476572985561323,42,True
Breakout_100,NOC,2022-06-08,2022-06-15,459.3253,429.6088,-0.06469584430968345,5,False
Breakout_100,NOC,2022-08-18,2022-09-14,465.1349,446.7551,-0.039514923251149026,18,False
Breakout_100,NOC,2022-10-24,2022-11-14,498.5446,468.6672,-0.05992933624375785,15,False
Breakout_100,NOC,2023-10-10,2023-12-15,454.794,443.8281,-0.024111953270553155,47,False
Breakout_100,NOC,2024-04-26,2024-05-24,471.7364,452.3384,-0.04112051604656741,20,False
Breakout_100,NOC,2024-08-02,2024-10-23,482.0084,509.4079,0.056844526016890384,57,True
Breakout_100,NOC,2025-04-14,2025-04-23,521.4604,459.2894,-0.11922475257362353,6,False
Breakout_100,NOC,2025-07-23,2025-10-30,556.1061,581.7116,0.04604436874578366,70,True
Breakout_100,NOC,2026-01-15,2026-03-24,638.3256,670.0,0.04962105046486931,46,True
Breakout_50_noSMA,NOC,2020-08-28,2020-09-22,317.7728,299.0781,-0.058830196168839444,16,False
Breakout_50_noSMA,NOC,2021-03-18,2021-06-30,286.1135,334.6854,0.16976472112781216,72,True
Breakout_50_noSMA,NOC,2021-10-07,2021-10-29,351.6607,327.4723,-0.06878319249004272,16,False
Breakout_50_noSMA,NOC,2022-01-10,2022-01-28,378.4234,346.1406,-0.08530858063185087,13,False
Breakout_50_noSMA,NOC,2022-02-28,2022-04-28,388.6654,409.9509,0.05476572985561323,42,True
Breakout_50_noSMA,NOC,2022-06-06,2022-06-15,451.2747,429.6088,-0.0480104600824367,7,False
Breakout_50_noSMA,NOC,2022-08-18,2022-09-14,465.1349,446.7551,-0.039514923251149026,18,False
Breakout_50_noSMA,NOC,2022-10-24,2022-11-14,498.5446,468.6672,-0.05992933624375785,15,False
Breakout_50_noSMA,NOC,2023-10-10,2023-12-15,454.794,443.8281,-0.024111953270553155,47,False
Breakout_50_noSMA,NOC,2024-04-26,2024-05-24,471.7364,452.3384,-0.04112051604656741,20,False
Breakout_50_noSMA,NOC,2024-07-29,2024-10-23,467.4989,509.4079,0.08964510142193483,61,True
Breakout_50_noSMA,NOC,2025-03-28,2025-04-23,505.5166,459.2894,-0.0914454362319641,17,False
Breakout_50_noSMA,NOC,2025-07-15,2025-10-30,513.633,581.7116,0.1325432327449474,76,True
Breakout_50_noSMA,NOC,2026-01-06,2026-03-24,612.598,670.0,0.09370258521550046,53,True
Breakout_50,NSC,2020-05-28,2020-06-22,165.5618,151.1315,-0.08715975076720717,17,False
Breakout_50,NSC,2020-08-11,2020-10-22,184.7415,190.406,0.03066214682726498,51,True
Breakout_50,NSC,2020-11-10,2021-01-27,207.9096,210.1528,0.010789419222524188,52,True
Breakout_50,NSC,2021-02-23,2021-03-05,234.9562,222.7309,-0.052032068416477895,8,False
Breakout_50,NSC,2021-03-29,2021-06-08,245.4788,248.3444,0.011673638108163464,49,True
Breakout_50,NSC,2021-10-18,2021-11-30,248.9407,242.6879,-0.025117696830167513,30,False
Breakout_50,NSC,2021-12-30,2022-01-19,269.8922,252.7949,-0.06334868881472333,13,False
Breakout_50,NSC,2022-11-14,2023-01-26,231.1906,226.6457,-0.01965844868439437,49,False
Breakout_50,NSC,2023-07-03,2023-08-09,211.7222,207.4353,-0.02024780220076894,26,False
Breakout_50,NSC,2023-11-20,2024-03-26,200.6267,237.7208,0.18489135934515222,86,True
Breakout_50,NSC,2024-07-29,2024-09-26,238.6194,237.5196,-0.004609106169764621,42,False
Breakout_50,NSC,2024-11-07,2024-12-10,268.6736,249.5585,-0.0711462153456639,22,False
Breakout_50,NSC,2025-05-19,2025-09-10,240.0577,269.9238,0.12441219633626988,78,True
Breakout_50,NSC,2025-09-29,2025-10-24,294.5064,280.8824,-0.046260467479179446,19,False
Breakout_50,NSC,2026-02-05,2026-03-11,305.7093,295.77,-0.032512395379711845,23,False
Breakout_100,NSC,2020-08-11,2020-10-22,184.7415,190.406,0.03066214682726498,51,True
Breakout_100,NSC,2020-11-10,2021-01-27,207.9096,210.1528,0.010789419222524188,52,True
Breakout_100,NSC,2021-02-23,2021-03-05,234.9562,222.7309,-0.052032068416477895,8,False
Breakout_100,NSC,2021-03-29,2021-06-08,245.4788,248.3444,0.011673638108163464,49,True
Breakout_100,NSC,2021-12-30,2022-01-19,269.8922,252.7949,-0.06334868881472333,13,False
Breakout_100,NSC,2023-07-17,2023-08-09,220.5087,207.4353,-0.0592874417799133,17,False
Breakout_100,NSC,2024-01-23,2024-03-26,230.4762,237.7208,0.03143317245354482,44,True
Breakout_100,NSC,2024-09-03,2024-09-26,246.9626,237.5196,-0.03823660960551467,17,False
Breakout_100,NSC,2024-11-07,2024-12-10,268.6736,249.5585,-0.0711462153456639,22,False
Breakout_100,NSC,2025-07-02,2025-09-10,259.0781,269.9238,0.04186260822973531,48,True
Breakout_100,NSC,2025-09-29,2025-10-24,294.5064,280.8824,-0.046260467479179446,19,False
Breakout_100,NSC,2026-02-05,2026-03-11,305.7093,295.77,-0.032512395379711845,23,False
Breakout_50_noSMA,NSC,2020-05-28,2020-06-22,165.5618,151.1315,-0.08715975076720717,17,False
Breakout_50_noSMA,NSC,2020-08-11,2020-10-22,184.7415,190.406,0.03066214682726498,51,True
Breakout_50_noSMA,NSC,2020-11-10,2021-01-27,207.9096,210.1528,0.010789419222524188,52,True
Breakout_50_noSMA,NSC,2021-02-23,2021-03-05,234.9562,222.7309,-0.052032068416477895,8,False
Breakout_50_noSMA,NSC,2021-03-29,2021-06-08,245.4788,248.3444,0.011673638108163464,49,True
Breakout_50_noSMA,NSC,2021-10-18,2021-11-30,248.9407,242.6879,-0.025117696830167513,30,False
Breakout_50_noSMA,NSC,2021-12-30,2022-01-19,269.8922,252.7949,-0.06334868881472333,13,False
Breakout_50_noSMA,NSC,2022-08-02,2022-09-02,232.2867,225.4451,-0.029453045526118604,23,False
Breakout_50_noSMA,NSC,2022-11-14,2023-01-26,231.1906,226.6457,-0.01965844868439437,49,False
Breakout_50_noSMA,NSC,2023-05-22,2023-08-09,210.6686,207.4353,-0.015347719932759185,54,False
Breakout_50_noSMA,NSC,2023-11-20,2024-03-26,200.6267,237.7208,0.18489135934515222,86,True
Breakout_50_noSMA,NSC,2024-07-29,2024-09-26,238.6194,237.5196,-0.004609106169764621,42,False
Breakout_50_noSMA,NSC,2024-11-07,2024-12-10,268.6736,249.5585,-0.0711462153456639,22,False
Breakout_50_noSMA,NSC,2025-05-19,2025-09-10,240.0577,269.9238,0.12441219633626988,78,True
Breakout_50_noSMA,NSC,2025-09-29,2025-10-24,294.5064,280.8824,-0.046260467479179446,19,False
Breakout_50_noSMA,NSC,2026-02-05,2026-03-11,305.7093,295.77,-0.032512395379711845,23,False
Breakout_50,NUE,2020-09-03,2020-09-24,42.909,40.4425,-0.05748094400615933,14,False
Breakout_50,NUE,2020-11-10,2020-12-29,46.6797,47.7591,0.023123693176153592,33,True
Breakout_50,NUE,2021-01-13,2021-01-27,53.2869,47.7554,-0.103806376820059,9,False
Breakout_50,NUE,2021-02-23,2021-06-21,55.8038,87.5625,0.5691139466690569,82,True
Breakout_50,NUE,2021-08-11,2021-09-15,113.4739,100.5193,-0.1141638330595598,24,False
Breakout_50,NUE,2021-11-23,2021-12-02,111.9321,98.5152,-0.11986650839071189,6,False
Breakout_50,NUE,2022-01-06,2022-01-11,115.9873,103.2249,-0.11003229353960198,3,False
Breakout_50,NUE,2022-02-28,2022-05-06,120.8858,131.8151,0.09041036675294145,48,True
Breakout_50,NUE,2022-08-11,2022-09-15,135.758,114.6735,-0.15530969271672657,24,False
Breakout_50,NUE,2022-11-22,2022-12-16,143.2669,123.9936,-0.1345272176995429,17,False
Breakout_50,NUE,2023-01-12,2023-03-13,148.3354,148.0111,-0.002186647150019372,40,False
Breakout_50,NUE,2023-06-28,2023-09-11,152.5846,160.8474,0.05415235922502126,51,True
Breakout_50,NUE,2023-11-30,2024-04-24,158.6301,169.5871,0.06907215304682257,99,True
Breakout_50,NUE,2024-11-07,2024-11-15,164.0398,143.8374,-0.12315552398356955,6,False
Breakout_50,NUE,2025-06-27,2025-09-10,128.7179,139.8927,0.08681645432746121,51,True
Breakout_50,NUE,2025-10-29,2026-03-06,151.1672,169.4222,0.12075981297139693,87,True
Breakout_100,NUE,2020-09-03,2020-09-24,42.909,40.4425,-0.05748094400615933,14,False
Breakout_100,NUE,2020-11-10,2020-12-29,46.6797,47.7591,0.023123693176153592,33,True
Breakout_100,NUE,2021-01-13,2021-01-27,53.2869,47.7554,-0.103806376820059,9,False
Breakout_100,NUE,2021-02-23,2021-06-21,55.8038,87.5625,0.5691139466690569,82,True
Breakout_100,NUE,2021-08-11,2021-09-15,113.4739,100.5193,-0.1141638330595598,24,False
Breakout_100,NUE,2022-02-28,2022-05-06,120.8858,131.8151,0.09041036675294145,48,True
Breakout_100,NUE,2022-11-22,2022-12-16,143.2669,123.9936,-0.1345272176995429,17,False
Breakout_100,NUE,2023-01-12,2023-03-13,148.3354,148.0111,-0.002186647150019372,40,False
Breakout_100,NUE,2024-01-31,2024-04-24,182.5477,169.5871,-0.07099870198780922,58,False
Breakout_100,NUE,2024-11-07,2024-11-15,164.0398,143.8374,-0.12315552398356955,6,False
Breakout_100,NUE,2025-07-11,2025-09-10,141.0105,139.8927,-0.007926973892558697,42,False
Breakout_100,NUE,2025-10-29,2026-03-06,151.1672,169.4222,0.12075981297139693,87,True
Breakout_50_noSMA,NUE,2020-05-28,2020-06-12,39.0894,37.0694,-0.05167685046688608,11,False
Breakout_50_noSMA,NUE,2020-09-03,2020-09-24,42.909,40.4425,-0.05748094400615933,14,False
Breakout_50_noSMA,NUE,2020-11-10,2020-12-29,46.6797,47.7591,0.023123693176153592,33,True
Breakout_50_noSMA,NUE,2021-01-13,2021-01-27,53.2869,47.7554,-0.103806376820059,9,False
Breakout_50_noSMA,NUE,2021-02-23,2021-06-21,55.8038,87.5625,0.5691139466690569,82,True
Breakout_50_noSMA,NUE,2021-08-11,2021-09-15,113.4739,100.5193,-0.1141638330595598,24,False
Breakout_50_noSMA,NUE,2021-11-23,2021-12-02,111.9321,98.5152,-0.11986650839071189,6,False
Breakout_50_noSMA,NUE,2022-01-06,2022-01-11,115.9873,103.2249,-0.11003229353960198,3,False
Breakout_50_noSMA,NUE,2022-02-28,2022-05-06,120.8858,131.8151,0.09041036675294145,48,True
Breakout_50_noSMA,NUE,2022-08-11,2022-09-15,135.758,114.6735,-0.15530969271672657,24,False
Breakout_50_noSMA,NUE,2022-11-22,2022-12-16,143.2669,123.9936,-0.1345272176995429,17,False
Breakout_50_noSMA,NUE,2023-01-12,2023-03-13,148.3354,148.0111,-0.002186647150019372,40,False
Breakout_50_noSMA,NUE,2023-06-28,2023-09-11,152.5846,160.8474,0.05415235922502126,51,True
Breakout_50_noSMA,NUE,2023-11-30,2024-04-24,158.6301,169.5871,0.06907215304682257,99,True
Breakout_50_noSMA,NUE,2024-10-18,2024-10-23,155.344,142.4808,-0.08280445608771436,3,False
Breakout_50_noSMA,NUE,2024-11-07,2024-11-15,164.0398,143.8374,-0.12315552398356955,6,False
Breakout_50_noSMA,NUE,2025-06-20,2025-09-10,127.2304,139.8927,0.099522203150886,56,True
Breakout_50_noSMA,NUE,2025-10-29,2026-03-06,151.1672,169.4222,0.12075981297139693,87,True
Breakout_50,NVDA,2020-05-08,2020-10-29,7.6637,12.798,0.6699528809631499,121,True
Breakout_50,NVDA,2021-02-09,2021-02-26,14.2998,13.7132,-0.04101952743024928,12,False
Breakout_50,NVDA,2021-04-14,2021-05-13,15.5857,13.9985,-0.10184002549379334,21,False
Breakout_50,NVDA,2021-06-01,2021-08-19,16.2291,19.4494,0.19843045401554482,56,True
Breakout_50,NVDA,2021-08-24,2021-09-29,21.7033,20.8958,-0.037204349649080926,25,False
Breakout_50,NVDA,2021-10-26,2021-12-20,23.9384,27.2507,0.13836968440021136,38,True
Breakout_50,NVDA,2022-03-30,2022-04-07,28.2526,24.3966,-0.1364824784443961,6,False
Breakout_50,NVDA,2022-12-14,2022-12-28,17.968,13.9123,-0.22571871089614315,9,False
Breakout_50,NVDA,2023-01-24,2023-08-10,18.8072,42.1271,1.2399496570001367,137,True
Breakout_50,NVDA,2023-11-15,2024-04-22,49.9001,78.0599,0.5643241959490324,107,True
Breakout_50,NVDA,2024-05-24,2024-07-25,104.3901,112.9855,0.08233955735223542,41,True
Breakout_50,NVDA,2024-10-09,2024-12-11,134.0568,137.315,0.024304432102280282,44,True
Breakout_50,NVDA,2025-05-14,2025-09-03,133.1686,171.0316,0.28432359908060856,76,True
Breakout_50,NVDA,2025-10-01,2025-11-19,185.2197,184.7697,-0.0024293614236629013,35,False
Breakout_50,NVDA,2026-02-26,2026-02-27,194.2595,181.2402,-0.06702009251090313,1,False
Breakout_100,NVDA,2020-05-12,2020-10-29,8.0918,12.798,0.581608906022661,119,True
Breakout_100,NVDA,2021-02-11,2021-02-26,14.9374,13.7132,-0.08195797981433839,10,False
Breakout_100,NVDA,2021-04-14,2021-05-13,15.5857,13.9985,-0.10184002549379334,21,False
Breakout_100,NVDA,2021-06-01,2021-08-19,16.2291,19.4494,0.19843045401554482,56,True
Breakout_100,NVDA,2021-08-24,2021-09-29,21.7033,20.8958,-0.037204349649080926,25,False
Breakout_100,NVDA,2021-10-26,2021-12-20,23.9384,27.2507,0.13836968440021136,38,True
Breakout_100,NVDA,2023-01-24,2023-08-10,18.8072,42.1271,1.2399496570001367,137,True
Breakout_100,NVDA,2023-11-21,2024-04-22,50.091,78.0599,0.5583636261309533,103,True
Breakout_100,NVDA,2024-05-24,2024-07-25,104.3901,112.9855,0.08233955735223542,41,True
Breakout_100,NVDA,2024-10-22,2024-12-11,142.8534,137.315,-0.0387695265774769,35,False
Breakout_100,NVDA,2025-06-25,2025-09-03,149.2452,171.0316,0.14597709774789536,48,True
Breakout_100,NVDA,2025-10-01,2025-11-19,185.2197,184.7697,-0.0024293614236629013,35,False
Breakout_50_noSMA,NVDA,2020-05-08,2020-10-29,7.6637,12.798,0.6699528809631499,121,True
Breakout_50_noSMA,NVDA,2021-02-09,2021-02-26,14.2998,13.7132,-0.04101952743024928,12,False
Breakout_50_noSMA,NVDA,2021-04-14,2021-05-13,15.5857,13.9985,-0.10184002549379334,21,False
Breakout_50_noSMA,NVDA,2021-06-01,2021-08-19,16.2291,19.4494,0.19843045401554482,56,True
Breakout_50_noSMA,NVDA,2021-08-24,2021-09-29,21.7033,20.8958,-0.037204349649080926,25,False
Breakout_50_noSMA,NVDA,2021-10-26,2021-12-20,23.9384,27.2507,0.13836968440021136,38,True
Breakout_50_noSMA,NVDA,2022-03-30,2022-04-07,28.2526,24.3966,-0.1364824784443961,6,False
Breakout_50_noSMA,NVDA,2022-11-11,2022-12-28,15.7863,13.9123,-0.11870931309348176,31,False
Breakout_50_noSMA,NVDA,2023-01-24,2023-08-10,18.8072,42.1271,1.2399496570001367,137,True
Breakout_50_noSMA,NVDA,2023-11-15,2024-04-22,49.9001,78.0599,0.5643241959490324,107,True
Breakout_50_noSMA,NVDA,2024-05-24,2024-07-25,104.3901,112.9855,0.08233955735223542,41,True
Breakout_50_noSMA,NVDA,2024-10-09,2024-12-11,134.0568,137.315,0.024304432102280282,44,True
Breakout_50_noSMA,NVDA,2025-05-14,2025-09-03,133.1686,171.0316,0.28432359908060856,76,True
Breakout_50_noSMA,NVDA,2025-10-01,2025-11-19,185.2197,184.7697,-0.0024293614236629013,35,False
Breakout_50_noSMA,NVDA,2026-02-26,2026-02-27,194.2595,181.2402,-0.06702009251090313,1,False
Breakout_50,NXPI,2020-06-08,2020-09-09,106.1389,110.7815,0.043741312535711785,65,True
Breakout_50,NXPI,2020-10-12,2021-01-28,130.0608,151.8241,0.16733211202524956,74,True
Breakout_50,NXPI,2021-02-09,2021-03-05,170.8055,158.8441,-0.07002954997757982,17,False
Breakout_50,NXPI,2021-03-16,2021-05-03,183.8905,178.0839,-0.031576477972032446,33,False
Breakout_50,NXPI,2021-08-10,2021-08-20,198.7209,185.8739,-0.06464857907540544,8,False
Breakout_50,NXPI,2021-08-27,2021-09-21,204.2779,188.1645,-0.07888010580268279,16,False
Breakout_50,NXPI,2021-12-08,2022-01-10,210.5519,202.8289,-0.03667961969346878,22,False
Breakout_50,NXPI,2022-11-16,2022-12-23,160.5403,146.9055,-0.08493075242515669,26,False
Breakout_50,NXPI,2023-01-27,2023-03-13,166.9179,162.7142,-0.02518442306112023,30,False
Breakout_50,NXPI,2023-06-14,2023-08-14,186.3413,193.1505,0.03654175331297105,41,True
Breakout_50,NXPI,2023-12-08,2024-01-18,202.0794,202.3214,0.001197707469217324,26,True
Breakout_50,NXPI,2024-02-27,2024-04-15,236.0912,229.0177,-0.02996119552145604,33,False
Breakout_50,NXPI,2024-05-15,2024-07-22,260.5221,266.9754,0.024770571570249533,45,True
Breakout_50,NXPI,2025-02-20,2025-03-03,249.0049,214.8277,-0.1372549605134883,7,False
Breakout_50,NXPI,2025-06-11,2025-08-01,215.6885,208.2353,-0.03455532776716197,35,False
Breakout_50,NXPI,2026-01-07,2026-02-04,240.3626,218.317,-0.09171805619571505,19,False
Breakout_50,NXPI,2026-02-12,2026-02-24,250.8681,230.9116,-0.07954950042500042,7,False
Breakout_100,NXPI,2020-07-21,2020-09-09,113.3477,110.7815,-0.022640166368507297,35,False
Breakout_100,NXPI,2020-10-12,2021-01-28,130.0608,151.8241,0.16733211202524956,74,True
Breakout_100,NXPI,2021-02-09,2021-03-05,170.8055,158.8441,-0.07002954997757982,17,False
Breakout_100,NXPI,2021-03-16,2021-05-03,183.8905,178.0839,-0.031576477972032446,33,False
Breakout_100,NXPI,2021-08-10,2021-08-20,198.7209,185.8739,-0.06464857907540544,8,False
Breakout_100,NXPI,2021-08-27,2021-09-21,204.2779,188.1645,-0.07888010580268279,16,False
Breakout_100,NXPI,2021-12-08,2022-01-10,210.5519,202.8289,-0.03667961969346878,22,False
Breakout_100,NXPI,2023-01-27,2023-03-13,166.9179,162.7142,-0.02518442306112023,30,False
Breakout_100,NXPI,2023-06-14,2023-08-14,186.3413,193.1505,0.03654175331297105,41,True
Breakout_100,NXPI,2023-12-15,2024-01-18,225.8076,202.3214,-0.1040097881750841,21,False
Breakout_100,NXPI,2024-02-27,2024-04-15,236.0912,229.0177,-0.02996119552145604,33,False
Breakout_100,NXPI,2024-05-15,2024-07-22,260.5221,266.9754,0.024770571570249533,45,True
Breakout_100,NXPI,2026-01-07,2026-02-04,240.3626,218.317,-0.09171805619571505,19,False
Breakout_100,NXPI,2026-02-12,2026-02-24,250.8681,230.9116,-0.07954950042500042,7,False
Breakout_50_noSMA,NXPI,2020-06-04,2020-09-09,97.3482,110.7815,0.13799290156544552,67,True
Breakout_50_noSMA,NXPI,2020-10-12,2021-01-28,130.0608,151.8241,0.16733211202524956,74,True
Breakout_50_noSMA,NXPI,2021-02-09,2021-03-05,170.8055,158.8441,-0.07002954997757982,17,False
Breakout_50_noSMA,NXPI,2021-03-16,2021-05-03,183.8905,178.0839,-0.031576477972032446,33,False
Breakout_50_noSMA,NXPI,2021-08-10,2021-08-20,198.7209,185.8739,-0.06464857907540544,8,False
Breakout_50_noSMA,NXPI,2021-08-27,2021-09-21,204.2779,188.1645,-0.07888010580268279,16,False
Breakout_50_noSMA,NXPI,2021-12-08,2022-01-10,210.5519,202.8289,-0.03667961969346878,22,False
Breakout_50_noSMA,NXPI,2022-11-14,2022-12-23,157.2648,146.9055,-0.06587162055404383,28,False
Breakout_50_noSMA,NXPI,2023-01-27,2023-03-13,166.9179,162.7142,-0.02518442306112023,30,False
Breakout_50_noSMA,NXPI,2023-06-14,2023-08-14,186.3413,193.1505,0.03654175331297105,41,True
Breakout_50_noSMA,NXPI,2023-12-08,2024-01-18,202.0794,202.3214,0.001197707469217324,26,True
Breakout_50_noSMA,NXPI,2024-02-27,2024-04-15,236.0912,229.0177,-0.02996119552145604,33,False
Breakout_50_noSMA,NXPI,2024-05-15,2024-07-22,260.5221,266.9754,0.024770571570249533,45,True
Breakout_50_noSMA,NXPI,2025-02-20,2025-03-03,249.0049,214.8277,-0.1372549605134883,7,False
Breakout_50_noSMA,NXPI,2025-06-11,2025-08-01,215.6885,208.2353,-0.03455532776716197,35,False
Breakout_50_noSMA,NXPI,2026-01-07,2026-02-04,240.3626,218.317,-0.09171805619571505,19,False
Breakout_50_noSMA,NXPI,2026-02-12,2026-02-24,250.8681,230.9116,-0.07954950042500042,7,False
Breakout_50,O,2020-09-04,2020-09-22,47.1537,44.2551,-0.061471409525733045,11,False
Breakout_50,O,2021-02-11,2021-03-05,46.7542,44.7009,-0.04391772145995909,15,False
Breakout_50,O,2021-03-16,2021-05-13,47.9446,48.8732,0.019366537711293486,41,True
Breakout_50,O,2021-08-16,2021-09-10,54.8596,53.388,-0.02682531917372899,18,False
Breakout_50,O,2021-10-26,2021-12-02,56.4806,53.0737,-0.06032103848759185,26,False
Breakout_50,O,2022-01-05,2022-01-20,57.714,55.0011,-0.04700516924111331,10,False
Breakout_50,O,2022-04-04,2022-05-03,57.165,54.9736,-0.03833495486796801,20,False
Breakout_50,O,2022-07-25,2022-08-29,58.45,57.0893,-0.02327945976435064,25,False
Breakout_50,O,2023-01-13,2023-02-22,55.3508,55.2779,-0.0013187731890722532,26,False
Breakout_50,O,2023-07-21,2023-08-04,53.7436,50.9897,-0.05124107496475816,10,False
Breakout_50,O,2023-12-14,2024-01-25,50.5026,49.049,-0.028782691498209334,27,False
Breakout_50,O,2024-05-03,2024-05-24,49.8178,47.3899,-0.04873642139977963,15,False
Breakout_50,O,2024-07-15,2024-10-28,50.7979,56.8732,0.11959734250805942,74,True
Breakout_50,O,2025-02-21,2025-04-07,53.1815,49.8769,-0.062138629892725894,31,False
Breakout_50,O,2025-06-24,2025-07-18,55.661,54.1848,-0.026522225808699895,17,False
Breakout_50,O,2025-08-20,2025-10-13,57.127,56.5655,-0.009829854577272479,37,False
Breakout_50,O,2026-01-13,2026-03-20,58.1912,62.0239,0.06586457136960777,46,True
Breakout_100,O,2020-09-16,2020-09-22,48.3541,44.2551,-0.0847714750373515,4,False
Breakout_100,O,2021-04-05,2021-05-13,49.0458,48.8732,-0.0035205750156344084,28,False
Breakout_100,O,2021-08-16,2021-09-10,54.8596,53.388,-0.02682531917372899,18,False
Breakout_100,O,2021-10-26,2021-12-02,56.4806,53.0737,-0.06032103848759185,26,False
Breakout_100,O,2022-01-05,2022-01-20,57.714,55.0011,-0.04700516924111331,10,False
Breakout_100,O,2022-04-07,2022-05-03,57.707,54.9736,-0.047366325383248364,17,False
Breakout_100,O,2022-08-15,2022-08-29,61.1905,57.0893,-0.06702397923523018,10,False
Breakout_100,O,2023-01-27,2023-02-22,56.7647,55.2779,-0.02619352952626519,17,False
Breakout_100,O,2024-01-03,2024-01-25,51.2898,49.049,-0.04368767806734386,15,False
Breakout_100,O,2024-07-15,2024-10-28,50.7979,56.8732,0.11959734250805942,74,True
Breakout_100,O,2025-08-20,2025-10-13,57.127,56.5655,-0.009829854577272479,37,False
Breakout_100,O,2026-01-15,2026-03-20,59.5238,62.0239,0.042001895750974017,44,True
Breakout_50_noSMA,O,2020-06-08,2020-07-14,46.492,41.4079,-0.10935372266530241,25,False
Breakout_50_noSMA,O,2020-09-04,2020-09-22,47.1537,44.2551,-0.061471409525733045,11,False
Breakout_50_noSMA,O,2021-02-11,2021-03-05,46.7542,44.7009,-0.04391772145995909,15,False
Breakout_50_noSMA,O,2021-03-16,2021-05-13,47.9446,48.8732,0.019366537711293486,41,True
Breakout_50_noSMA,O,2021-08-16,2021-09-10,54.8596,53.388,-0.02682531917372899,18,False
Breakout_50_noSMA,O,2021-10-26,2021-12-02,56.4806,53.0737,-0.06032103848759185,26,False
Breakout_50_noSMA,O,2022-01-05,2022-01-20,57.714,55.0011,-0.04700516924111331,10,False
Breakout_50_noSMA,O,2022-04-04,2022-05-03,57.165,54.9736,-0.03833495486796801,20,False
Breakout_50_noSMA,O,2022-07-25,2022-08-29,58.45,57.0893,-0.02327945976435064,25,False
Breakout_50_noSMA,O,2023-01-13,2023-02-22,55.3508,55.2779,-0.0013187731890722532,26,False
Breakout_50_noSMA,O,2023-07-21,2023-08-04,53.7436,50.9897,-0.05124107496475816,10,False
Breakout_50_noSMA,O,2023-12-04,2024-01-25,47.7887,49.049,0.026373721459146404,35,True
Breakout_50_noSMA,O,2024-05-03,2024-05-24,49.8178,47.3899,-0.04873642139977963,15,False
Breakout_50_noSMA,O,2024-07-15,2024-10-28,50.7979,56.8732,0.11959734250805942,74,True
Breakout_50_noSMA,O,2025-02-21,2025-04-07,53.1815,49.8769,-0.062138629892725894,31,False
Breakout_50_noSMA,O,2025-06-24,2025-07-18,55.661,54.1848,-0.026522225808699895,17,False
Breakout_50_noSMA,O,2025-08-20,2025-10-13,57.127,56.5655,-0.009829854577272479,37,False
Breakout_50_noSMA,O,2026-01-13,2026-03-20,58.1912,62.0239,0.06586457136960777,46,True
Breakout_50,ON,2020-06-08,2020-09-09,20.52,21.52,0.04873294238264281,65,True
Breakout_50,ON,2020-10-09,2021-03-09,26.1,37.53,0.4379309666961586,102,True
Breakout_50,ON,2021-04-05,2021-04-21,43.33,39.57,-0.08677595147331996,12,False
Breakout_50,ON,2021-08-03,2021-10-07,43.87,45.22,0.0307727905558981,46,True
Breakout_50,ON,2021-11-02,2022-01-19,55.98,63.42,0.13290458534383487,53,True
Breakout_50,ON,2022-03-30,2022-04-04,67.18,60.03,-0.10643050749328509,3,False
Breakout_50,ON,2022-08-04,2022-09-23,68.35,63.58,-0.06978780906443527,35,False
Breakout_50,ON,2022-11-14,2022-12-16,74.31,63.9,-0.14008876833169748,23,False
Breakout_50,ON,2023-02-02,2023-03-28,78.97,75.1,-0.0490059856497439,37,False
Breakout_50,ON,2023-05-18,2023-08-14,86.0,94.2,0.09534880172374627,59,True
Breakout_50,ON,2024-07-17,2024-07-22,77.32,75.34,-0.025607906941910286,3,False
Breakout_50,ON,2025-07-03,2025-08-05,56.39,48.41,-0.14151444633108512,22,False
Breakout_50,ON,2025-10-17,2025-11-03,52.97,49.53,-0.06494246483161747,11,False
Breakout_50,ON,2025-12-04,2026-03-05,56.95,61.32,0.0767339573896646,61,True
Breakout_100,ON,2020-08-12,2020-09-09,22.35,21.52,-0.03713646127694048,19,False
Breakout_100,ON,2020-10-09,2021-03-09,26.1,37.53,0.4379309666961586,102,True
Breakout_100,ON,2021-04-05,2021-04-21,43.33,39.57,-0.08677595147331996,12,False
Breakout_100,ON,2021-08-04,2021-10-07,45.25,45.22,-0.0006629564485497452,45,False
Breakout_100,ON,2021-11-02,2022-01-19,55.98,63.42,0.13290458534383487,53,True
Breakout_100,ON,2022-08-04,2022-09-23,68.35,63.58,-0.06978780906443527,35,False
Breakout_100,ON,2023-02-02,2023-03-28,78.97,75.1,-0.0490059856497439,37,False
Breakout_100,ON,2023-07-03,2023-08-14,95.46,94.2,-0.013199268262253927,29,False
Breakout_100,ON,2025-07-11,2025-08-05,58.8,48.41,-0.17670067218469987,17,False
Breakout_100,ON,2026-01-06,2026-03-05,61.0,61.32,0.005245896636462577,40,True
Breakout_50_noSMA,ON,2020-05-28,2020-09-09,17.27,21.52,0.2460914816067319,72,True
Breakout_50_noSMA,ON,2020-10-09,2021-03-09,26.1,37.53,0.4379309666961586,102,True
Breakout_50_noSMA,ON,2021-04-05,2021-04-21,43.33,39.57,-0.08677595147331996,12,False
Breakout_50_noSMA,ON,2021-08-03,2021-10-07,43.87,45.22,0.0307727905558981,46,True
Breakout_50_noSMA,ON,2021-11-02,2022-01-19,55.98,63.42,0.13290458534383487,53,True
Breakout_50_noSMA,ON,2022-03-30,2022-04-04,67.18,60.03,-0.10643050749328509,3,False
Breakout_50_noSMA,ON,2022-08-04,2022-09-23,68.35,63.58,-0.06978780906443527,35,False
Breakout_50_noSMA,ON,2022-11-14,2022-12-16,74.31,63.9,-0.14008876833169748,23,False
Breakout_50_noSMA,ON,2023-02-02,2023-03-28,78.97,75.1,-0.0490059856497439,37,False
Breakout_50_noSMA,ON,2023-05-18,2023-08-14,86.0,94.2,0.09534880172374627,59,True
Breakout_50_noSMA,ON,2024-07-17,2024-07-22,77.32,75.34,-0.025607906941910286,3,False
Breakout_50_noSMA,ON,2025-06-04,2025-08-05,48.34,48.41,0.0014480698097489864,42,True
Breakout_50_noSMA,ON,2025-10-17,2025-11-03,52.97,49.53,-0.06494246483161747,11,False
Breakout_50_noSMA,ON,2025-12-04,2026-03-05,56.95,61.32,0.0767339573896646,61,True
Breakout_50,ORCL,2020-06-09,2020-06-12,50.5683,48.2237,-0.04636375584004471,3,False
Breakout_50,ORCL,2020-06-23,2020-08-12,50.8441,50.3389,-0.009936835690132595,35,False
Breakout_50,ORCL,2020-09-03,2020-09-08,54.2168,51.1052,-0.057391039914221564,2,False
Breakout_50,ORCL,2020-12-16,2021-01-25,57.3565,56.1894,-0.020348470887069925,25,False
Breakout_50,ORCL,2021-03-08,2021-06-17,65.5791,71.9566,0.09724825724663289,71,True
Breakout_50,ORCL,2021-07-08,2021-09-15,79.4616,81.19,0.02175091549515984,48,True
Breakout_50,ORCL,2021-10-08,2021-11-24,86.9604,86.8192,-0.0016237062789412615,33,False
Breakout_50,ORCL,2021-12-13,2021-12-21,96.4302,86.4238,-0.10376809607283399,6,False
Breakout_50,ORCL,2022-11-23,2023-03-10,78.6436,81.1397,0.03174029485769081,72,True
Breakout_50,ORCL,2023-04-03,2023-08-07,88.8009,111.8523,0.25958513984463294,86,True
Breakout_50,ORCL,2023-09-06,2023-09-13,119.2046,104.9264,-0.1197788609629109,5,False
Breakout_50,ORCL,2024-02-08,2024-02-21,114.2777,104.1959,-0.0882225977941582,8,False
Breakout_50,ORCL,2024-03-13,2024-04-18,124.9257,116.2817,-0.06919323232642194,25,False
Breakout_50,ORCL,2024-06-13,2024-08-05,137.4994,125.5747,-0.08672574411181089,35,False
Breakout_50,ORCL,2024-09-11,2024-12-11,153.9417,175.1705,0.13790186375140845,64,True
Breakout_50,ORCL,2025-05-29,2025-08-22,163.361,232.2275,0.4215597390256347,59,True
Breakout_50,ORCL,2025-09-11,2025-10-23,327.7536,271.2928,-0.17226590771838468,30,False
Breakout_100,ORCL,2020-07-07,2020-08-12,51.8095,50.3389,-0.02838524390841224,26,False
Breakout_100,ORCL,2020-09-03,2020-09-08,54.2168,51.1052,-0.057391039914221564,2,False
Breakout_100,ORCL,2020-12-17,2021-01-25,58.3948,56.1894,-0.037767287847619846,24,False
Breakout_100,ORCL,2021-03-08,2021-06-17,65.5791,71.9566,0.09724825724663289,71,True
Breakout_100,ORCL,2021-07-08,2021-09-15,79.4616,81.19,0.02175091549515984,48,True
Breakout_100,ORCL,2021-10-08,2021-11-24,86.9604,86.8192,-0.0016237062789412615,33,False
Breakout_100,ORCL,2021-12-13,2021-12-21,96.4302,86.4238,-0.10376809607283399,6,False
Breakout_100,ORCL,2022-11-23,2023-03-10,78.6436,81.1397,0.03174029485769081,72,True
Breakout_100,ORCL,2023-04-03,2023-08-07,88.8009,111.8523,0.25958513984463294,86,True
Breakout_100,ORCL,2024-02-08,2024-02-21,114.2777,104.1959,-0.0882225977941582,8,False
Breakout_100,ORCL,2024-03-13,2024-04-18,124.9257,116.2817,-0.06919323232642194,25,False
Breakout_100,ORCL,2024-06-13,2024-08-05,137.4994,125.5747,-0.08672574411181089,35,False
Breakout_100,ORCL,2024-09-11,2024-12-11,153.9417,175.1705,0.13790186375140845,64,True
Breakout_100,ORCL,2025-06-13,2025-08-22,199.5777,232.2275,0.16359434557118813,48,True
Breakout_100,ORCL,2025-09-11,2025-10-23,327.7536,271.2928,-0.17226590771838468,30,False
Breakout_50_noSMA,ORCL,2020-06-09,2020-06-12,50.5683,48.2237,-0.04636375584004471,3,False
Breakout_50_noSMA,ORCL,2020-06-23,2020-08-12,50.8441,50.3389,-0.009936835690132595,35,False
Breakout_50_noSMA,ORCL,2020-09-03,2020-09-08,54.2168,51.1052,-0.057391039914221564,2,False
Breakout_50_noSMA,ORCL,2020-12-16,2021-01-25,57.3565,56.1894,-0.020348470887069925,25,False
Breakout_50_noSMA,ORCL,2021-03-08,2021-06-17,65.5791,71.9566,0.09724825724663289,71,True
Breakout_50_noSMA,ORCL,2021-07-08,2021-09-15,79.4616,81.19,0.02175091549515984,48,True
Breakout_50_noSMA,ORCL,2021-10-08,2021-11-24,86.9604,86.8192,-0.0016237062789412615,33,False
Breakout_50_noSMA,ORCL,2021-12-13,2021-12-21,96.4302,86.4238,-0.10376809607283399,6,False
Breakout_50_noSMA,ORCL,2022-07-22,2022-09-07,71.2862,70.2,-0.015236793330795417,32,False
Breakout_50_noSMA,ORCL,2022-11-23,2023-03-10,78.6436,81.1397,0.03174029485769081,72,True
Breakout_50_noSMA,ORCL,2023-04-03,2023-08-07,88.8009,111.8523,0.25958513984463294,86,True
Breakout_50_noSMA,ORCL,2023-09-06,2023-09-13,119.2046,104.9264,-0.1197788609629109,5,False
Breakout_50_noSMA,ORCL,2024-02-08,2024-02-21,114.2777,104.1959,-0.0882225977941582,8,False
Breakout_50_noSMA,ORCL,2024-03-13,2024-04-18,124.9257,116.2817,-0.06919323232642194,25,False
Breakout_50_noSMA,ORCL,2024-06-13,2024-08-05,137.4994,125.5747,-0.08672574411181089,35,False
Breakout_50_noSMA,ORCL,2024-09-11,2024-12-11,153.9417,175.1705,0.13790186375140845,64,True
Breakout_50_noSMA,ORCL,2025-05-29,2025-08-22,163.361,232.2275,0.4215597390256347,59,True
Breakout_50_noSMA,ORCL,2025-09-11,2025-10-23,327.7536,271.2928,-0.17226590771838468,30,False
Breakout_50,OXY,2020-11-24,2021-04-06,15.9071,24.0359,0.5110201521402786,89,True
Breakout_50,OXY,2021-06-03,2021-07-15,27.404,25.9869,-0.051711913865771564,29,False
Breakout_50,OXY,2021-09-28,2021-11-18,28.72,28.936,0.007518708105547445,37,True
Breakout_50,OXY,2022-01-18,2022-06-14,33.8948,58.2704,0.7191547197837882,102,True
Breakout_50,OXY,2022-08-22,2022-09-19,64.703,59.1629,-0.08562368840894075,19,False
Breakout_50,OXY,2023-07-26,2023-09-22,59.6444,60.3339,0.011561382533985753,41,True
Breakout_50,OXY,2024-03-12,2024-05-02,59.0817,62.294,0.05437061112436381,36,True
Breakout_50,OXY,2025-08-29,2025-10-03,46.8018,44.499,-0.049203409108866,24,False
Breakout_50,OXY,2026-01-09,2026-04-20,43.394,54.12,0.24717803819851158,68,True
Breakout_100,OXY,2020-12-07,2021-04-06,16.7132,24.0359,0.43813859942017674,81,True
Breakout_100,OXY,2021-06-28,2021-07-15,30.6043,25.9869,-0.15087386111530632,12,False
Breakout_100,OXY,2021-10-11,2021-11-18,32.1281,28.936,-0.09935715489685437,28,False
Breakout_100,OXY,2022-01-19,2022-06-14,34.4395,58.2704,0.6919629870819359,101,True
Breakout_100,OXY,2022-08-25,2022-09-19,71.211,59.1629,-0.1691893209413401,16,False
Breakout_100,OXY,2023-09-06,2023-09-22,62.75,60.3339,-0.03850231476846455,12,False
Breakout_100,OXY,2024-03-20,2024-05-02,61.5054,62.294,0.012822341652992897,30,True
Breakout_100,OXY,2025-08-29,2025-10-03,46.8018,44.499,-0.049203409108866,24,False
Breakout_100,OXY,2026-02-20,2026-04-20,51.177,54.12,0.05750606014064008,40,True
Breakout_50_noSMA,OXY,2020-06-08,2020-07-10,22.022,15.0394,-0.3170746177087348,23,False
Breakout_50_noSMA,OXY,2020-11-18,2021-04-06,12.2607,24.0359,0.9603989028541138,93,True
Breakout_50_noSMA,OXY,2021-06-03,2021-07-15,27.404,25.9869,-0.051711913865771564,29,False
Breakout_50_noSMA,OXY,2021-09-28,2021-11-18,28.72,28.936,0.007518708105547445,37,True
Breakout_50_noSMA,OXY,2022-01-18,2022-06-14,33.8948,58.2704,0.7191547197837882,102,True
Breakout_50_noSMA,OXY,2022-08-22,2022-09-19,64.703,59.1629,-0.08562368840894075,19,False
Breakout_50_noSMA,OXY,2023-07-25,2023-09-22,59.3967,60.3339,0.015779670316345085,42,True
Breakout_50_noSMA,OXY,2024-03-12,2024-05-02,59.0817,62.294,0.05437061112436381,36,True
Breakout_50_noSMA,OXY,2025-01-14,2025-01-27,51.0676,47.9221,-0.061594262963733826,8,False
Breakout_50_noSMA,OXY,2025-08-29,2025-10-03,46.8018,44.499,-0.049203409108866,24,False
Breakout_50_noSMA,OXY,2026-01-09,2026-04-20,43.394,54.12,0.24717803819851158,68,True
Breakout_50,PANW,2020-05-08,2020-09-04,35.725,40.1067,0.12264991680809612,83,True
Breakout_50,PANW,2020-11-17,2021-02-26,46.415,60.4717,0.30284750728462106,68,True
Breakout_50,PANW,2021-07-07,2021-08-11,65.3167,62.5983,-0.0416177735187625,25,False
Breakout_50,PANW,2021-08-25,2021-12-07,73.3333,86.22,0.17572724860010158,72,True
Breakout_50,PANW,2021-12-27,2022-01-05,93.7917,85.5417,-0.08796090864891504,7,False
Breakout_50,PANW,2022-03-01,2022-04-25,98.565,95.4167,-0.03194174646059267,38,False
Breakout_50,PANW,2022-08-24,2022-09-19,95.0833,85.595,-0.09978966943365608,17,False
Breakout_50,PANW,2023-02-16,2023-04-26,87.36,92.335,0.05694824220882144,47,True
Breakout_50,PANW,2023-05-25,2023-08-03,103.135,117.405,0.13836230520669646,47,True
Breakout_50,PANW,2023-10-11,2023-10-27,128.5,119.33,-0.07136185345482737,12,False
Breakout_50,PANW,2023-11-28,2024-02-22,134.365,137.065,0.020094495127896517,58,True
Breakout_50,PANW,2024-05-16,2024-06-05,157.26,148.115,-0.05815203696496596,13,False
Breakout_50,PANW,2024-06-28,2024-07-26,170.0,161.615,-0.04932349709903494,19,False
Breakout_50,PANW,2024-08-21,2024-09-19,182.155,168.95,-0.07249321687325294,20,False
Breakout_50,PANW,2024-11-07,2024-12-19,189.295,194.44,0.02717982156015042,29,True
Breakout_50,PANW,2025-02-19,2025-02-26,208.19,189.37,-0.09039822807781328,5,False
Breakout_50,PANW,2025-06-04,2025-07-11,195.22,192.91,-0.01183279143606919,25,False
Breakout_50,PANW,2025-10-07,2025-11-14,213.23,201.99,-0.05271298813295122,28,False
Breakout_100,PANW,2020-08-03,2020-09-04,42.6533,40.1067,-0.05970612580005119,24,False
Breakout_100,PANW,2020-11-17,2021-02-26,46.415,60.4717,0.30284750728462106,68,True
Breakout_100,PANW,2021-07-21,2021-08-11,66.6967,62.5983,-0.061447431305139966,15,False
Breakout_100,PANW,2021-08-25,2021-12-07,73.3333,86.22,0.17572724860010158,72,True
Breakout_100,PANW,2021-12-27,2022-01-05,93.7917,85.5417,-0.08796090864891504,7,False
Breakout_100,PANW,2022-03-01,2022-04-25,98.565,95.4167,-0.03194174646059267,38,False
Breakout_100,PANW,2023-02-23,2023-04-26,93.8,92.335,-0.01561837867400473,43,False
Breakout_100,PANW,2023-05-25,2023-08-03,103.135,117.405,0.13836230520669646,47,True
Breakout_100,PANW,2023-10-12,2023-10-27,130.075,119.33,-0.0826061531368939,11,False
Breakout_100,PANW,2023-11-28,2024-02-22,134.365,137.065,0.020094495127896517,58,True
Breakout_100,PANW,2024-08-21,2024-09-19,182.155,168.95,-0.07249321687325294,20,False
Breakout_100,PANW,2024-11-07,2024-12-19,189.295,194.44,0.02717982156015042,29,True
Breakout_100,PANW,2025-02-19,2025-02-26,208.19,189.37,-0.09039822807781328,5,False
Breakout_100,PANW,2025-10-07,2025-11-14,213.23,201.99,-0.05271298813295122,28,False
Breakout_50_noSMA,PANW,2020-05-08,2020-09-04,35.725,40.1067,0.12264991680809612,83,True
Breakout_50_noSMA,PANW,2020-11-17,2021-02-26,46.415,60.4717,0.30284750728462106,68,True
Breakout_50_noSMA,PANW,2021-07-07,2021-08-11,65.3167,62.5983,-0.0416177735187625,25,False
Breakout_50_noSMA,PANW,2021-08-25,2021-12-07,73.3333,86.22,0.17572724860010158,72,True
Breakout_50_noSMA,PANW,2021-12-27,2022-01-05,93.7917,85.5417,-0.08796090864891504,7,False
Breakout_50_noSMA,PANW,2022-03-01,2022-04-25,98.565,95.4167,-0.03194174646059267,38,False
Breakout_50_noSMA,PANW,2022-08-24,2022-09-19,95.0833,85.595,-0.09978966943365608,17,False
Breakout_50_noSMA,PANW,2023-02-16,2023-04-26,87.36,92.335,0.05694824220882144,47,True
Breakout_50_noSMA,PANW,2023-05-25,2023-08-03,103.135,117.405,0.13836230520669646,47,True
Breakout_50_noSMA,PANW,2023-10-11,2023-10-27,128.5,119.33,-0.07136185345482737,12,False
Breakout_50_noSMA,PANW,2023-11-28,2024-02-22,134.365,137.065,0.020094495127896517,58,True
Breakout_50_noSMA,PANW,2024-05-16,2024-06-05,157.26,148.115,-0.05815203696496596,13,False
Breakout_50_noSMA,PANW,2024-06-28,2024-07-26,170.0,161.615,-0.04932349709903494,19,False
Breakout_50_noSMA,PANW,2024-08-21,2024-09-19,182.155,168.95,-0.07249321687325294,20,False
Breakout_50_noSMA,PANW,2024-11-07,2024-12-19,189.295,194.44,0.02717982156015042,29,True
Breakout_50_noSMA,PANW,2025-02-19,2025-02-26,208.19,189.37,-0.09039822807781328,5,False
Breakout_50_noSMA,PANW,2025-06-04,2025-07-11,195.22,192.91,-0.01183279143606919,25,False
Breakout_50_noSMA,PANW,2025-10-07,2025-11-14,213.23,201.99,-0.05271298813295122,28,False
Breakout_50,PEG,2020-06-09,2020-06-15,45.199,40.0734,-0.11340047693638722,4,False
Breakout_50,PEG,2020-08-03,2020-08-28,45.7346,43.1059,-0.0574776086529355,19,False
Breakout_50,PEG,2020-10-05,2020-12-02,46.6228,47.6958,0.023015273918728818,41,True
Breakout_50,PEG,2021-03-30,2021-06-03,50.7661,51.7144,0.01867920415715374,45,True
Breakout_50,PEG,2021-08-16,2021-09-13,55.3757,54.0467,-0.024000105497147373,19,False
Breakout_50,PEG,2021-12-14,2022-01-25,56.2115,55.5696,-0.011419874073029912,28,False
Breakout_50,PEG,2022-03-29,2022-05-04,60.055,60.2649,0.0034951070474666945,25,True
Breakout_50,PEG,2022-08-16,2022-09-06,60.4673,56.6859,-0.06253629540242533,14,False
Breakout_50,PEG,2023-01-10,2023-02-09,56.7856,54.1046,-0.047213031247726356,21,False
Breakout_50,PEG,2023-04-03,2023-05-18,56.0988,55.293,-0.014364249596801826,32,False
Breakout_50,PEG,2023-07-21,2023-08-04,59.0621,56.0194,-0.05151610063786227,10,False
Breakout_50,PEG,2023-11-02,2023-12-21,57.3756,56.6038,-0.013451935993552322,34,False
Breakout_50,PEG,2024-03-05,2024-11-05,59.3409,78.448,0.3219891574513347,170,True
Breakout_50,PEG,2024-11-22,2024-12-10,88.5558,83.725,-0.05455086943075149,11,False
Breakout_50,PEG,2025-07-01,2025-08-19,81.9605,82.2144,0.0030974310312337217,34,True
Breakout_50,PEG,2026-02-11,2026-03-23,82.5367,80.65,-0.022858846763924023,27,False
Breakout_100,PEG,2020-08-03,2020-08-28,45.7346,43.1059,-0.0574776086529355,19,False
Breakout_100,PEG,2020-10-05,2020-12-02,46.6228,47.6958,0.023015273918728818,41,True
Breakout_100,PEG,2021-04-08,2021-06-03,52.0192,51.7144,-0.005859309802157653,39,False
Breakout_100,PEG,2021-08-16,2021-09-13,55.3757,54.0467,-0.024000105497147373,19,False
Breakout_100,PEG,2021-12-14,2022-01-25,56.2115,55.5696,-0.011419874073029912,28,False
Breakout_100,PEG,2022-03-29,2022-05-04,60.055,60.2649,0.0034951070474666945,25,True
Breakout_100,PEG,2023-04-20,2023-05-18,57.9549,55.293,-0.045930498849304,20,False
Breakout_100,PEG,2023-07-21,2023-08-04,59.0621,56.0194,-0.05151610063786227,10,False
Breakout_100,PEG,2023-11-27,2023-12-21,60.1433,56.6038,-0.05885219854224699,18,False
Breakout_100,PEG,2024-03-08,2024-11-05,61.5485,78.448,0.27457174461053646,167,True
Breakout_100,PEG,2024-11-22,2024-12-10,88.5558,83.725,-0.05455086943075149,11,False
Breakout_100,PEG,2025-07-23,2025-08-19,84.8019,82.2144,-0.03051233187352409,19,False
Breakout_100,PEG,2026-02-17,2026-03-23,86.5246,80.65,-0.06789565740143377,24,False
Breakout_50_noSMA,PEG,2020-06-09,2020-06-15,45.199,40.0734,-0.11340047693638722,4,False
Breakout_50_noSMA,PEG,2020-08-03,2020-08-28,45.7346,43.1059,-0.0574776086529355,19,False
Breakout_50_noSMA,PEG,2020-10-05,2020-12-02,46.6228,47.6958,0.023015273918728818,41,True
Breakout_50_noSMA,PEG,2021-03-30,2021-06-03,50.7661,51.7144,0.01867920415715374,45,True
Breakout_50_noSMA,PEG,2021-08-16,2021-09-13,55.3757,54.0467,-0.024000105497147373,19,False
Breakout_50_noSMA,PEG,2021-12-14,2022-01-25,56.2115,55.5696,-0.011419874073029912,28,False
Breakout_50_noSMA,PEG,2022-03-29,2022-05-04,60.055,60.2649,0.0034951070474666945,25,True
Breakout_50_noSMA,PEG,2022-08-16,2022-09-06,60.4673,56.6859,-0.06253629540242533,14,False
Breakout_50_noSMA,PEG,2023-01-05,2023-02-09,55.6109,54.1046,-0.027087879339370735,24,False
Breakout_50_noSMA,PEG,2023-04-03,2023-05-18,56.0988,55.293,-0.014364249596801826,32,False
Breakout_50_noSMA,PEG,2023-07-21,2023-08-04,59.0621,56.0194,-0.05151610063786227,10,False
Breakout_50_noSMA,PEG,2023-11-02,2023-12-21,57.3756,56.6038,-0.013451935993552322,34,False
Breakout_50_noSMA,PEG,2024-03-05,2024-11-05,59.3409,78.448,0.3219891574513347,170,True
Breakout_50_noSMA,PEG,2024-11-22,2024-12-10,88.5558,83.725,-0.05455086943075149,11,False
Breakout_50_noSMA,PEG,2025-07-01,2025-08-19,81.9605,82.2144,0.0030974310312337217,34,True
Breakout_50_noSMA,PEG,2026-02-11,2026-03-23,82.5367,80.65,-0.022858846763924023,27,False
Breakout_50,PEP,2020-08-31,2020-09-11,116.6766,114.0573,-0.02244962208664736,8,False
Breakout_50,PEP,2020-11-17,2021-01-08,121.691,121.0288,-0.005441537788018591,35,False
Breakout_50,PEP,2021-03-29,2021-06-24,122.3377,124.9479,0.021336405828610072,61,True
Breakout_50,PEP,2021-07-08,2021-09-20,128.8811,133.6552,0.03704252489819404,51,True
Breakout_50,PEP,2021-10-15,2022-02-11,138.6575,146.9387,0.05972414786603775,82,True
Breakout_50,PEP,2022-04-21,2022-05-19,154.6818,143.012,-0.07544399127418666,20,False
Breakout_50,PEP,2022-08-02,2022-09-01,156.8034,152.4864,-0.027531125293114966,22,False
Breakout_50,PEP,2022-10-31,2023-01-04,161.6398,161.0592,-0.003592459804296677,44,False
Breakout_50,PEP,2023-03-28,2023-05-25,162.0752,165.121,0.018792064089462768,41,True
Breakout_50,PEP,2024-03-28,2024-04-15,162.6201,157.4557,-0.03175771047674558,11,False
Breakout_50,PEP,2024-04-23,2024-05-29,162.5643,160.4519,-0.012993889876839582,25,False
Breakout_50,PEP,2025-08-14,2025-09-16,144.8722,138.0935,-0.04679096300422669,22,False
Breakout_50,PEP,2026-02-02,2026-03-19,152.6958,153.75,0.006903961124999469,32,True
Breakout_100,PEP,2020-08-31,2020-09-11,116.6766,114.0573,-0.02244962208664736,8,False
Breakout_100,PEP,2020-11-17,2021-01-08,121.691,121.0288,-0.005441537788018591,35,False
Breakout_100,PEP,2021-06-07,2021-06-24,127.4493,124.9479,-0.019626501519749207,13,False
Breakout_100,PEP,2021-07-08,2021-09-20,128.8811,133.6552,0.03704252489819404,51,True
Breakout_100,PEP,2021-10-15,2022-02-11,138.6575,146.9387,0.05972414786603775,82,True
Breakout_100,PEP,2022-04-29,2022-05-19,156.1339,143.012,-0.08404276128950372,14,False
Breakout_100,PEP,2022-08-02,2022-09-01,156.8034,152.4864,-0.027531125293114966,22,False
Breakout_100,PEP,2022-10-31,2023-01-04,161.6398,161.0592,-0.003592459804296677,44,False
Breakout_100,PEP,2023-04-26,2023-05-25,170.3448,165.121,-0.03066647956438384,21,False
Breakout_100,PEP,2024-04-01,2024-04-15,163.3739,157.4557,-0.03622484386050284,10,False
Breakout_100,PEP,2024-04-23,2024-05-29,162.5643,160.4519,-0.012993889876839582,25,False
Breakout_100,PEP,2026-02-03,2026-03-19,155.2133,153.75,-0.009427785090476704,31,False
Breakout_50_noSMA,PEP,2020-08-31,2020-09-11,116.6766,114.0573,-0.02244962208664736,8,False
Breakout_50_noSMA,PEP,2020-11-17,2021-01-08,121.691,121.0288,-0.005441537788018591,35,False
Breakout_50_noSMA,PEP,2021-03-29,2021-06-24,122.3377,124.9479,0.021336405828610072,61,True
Breakout_50_noSMA,PEP,2021-07-08,2021-09-20,128.8811,133.6552,0.03704252489819404,51,True
Breakout_50_noSMA,PEP,2021-10-15,2022-02-11,138.6575,146.9387,0.05972414786603775,82,True
Breakout_50_noSMA,PEP,2022-04-21,2022-05-19,154.6818,143.012,-0.07544399127418666,20,False
Breakout_50_noSMA,PEP,2022-08-02,2022-09-01,156.8034,152.4864,-0.027531125293114966,22,False
Breakout_50_noSMA,PEP,2022-10-31,2023-01-04,161.6398,161.0592,-0.003592459804296677,44,False
Breakout_50_noSMA,PEP,2023-03-28,2023-05-25,162.0752,165.121,0.018792064089462768,41,True
Breakout_50_noSMA,PEP,2023-12-14,2024-01-10,158.5164,153.8436,-0.029478399717196013,17,False
Breakout_50_noSMA,PEP,2024-03-28,2024-04-15,162.6201,157.4557,-0.03175771047674558,11,False
Breakout_50_noSMA,PEP,2024-04-23,2024-05-29,162.5643,160.4519,-0.012993889876839582,25,False
Breakout_50_noSMA,PEP,2025-07-18,2025-09-16,142.17,138.0935,-0.02867312282179113,41,False
Breakout_50_noSMA,PEP,2026-02-02,2026-03-19,152.6958,153.75,0.006903961124999469,32,True
Breakout_50,PFE,2020-04-28,2020-06-02,27.7118,25.4651,-0.0810731079113669,24,False
Breakout_50,PFE,2020-07-23,2020-09-04,28.117,26.4088,-0.0607536006526338,31,False
Breakout_50,PFE,2020-11-10,2020-12-23,29.5758,28.5219,-0.0356354844644885,30,False
Breakout_50,PFE,2021-04-13,2021-06-21,29.1438,30.5874,0.04953464463490276,48,True
Breakout_50,PFE,2021-07-21,2021-09-17,32.4441,35.0639,0.08074840799923932,41,True
Breakout_50,PFE,2021-11-08,2022-01-19,38.9272,42.9633,0.10368248122609058,49,True
Breakout_50,PFE,2022-11-15,2023-01-10,40.795,39.9765,-0.020064858087817328,37,False
Breakout_50,PFE,2024-05-23,2024-06-18,26.2094,24.0275,-0.08324845425777527,17,False
Breakout_50,PFE,2024-07-18,2024-08-13,26.6368,25.7845,-0.031998519994597685,18,False
Breakout_50,PFE,2025-07-07,2025-07-31,24.0948,22.8095,-0.053342956051133705,18,False
Breakout_50,PFE,2025-08-22,2025-09-05,25.0325,23.7471,-0.05135137886107799,9,False
Breakout_50,PFE,2025-10-02,2025-10-13,26.028,24.008,-0.07760861815007103,7,False
Breakout_50,PFE,2026-01-28,2026-04-13,26.27,26.83,0.021317071038606805,51,True
Breakout_100,PFE,2020-11-10,2020-12-23,29.5758,28.5219,-0.0356354844644885,30,False
Breakout_100,PFE,2021-07-21,2021-09-17,32.4441,35.0639,0.08074840799923932,41,True
Breakout_100,PFE,2021-11-19,2022-01-19,41.6099,42.9633,0.032525006045959204,40,True
Breakout_100,PFE,2022-12-14,2023-01-10,43.9369,39.9765,-0.09013929599432102,17,False
Breakout_100,PFE,2024-05-23,2024-06-18,26.2094,24.0275,-0.08324845425777527,17,False
Breakout_100,PFE,2024-07-18,2024-08-13,26.6368,25.7845,-0.031998519994597685,18,False
Breakout_100,PFE,2025-08-22,2025-09-05,25.0325,23.7471,-0.05135137886107799,9,False
Breakout_100,PFE,2025-10-02,2025-10-13,26.028,24.008,-0.07760861815007103,7,False
Breakout_100,PFE,2026-02-09,2026-04-13,27.18,26.83,-0.012877129416480448,43,False
Breakout_50_noSMA,PFE,2020-04-28,2020-06-02,27.7118,25.4651,-0.0810731079113669,24,False
Breakout_50_noSMA,PFE,2020-07-23,2020-09-04,28.117,26.4088,-0.0607536006526338,31,False
Breakout_50_noSMA,PFE,2020-11-10,2020-12-23,29.5758,28.5219,-0.0356354844644885,30,False
Breakout_50_noSMA,PFE,2021-04-13,2021-06-21,29.1438,30.5874,0.04953464463490276,48,True
Breakout_50_noSMA,PFE,2021-07-21,2021-09-17,32.4441,35.0639,0.08074840799923932,41,True
Breakout_50_noSMA,PFE,2021-11-08,2022-01-19,38.9272,42.9633,0.10368248122609058,49,True
Breakout_50_noSMA,PFE,2022-11-15,2023-01-10,40.795,39.9765,-0.020064858087817328,37,False
Breakout_50_noSMA,PFE,2024-05-14,2024-06-18,25.4257,24.0275,-0.05499133414551405,24,False
Breakout_50_noSMA,PFE,2024-07-18,2024-08-13,26.6368,25.7845,-0.031998519994597685,18,False
Breakout_50_noSMA,PFE,2025-07-02,2025-07-31,23.8763,22.8095,-0.04467874504509606,20,False
Breakout_50_noSMA,PFE,2025-08-22,2025-09-05,25.0325,23.7471,-0.05135137886107799,9,False
Breakout_50_noSMA,PFE,2025-10-02,2025-10-13,26.028,24.008,-0.07760861815007103,7,False
Breakout_50_noSMA,PFE,2026-01-28,2026-04-13,26.27,26.83,0.021317071038606805,51,True
Breakout_50,PG,2020-07-24,2020-10-29,110.6526,120.3443,0.08758680273923858,68,True
Breakout_50,PG,2021-03-30,2021-06-01,120.4179,120.4609,0.00035688361011132486,43,True
Breakout_50,PG,2021-07-16,2021-09-28,123.5747,125.9141,0.01893102733628682,51,True
Breakout_50,PG,2021-11-11,2022-02-11,131.9134,142.6949,0.08173204639077536,63,True
Breakout_50,PG,2022-04-21,2022-05-12,148.7718,139.4179,-0.06287397263545969,15,False
Breakout_50,PG,2022-11-22,2023-01-19,133.8718,132.7481,-0.008393794788080333,38,False
Breakout_50,PG,2023-04-03,2023-05-23,137.4908,138.6871,0.008701286515629292,35,True
Breakout_50,PG,2023-07-31,2023-09-06,146.6989,142.8438,-0.02627893428465633,26,False
Breakout_50,PG,2024-01-24,2024-04-04,146.211,149.0131,0.01916459626037037,49,True
Breakout_50,PG,2024-04-25,2024-07-01,155.7972,158.3019,0.016076483208813608,45,True
Breakout_50,PG,2024-07-18,2024-07-31,161.3706,154.6569,-0.04160450394044346,9,False
Breakout_50,PG,2024-09-04,2024-10-04,166.9864,162.3893,-0.027529743165010334,22,False
Breakout_50,PG,2024-11-25,2024-12-18,171.6926,164.2244,-0.043497846549763075,16,False
Breakout_50,PG,2025-03-04,2025-03-21,172.0291,162.6757,-0.054370705124629715,13,False
Breakout_50,PG,2026-02-03,2026-03-13,152.59,151.37,-0.007995289665002625,27,False
Breakout_100,PG,2020-07-24,2020-10-29,110.6526,120.3443,0.08758680273923858,68,True
Breakout_100,PG,2021-07-16,2021-09-28,123.5747,125.9141,0.01893102733628682,51,True
Breakout_100,PG,2021-11-11,2022-02-11,131.9134,142.6949,0.08173204639077536,63,True
Breakout_100,PG,2022-12-05,2023-01-19,136.8911,132.7481,-0.030264954130946986,30,False
Breakout_100,PG,2023-04-24,2023-05-23,144.6805,138.6871,-0.04142505133878649,21,False
Breakout_100,PG,2024-01-24,2024-04-04,146.211,149.0131,0.01916459626037037,49,True
Breakout_100,PG,2024-04-25,2024-07-01,155.7972,158.3019,0.016076483208813608,45,True
Breakout_100,PG,2024-07-18,2024-07-31,161.3706,154.6569,-0.04160450394044346,9,False
Breakout_100,PG,2024-09-04,2024-10-04,166.9864,162.3893,-0.027529743165010334,22,False
Breakout_100,PG,2024-11-27,2024-12-18,174.1305,164.2244,-0.05688889654727303,14,False
Breakout_100,PG,2026-02-13,2026-03-13,161.74,151.37,-0.06411530866687676,19,False
Breakout_50_noSMA,PG,2020-07-24,2020-10-29,110.6526,120.3443,0.08758680273923858,68,True
Breakout_50_noSMA,PG,2021-03-30,2021-06-01,120.4179,120.4609,0.00035688361011132486,43,True
Breakout_50_noSMA,PG,2021-07-16,2021-09-28,123.5747,125.9141,0.01893102733628682,51,True
Breakout_50_noSMA,PG,2021-11-11,2022-02-11,131.9134,142.6949,0.08173204639077536,63,True
Breakout_50_noSMA,PG,2022-04-21,2022-05-12,148.7718,139.4179,-0.06287397263545969,15,False
Breakout_50_noSMA,PG,2022-08-17,2022-08-29,136.283,129.1535,-0.05231380420198295,8,False
Breakout_50_noSMA,PG,2022-11-11,2023-01-19,129.978,132.7481,0.021311944871615696,45,True
Breakout_50_noSMA,PG,2023-04-03,2023-05-23,137.4908,138.6871,0.008701286515629292,35,True
Breakout_50_noSMA,PG,2023-07-31,2023-09-06,146.6989,142.8438,-0.02627893428465633,26,False
Breakout_50_noSMA,PG,2024-01-24,2024-04-04,146.211,149.0131,0.01916459626037037,49,True
Breakout_50_noSMA,PG,2024-04-25,2024-07-01,155.7972,158.3019,0.016076483208813608,45,True
Breakout_50_noSMA,PG,2024-07-18,2024-07-31,161.3706,154.6569,-0.04160450394044346,9,False
Breakout_50_noSMA,PG,2024-09-04,2024-10-04,166.9864,162.3893,-0.027529743165010334,22,False
Breakout_50_noSMA,PG,2024-11-25,2024-12-18,171.6926,164.2244,-0.043497846549763075,16,False
Breakout_50_noSMA,PG,2025-03-04,2025-03-21,172.0291,162.6757,-0.054370705124629715,13,False
Breakout_50_noSMA,PG,2026-02-02,2026-03-13,152.42,151.37,-0.006888879834481831,28,False
Breakout_50,PGR,2020-07-15,2020-09-24,72.3122,78.0376,0.07917668572910164,50,True
Breakout_50,PGR,2020-10-09,2020-10-22,83.4927,79.4986,-0.04783764049099648,9,False
Breakout_50,PGR,2021-01-20,2021-01-28,85.6945,78.1737,-0.08776324672560898,6,False
Breakout_50,PGR,2021-04-14,2021-05-25,86.9188,86.4717,-0.005143714781416842,29,False
Breakout_50,PGR,2021-12-16,2022-02-24,90.6593,94.1362,0.03835093198583017,47,True
Breakout_50,PGR,2022-03-22,2022-04-19,102.7279,99.8027,-0.02847500721844831,19,False
Breakout_50,PGR,2022-05-31,2022-06-15,108.7481,102.9819,-0.05302376700618738,11,False
Breakout_50,PGR,2022-08-17,2022-09-27,111.6765,109.1328,-0.022777434030203714,28,False
Breakout_50,PGR,2022-10-31,2022-11-15,117.7354,112.8902,-0.04115310789363824,11,False
Breakout_50,PGR,2022-11-28,2022-12-19,119.7976,115.4725,-0.036103356057287206,15,False
Breakout_50,PGR,2023-01-09,2023-01-19,123.2676,116.8755,-0.05185575293528499,7,False
Breakout_50,PGR,2023-01-26,2023-03-16,124.0712,126.6281,0.02060786938499537,34,True
Breakout_50,PGR,2023-04-06,2023-04-14,133.8435,126.1037,-0.057827695882787467,5,False
Breakout_50,PGR,2023-08-17,2023-12-15,124.8463,138.8095,0.11184314416691299,84,True
Breakout_50,PGR,2024-01-10,2024-05-17,151.9876,192.6043,0.26723683374154894,89,True
Breakout_50,PGR,2024-07-19,2024-08-06,206.6798,196.2768,-0.050334014664062954,12,False
Breakout_50,PGR,2024-08-15,2024-10-23,218.6479,228.3951,0.04457915361224374,48,True
Breakout_50,PGR,2024-11-11,2024-12-10,241.8506,228.9476,-0.0533513695384209,20,False
Breakout_50,PGR,2025-02-20,2025-04-07,252.1098,237.3907,-0.05838358270482191,32,False
Breakout_100,PGR,2020-07-15,2020-09-24,72.3122,78.0376,0.07917668572910164,50,True
Breakout_100,PGR,2020-10-09,2020-10-22,83.4927,79.4986,-0.04783764049099648,9,False
Breakout_100,PGR,2021-04-14,2021-05-25,86.9188,86.4717,-0.005143714781416842,29,False
Breakout_100,PGR,2021-12-16,2022-02-24,90.6593,94.1362,0.03835093198583017,47,True
Breakout_100,PGR,2022-03-22,2022-04-19,102.7279,99.8027,-0.02847500721844831,19,False
Breakout_100,PGR,2022-05-31,2022-06-15,108.7481,102.9819,-0.05302376700618738,11,False
Breakout_100,PGR,2022-08-17,2022-09-27,111.6765,109.1328,-0.022777434030203714,28,False
Breakout_100,PGR,2022-10-31,2022-11-15,117.7354,112.8902,-0.04115310789363824,11,False
Breakout_100,PGR,2022-11-28,2022-12-19,119.7976,115.4725,-0.036103356057287206,15,False
Breakout_100,PGR,2023-01-09,2023-01-19,123.2676,116.8755,-0.05185575293528499,7,False
Breakout_100,PGR,2023-01-26,2023-03-16,124.0712,126.6281,0.02060786938499537,34,True
Breakout_100,PGR,2023-04-06,2023-04-14,133.8435,126.1037,-0.057827695882787467,5,False
Breakout_100,PGR,2023-09-19,2023-12-15,129.2815,138.8095,0.07369917097947032,62,True
Breakout_100,PGR,2024-01-10,2024-05-17,151.9876,192.6043,0.26723683374154894,89,True
Breakout_100,PGR,2024-07-19,2024-08-06,206.6798,196.2768,-0.050334014664062954,12,False
Breakout_100,PGR,2024-08-15,2024-10-23,218.6479,228.3951,0.04457915361224374,48,True
Breakout_100,PGR,2024-11-11,2024-12-10,241.8506,228.9476,-0.0533513695384209,20,False
Breakout_100,PGR,2025-02-20,2025-04-07,252.1098,237.3907,-0.05838358270482191,32,False
Breakout_50_noSMA,PGR,2020-07-15,2020-09-24,72.3122,78.0376,0.07917668572910164,50,True
Breakout_50_noSMA,PGR,2020-10-09,2020-10-22,83.4927,79.4986,-0.04783764049099648,9,False
Breakout_50_noSMA,PGR,2021-01-20,2021-01-28,85.6945,78.1737,-0.08776324672560898,6,False
Breakout_50_noSMA,PGR,2021-04-14,2021-05-25,86.9188,86.4717,-0.005143714781416842,29,False
Breakout_50_noSMA,PGR,2021-12-16,2022-02-24,90.6593,94.1362,0.03835093198583017,47,True
Breakout_50_noSMA,PGR,2022-03-22,2022-04-19,102.7279,99.8027,-0.02847500721844831,19,False
Breakout_50_noSMA,PGR,2022-05-31,2022-06-15,108.7481,102.9819,-0.05302376700618738,11,False
Breakout_50_noSMA,PGR,2022-08-17,2022-09-27,111.6765,109.1328,-0.022777434030203714,28,False
Breakout_50_noSMA,PGR,2022-10-31,2022-11-15,117.7354,112.8902,-0.04115310789363824,11,False
Breakout_50_noSMA,PGR,2022-11-28,2022-12-19,119.7976,115.4725,-0.036103356057287206,15,False
Breakout_50_noSMA,PGR,2023-01-09,2023-01-19,123.2676,116.8755,-0.05185575293528499,7,False
Breakout_50_noSMA,PGR,2023-01-26,2023-03-16,124.0712,126.6281,0.02060786938499537,34,True
Breakout_50_noSMA,PGR,2023-04-06,2023-04-14,133.8435,126.1037,-0.057827695882787467,5,False
Breakout_50_noSMA,PGR,2023-08-17,2023-12-15,124.8463,138.8095,0.11184314416691299,84,True
Breakout_50_noSMA,PGR,2024-01-10,2024-05-17,151.9876,192.6043,0.26723683374154894,89,True
Breakout_50_noSMA,PGR,2024-07-19,2024-08-06,206.6798,196.2768,-0.050334014664062954,12,False
Breakout_50_noSMA,PGR,2024-08-15,2024-10-23,218.6479,228.3951,0.04457915361224374,48,True
Breakout_50_noSMA,PGR,2024-11-11,2024-12-10,241.8506,228.9476,-0.0533513695384209,20,False
Breakout_50_noSMA,PGR,2025-02-20,2025-04-07,252.1098,237.3907,-0.05838358270482191,32,False
Breakout_50,PH,2020-05-27,2020-07-29,169.9349,168.9441,-0.005830545368910367,44,False
Breakout_50,PH,2020-09-03,2020-09-24,199.0041,181.7726,-0.0865886859930981,14,False
Breakout_50,PH,2020-10-09,2020-10-29,204.7604,188.589,-0.07897700783060035,14,False
Breakout_50,PH,2020-11-06,2021-01-26,221.0712,253.9373,0.1486672873282331,53,True
Breakout_50,PH,2021-02-25,2021-05-13,277.3434,286.4737,0.03292069201494563,54,True
Breakout_50,PH,2021-11-05,2021-12-01,311.2767,291.4056,-0.06383765399261765,17,False
Breakout_50,PH,2022-08-01,2022-08-31,272.4651,258.4758,-0.0513437047961639,22,False
Breakout_50,PH,2022-11-07,2022-12-19,287.5552,275.0708,-0.04341566322883739,29,False
Breakout_50,PH,2023-01-13,2023-01-20,301.7723,288.0943,-0.04532552234878651,4,False
Breakout_50,PH,2023-01-30,2023-03-16,305.7765,299.3322,-0.02107509824442133,32,False
Breakout_50,PH,2023-06-07,2023-09-14,338.091,384.1468,0.1362230704431524,68,True
Breakout_50,PH,2023-11-15,2024-04-19,419.9549,530.2536,0.2626442774357711,106,True
Breakout_50,PH,2024-08-12,2024-12-18,560.5224,660.3191,0.17804234155114362,90,True
Breakout_50,PH,2025-06-27,2025-10-10,690.3806,737.1391,0.06772858494054601,73,True
Breakout_50,PH,2025-11-07,2026-03-09,834.4448,900.88,0.07961601542238483,81,True
Breakout_100,PH,2020-09-03,2020-09-24,199.0041,181.7726,-0.0865886859930981,14,False
Breakout_100,PH,2020-10-09,2020-10-29,204.7604,188.589,-0.07897700783060035,14,False
Breakout_100,PH,2020-11-06,2021-01-26,221.0712,253.9373,0.1486672873282331,53,True
Breakout_100,PH,2021-02-25,2021-05-13,277.3434,286.4737,0.03292069201494563,54,True
Breakout_100,PH,2021-11-05,2021-12-01,311.2767,291.4056,-0.06383765399261765,17,False
Breakout_100,PH,2022-08-11,2022-08-31,288.6887,258.4758,-0.10465577388730074,14,False
Breakout_100,PH,2022-11-14,2022-12-19,295.1499,275.0708,-0.06803030581323499,24,False
Breakout_100,PH,2023-01-13,2023-01-20,301.7723,288.0943,-0.04532552234878651,4,False
Breakout_100,PH,2023-01-30,2023-03-16,305.7765,299.3322,-0.02107509824442133,32,False
Breakout_100,PH,2023-06-14,2023-09-14,359.7065,384.1468,0.06794519152378187,63,True
Breakout_100,PH,2023-11-15,2024-04-19,419.9549,530.2536,0.2626442774357711,106,True
Breakout_100,PH,2024-08-12,2024-12-18,560.5224,660.3191,0.17804234155114362,90,True
Breakout_100,PH,2025-07-03,2025-10-10,711.5348,737.1391,0.03598463616975667,69,True
Breakout_100,PH,2025-11-07,2026-03-09,834.4448,900.88,0.07961601542238483,81,True
Breakout_50_noSMA,PH,2020-05-27,2020-07-29,169.9349,168.9441,-0.005830545368910367,44,False
Breakout_50_noSMA,PH,2020-09-03,2020-09-24,199.0041,181.7726,-0.0865886859930981,14,False
Breakout_50_noSMA,PH,2020-10-09,2020-10-29,204.7604,188.589,-0.07897700783060035,14,False
Breakout_50_noSMA,PH,2020-11-06,2021-01-26,221.0712,253.9373,0.1486672873282331,53,True
Breakout_50_noSMA,PH,2021-02-25,2021-05-13,277.3434,286.4737,0.03292069201494563,54,True
Breakout_50_noSMA,PH,2021-11-05,2021-12-01,311.2767,291.4056,-0.06383765399261765,17,False
Breakout_50_noSMA,PH,2022-08-01,2022-08-31,272.4651,258.4758,-0.0513437047961639,22,False
Breakout_50_noSMA,PH,2022-11-07,2022-12-19,287.5552,275.0708,-0.04341566322883739,29,False
Breakout_50_noSMA,PH,2023-01-13,2023-01-20,301.7723,288.0943,-0.04532552234878651,4,False
Breakout_50_noSMA,PH,2023-01-30,2023-03-16,305.7765,299.3322,-0.02107509824442133,32,False
Breakout_50_noSMA,PH,2023-06-07,2023-09-14,338.091,384.1468,0.1362230704431524,68,True
Breakout_50_noSMA,PH,2023-11-15,2024-04-19,419.9549,530.2536,0.2626442774357711,106,True
Breakout_50_noSMA,PH,2024-08-12,2024-12-18,560.5224,660.3191,0.17804234155114362,90,True
Breakout_50_noSMA,PH,2025-06-27,2025-10-10,690.3806,737.1391,0.06772858494054601,73,True
Breakout_50_noSMA,PH,2025-11-07,2026-03-09,834.4448,900.88,0.07961601542238483,81,True
Breakout_50,PLD,2020-06-03,2020-06-25,81.1781,76.5134,-0.057462794046673205,16,False
Breakout_50,PLD,2020-07-28,2020-09-09,86.6157,85.2176,-0.01614182406319553,30,False
Breakout_50,PLD,2020-10-09,2020-10-27,92.0374,86.0701,-0.06483473111767502,12,False
Breakout_50,PLD,2021-01-27,2021-03-01,91.1694,86.3315,-0.05306489772064893,22,False
Breakout_50,PLD,2021-04-05,2021-09-20,94.5816,112.997,0.19470405780164168,117,True
Breakout_50,PLD,2021-10-19,2022-01-10,122.6617,134.0489,0.09283391266222907,57,True
Breakout_50,PLD,2022-03-30,2022-05-03,144.7735,136.2938,-0.05857224915890846,23,False
Breakout_50,PLD,2023-01-24,2023-02-27,114.0443,111.3376,-0.023734053030220137,23,False
Breakout_50,PLD,2023-05-08,2023-05-17,115.2043,110.9327,-0.03707803998494774,7,False
Breakout_50,PLD,2023-12-05,2024-03-15,109.6944,119.4447,0.08888657792477561,69,True
Breakout_50,PLD,2024-07-11,2024-10-02,111.6802,116.3856,0.042133130362407734,58,True
Breakout_50,PLD,2025-01-24,2025-03-13,113.5394,110.8478,-0.023706965113401535,33,False
Breakout_50,PLD,2025-10-02,2026-01-23,114.4013,125.917,0.100660906568802,77,True
Breakout_50,PLD,2026-02-06,2026-03-13,135.9165,132.1568,-0.027662143159566943,24,False
Breakout_100,PLD,2020-07-28,2020-09-09,86.6157,85.2176,-0.01614182406319553,30,False
Breakout_100,PLD,2020-10-09,2020-10-27,92.0374,86.0701,-0.06483473111767502,12,False
Breakout_100,PLD,2021-04-08,2021-09-20,94.9547,112.997,0.19000936146932412,114,True
Breakout_100,PLD,2021-10-19,2022-01-10,122.6617,134.0489,0.09283391266222907,57,True
Breakout_100,PLD,2022-04-07,2022-05-03,148.9381,136.2938,-0.0848966931002949,17,False
Breakout_100,PLD,2023-01-30,2023-02-27,115.8488,111.3376,-0.038940706173923534,19,False
Breakout_100,PLD,2023-12-15,2024-03-15,126.3881,119.4447,-0.054937206912299086,61,False
Breakout_100,PLD,2024-09-11,2024-10-02,123.2083,116.3856,-0.05537517305247108,15,False
Breakout_100,PLD,2025-10-02,2026-01-23,114.4013,125.917,0.100660906568802,77,True
Breakout_100,PLD,2026-02-06,2026-03-13,135.9165,132.1568,-0.027662143159566943,24,False
Breakout_50_noSMA,PLD,2020-06-03,2020-06-25,81.1781,76.5134,-0.057462794046673205,16,False
Breakout_50_noSMA,PLD,2020-07-28,2020-09-09,86.6157,85.2176,-0.01614182406319553,30,False
Breakout_50_noSMA,PLD,2020-10-09,2020-10-27,92.0374,86.0701,-0.06483473111767502,12,False
Breakout_50_noSMA,PLD,2021-01-27,2021-03-01,91.1694,86.3315,-0.05306489772064893,22,False
Breakout_50_noSMA,PLD,2021-04-05,2021-09-20,94.5816,112.997,0.19470405780164168,117,True
Breakout_50_noSMA,PLD,2021-10-19,2022-01-10,122.6617,134.0489,0.09283391266222907,57,True
Breakout_50_noSMA,PLD,2022-03-30,2022-05-03,144.7735,136.2938,-0.05857224915890846,23,False
Breakout_50_noSMA,PLD,2022-07-29,2022-08-31,117.3159,113.1569,-0.03545159927084918,23,False
Breakout_50_noSMA,PLD,2022-12-14,2022-12-29,108.893,101.1241,-0.07134435521062743,10,False
Breakout_50_noSMA,PLD,2023-01-24,2023-02-27,114.0443,111.3376,-0.023734053030220137,23,False
Breakout_50_noSMA,PLD,2023-05-08,2023-05-17,115.2043,110.9327,-0.03707803998494774,7,False
Breakout_50_noSMA,PLD,2023-12-05,2024-03-15,109.6944,119.4447,0.08888657792477561,69,True
Breakout_50_noSMA,PLD,2024-07-11,2024-10-02,111.6802,116.3856,0.042133130362407734,58,True
Breakout_50_noSMA,PLD,2025-01-24,2025-03-13,113.5394,110.8478,-0.023706965113401535,33,False
Breakout_50_noSMA,PLD,2025-10-02,2026-01-23,114.4013,125.917,0.100660906568802,77,True
Breakout_50_noSMA,PLD,2026-02-06,2026-03-13,135.9165,132.1568,-0.027662143159566943,24,False
Breakout_50,PM,2020-07-28,2020-09-22,59.3073,58.9373,-0.006238738995930304,39,False
Breakout_50,PM,2020-12-07,2021-01-28,62.1407,62.0979,-0.0006894355918323214,35,False
Breakout_50,PM,2021-02-09,2021-07-21,67.0704,76.3471,0.1383132481383147,112,True
Breakout_50,PM,2021-08-16,2021-09-22,81.2799,80.9048,-0.004615027673614103,26,False
Breakout_50,PM,2022-01-05,2022-03-01,78.6287,82.7813,0.05281264624240434,37,True
Breakout_50,PM,2022-05-17,2022-06-10,88.6745,83.4695,-0.058697010194263655,17,False
Breakout_50,PM,2022-11-22,2023-02-09,82.979,88.4055,0.06539542958755828,53,True
Breakout_50,PM,2023-07-14,2023-08-15,89.0,84.6551,-0.04881943029411173,22,False
Breakout_50,PM,2024-01-03,2024-01-22,87.0061,83.9157,-0.035519520959773176,12,False
Breakout_50,PM,2024-04-24,2024-10-04,89.4705,111.4778,0.2459727666993099,113,True
Breakout_50,PM,2024-10-23,2024-12-12,123.0669,120.9365,-0.017310366158422963,35,False
Breakout_50,PM,2025-02-07,2025-07-23,139.2913,158.6072,0.13867230244120932,113,True
Breakout_50,PM,2025-12-26,2026-03-06,159.744,167.029,0.045604070383384654,47,True
Breakout_100,PM,2020-09-15,2020-09-22,62.1616,58.9373,-0.05187057626829239,5,False
Breakout_100,PM,2020-12-08,2021-01-28,62.3478,62.0979,-0.004008988004354341,34,False
Breakout_100,PM,2021-02-09,2021-07-21,67.0704,76.3471,0.1383132481383147,112,True
Breakout_100,PM,2021-08-16,2021-09-22,81.2799,80.9048,-0.004615027673614103,26,False
Breakout_100,PM,2022-02-03,2022-03-01,85.263,82.7813,-0.029106483649151138,17,False
Breakout_100,PM,2022-12-02,2023-02-09,86.5427,88.4055,0.021524145966405728,46,True
Breakout_100,PM,2024-04-24,2024-10-04,89.4705,111.4778,0.2459727666993099,113,True
Breakout_100,PM,2024-10-23,2024-12-12,123.0669,120.9365,-0.017310366158422963,35,False
Breakout_100,PM,2025-02-07,2025-07-23,139.2913,158.6072,0.13867230244120932,113,True
Breakout_100,PM,2026-01-16,2026-03-06,170.1511,167.029,-0.0183490948122077,33,False
Breakout_50_noSMA,PM,2020-07-28,2020-09-22,59.3073,58.9373,-0.006238738995930304,39,False
Breakout_50_noSMA,PM,2020-12-07,2021-01-28,62.1407,62.0979,-0.0006894355918323214,35,False
Breakout_50_noSMA,PM,2021-02-09,2021-07-21,67.0704,76.3471,0.1383132481383147,112,True
Breakout_50_noSMA,PM,2021-08-16,2021-09-22,81.2799,80.9048,-0.004615027673614103,26,False
Breakout_50_noSMA,PM,2022-01-05,2022-03-01,78.6287,82.7813,0.05281264624240434,37,True
Breakout_50_noSMA,PM,2022-05-17,2022-06-10,88.6745,83.4695,-0.058697010194263655,17,False
Breakout_50_noSMA,PM,2022-11-22,2023-02-09,82.979,88.4055,0.06539542958755828,53,True
Breakout_50_noSMA,PM,2023-07-14,2023-08-15,89.0,84.6551,-0.04881943029411173,22,False
Breakout_50_noSMA,PM,2024-01-03,2024-01-22,87.0061,83.9157,-0.035519520959773176,12,False
Breakout_50_noSMA,PM,2024-04-24,2024-10-04,89.4705,111.4778,0.2459727666993099,113,True
Breakout_50_noSMA,PM,2024-10-23,2024-12-12,123.0669,120.9365,-0.017310366158422963,35,False
Breakout_50_noSMA,PM,2025-02-07,2025-07-23,139.2913,158.6072,0.13867230244120932,113,True
Breakout_50_noSMA,PM,2025-12-24,2026-03-06,159.3707,167.029,0.04805286545079657,48,True
Breakout_50,PRU,2020-11-10,2021-02-01,56.331,61.1229,0.08506555742646804,55,True
Breakout_50,PRU,2021-02-23,2021-06-18,68.4149,78.3382,0.14504574963709826,81,True
Breakout_50,PRU,2021-10-06,2021-11-22,86.05,86.331,0.003265771246465432,33,True
Breakout_50,PRU,2022-01-10,2022-02-24,94.0242,87.9344,-0.06476848972576443,31,False
Breakout_50,PRU,2022-10-31,2022-12-16,88.154,83.0992,-0.05734102555915477,33,False
Breakout_50,PRU,2023-07-12,2023-08-23,81.2792,80.0598,-0.015002612867517029,30,False
Breakout_50,PRU,2023-09-15,2023-09-28,87.0827,83.5314,-0.04078107092193739,9,False
Breakout_50,PRU,2023-12-05,2024-04-15,87.8577,101.2297,0.15220003866002774,89,True
Breakout_50,PRU,2024-05-13,2024-06-12,108.0679,105.8329,-0.020681786894982457,21,False
Breakout_50,PRU,2024-07-12,2024-08-05,112.6626,99.2969,-0.11863448884524708,16,False
Breakout_50,PRU,2024-10-15,2024-11-05,116.6622,111.4818,-0.0444055484469742,15,False
Breakout_50,PRU,2024-11-25,2024-12-10,120.5122,114.9598,-0.046073715087884826,10,False
Breakout_50,PRU,2025-08-25,2025-09-17,106.7521,99.4977,-0.06795585690053174,16,False
Breakout_50,PRU,2025-11-26,2026-01-21,107.117,107.4327,0.002947425224048894,36,True
Breakout_100,PRU,2020-11-10,2021-02-01,56.331,61.1229,0.08506555742646804,55,True
Breakout_100,PRU,2021-02-23,2021-06-18,68.4149,78.3382,0.14504574963709826,81,True
Breakout_100,PRU,2021-10-06,2021-11-22,86.05,86.331,0.003265771246465432,33,True
Breakout_100,PRU,2022-01-10,2022-02-24,94.0242,87.9344,-0.06476848972576443,31,False
Breakout_100,PRU,2022-10-31,2022-12-16,88.154,83.0992,-0.05734102555915477,33,False
Breakout_100,PRU,2023-08-08,2023-08-23,84.04,80.0598,-0.04736137673850893,11,False
Breakout_100,PRU,2023-09-15,2023-09-28,87.0827,83.5314,-0.04078107092193739,9,False
Breakout_100,PRU,2023-12-11,2024-04-15,90.6305,101.2297,0.11694958418779522,85,True
Breakout_100,PRU,2024-05-13,2024-06-12,108.0679,105.8329,-0.020681786894982457,21,False
Breakout_100,PRU,2024-07-12,2024-08-05,112.6626,99.2969,-0.11863448884524708,16,False
Breakout_100,PRU,2024-10-18,2024-11-05,118.8347,111.4818,-0.06187497698208222,12,False
Breakout_100,PRU,2024-11-25,2024-12-10,120.5122,114.9598,-0.046073715087884826,10,False
Breakout_100,PRU,2025-12-04,2026-01-21,108.2121,107.4327,-0.0072027905861030694,31,False
Breakout_50_noSMA,PRU,2020-06-05,2020-06-29,53.3306,44.2017,-0.17117508642340573,16,False
Breakout_50_noSMA,PRU,2020-11-10,2021-02-01,56.331,61.1229,0.08506555742646804,55,True
Breakout_50_noSMA,PRU,2021-02-23,2021-06-18,68.4149,78.3382,0.14504574963709826,81,True
Breakout_50_noSMA,PRU,2021-10-06,2021-11-22,86.05,86.331,0.003265771246465432,33,True
Breakout_50_noSMA,PRU,2022-01-10,2022-02-24,94.0242,87.9344,-0.06476848972576443,31,False
Breakout_50_noSMA,PRU,2022-10-31,2022-12-16,88.154,83.0992,-0.05734102555915477,33,False
Breakout_50_noSMA,PRU,2023-07-03,2023-08-23,77.2777,80.0598,0.03600118990085477,36,True
Breakout_50_noSMA,PRU,2023-09-15,2023-09-28,87.0827,83.5314,-0.04078107092193739,9,False
Breakout_50_noSMA,PRU,2023-12-05,2024-04-15,87.8577,101.2297,0.15220003866002774,89,True
Breakout_50_noSMA,PRU,2024-05-13,2024-06-12,108.0679,105.8329,-0.020681786894982457,21,False
Breakout_50_noSMA,PRU,2024-07-12,2024-08-05,112.6626,99.2969,-0.11863448884524708,16,False
Breakout_50_noSMA,PRU,2024-10-15,2024-11-05,116.6622,111.4818,-0.0444055484469742,15,False
Breakout_50_noSMA,PRU,2024-11-25,2024-12-10,120.5122,114.9598,-0.046073715087884826,10,False
Breakout_50_noSMA,PRU,2025-07-02,2025-07-16,105.1409,98.709,-0.06117418338730163,9,False
Breakout_50_noSMA,PRU,2025-08-25,2025-09-17,106.7521,99.4977,-0.06795585690053174,16,False
Breakout_50_noSMA,PRU,2025-11-26,2026-01-21,107.117,107.4327,0.002947425224048894,36,True
Breakout_50,PSA,2020-08-24,2020-11-10,161.0659,175.8749,0.09194321981569864,55,True
Breakout_50,PSA,2021-02-10,2021-09-20,189.7954,253.2581,0.334374029075442,153,True
Breakout_50,PSA,2021-10-29,2022-01-27,268.6696,285.8702,0.06402122187195736,61,True
Breakout_50,PSA,2022-03-29,2022-05-02,323.8356,308.2913,-0.04800036059506507,23,False
Breakout_50,PSA,2022-08-09,2022-09-15,291.0045,281.7039,-0.03196033421881184,26,False
Breakout_50,PSA,2023-02-03,2023-02-23,269.2133,257.0204,-0.045290616551475815,13,False
Breakout_50,PSA,2023-07-17,2023-07-31,269.4906,252.2497,-0.06397591156740978,10,False
Breakout_50,PSA,2023-12-12,2024-02-01,249.0403,258.1567,0.03660633166699312,34,True
Breakout_50,PSA,2024-06-20,2024-10-22,270.383,312.5507,0.15595523703310987,86,True
Breakout_50,PSA,2025-10-14,2025-10-30,293.5705,287.4705,-0.0207784168148204,12,False
Breakout_50,PSA,2026-01-15,2026-03-18,285.3949,285.0,-0.001383772564474084,42,False
Breakout_100,PSA,2020-08-31,2020-11-10,166.9634,175.8749,0.05337381722196399,50,True
Breakout_100,PSA,2021-02-24,2021-09-20,193.1258,253.2581,0.31136313218153977,144,True
Breakout_100,PSA,2021-10-29,2022-01-27,268.6696,285.8702,0.06402122187195736,61,True
Breakout_100,PSA,2022-03-29,2022-05-02,323.8356,308.2913,-0.04800036059506507,23,False
Breakout_100,PSA,2023-12-20,2024-02-01,269.7122,258.1567,-0.04284351360492644,28,False
Breakout_100,PSA,2024-06-21,2024-10-22,273.0332,312.5507,0.1447350746548084,85,True
Breakout_100,PSA,2025-10-21,2025-10-30,305.4864,287.4705,-0.05897443979619854,7,False
Breakout_100,PSA,2026-03-03,2026-03-18,305.0053,285.0,-0.06558999537959498,11,False
Breakout_50_noSMA,PSA,2020-08-24,2020-11-10,161.0659,175.8749,0.09194321981569864,55,True
Breakout_50_noSMA,PSA,2021-02-10,2021-09-20,189.7954,253.2581,0.334374029075442,153,True
Breakout_50_noSMA,PSA,2021-10-29,2022-01-27,268.6696,285.8702,0.06402122187195736,61,True
Breakout_50_noSMA,PSA,2022-03-29,2022-05-02,323.8356,308.2913,-0.04800036059506507,23,False
Breakout_50_noSMA,PSA,2022-07-29,2022-09-15,280.2691,281.7039,0.005119271919874047,33,True
Breakout_50_noSMA,PSA,2023-02-03,2023-02-23,269.2133,257.0204,-0.045290616551475815,13,False
Breakout_50_noSMA,PSA,2023-07-17,2023-07-31,269.4906,252.2497,-0.06397591156740978,10,False
Breakout_50_noSMA,PSA,2023-12-12,2024-02-01,249.0403,258.1567,0.03660633166699312,34,True
Breakout_50_noSMA,PSA,2024-06-20,2024-10-22,270.383,312.5507,0.15595523703310987,86,True
Breakout_50_noSMA,PSA,2025-06-03,2025-06-18,295.6933,284.685,-0.03722856812092912,11,False
Breakout_50_noSMA,PSA,2025-10-14,2025-10-30,293.5705,287.4705,-0.0207784168148204,12,False
Breakout_50_noSMA,PSA,2026-01-15,2026-03-18,285.3949,285.0,-0.001383772564474084,42,False
Breakout_50,PSX,2020-06-09,2020-06-25,68.5545,54.9798,-0.19801293687882904,12,False
Breakout_50,PSX,2020-11-17,2021-02-01,49.9703,55.7546,0.11575485430508436,50,True
Breakout_50,PSX,2021-02-11,2021-04-08,62.3302,65.1513,0.045259967630437936,38,True
Breakout_50,PSX,2021-06-03,2021-06-30,74.4206,71.3266,-0.041573711996011675,19,False
Breakout_50,PSX,2021-10-06,2021-11-19,65.0446,61.531,-0.05401864463321615,32,False
Breakout_50,PSX,2022-01-10,2022-03-02,70.3492,71.7139,0.019398655685104904,35,True
Breakout_50,PSX,2022-05-04,2022-06-21,79.2272,81.7605,0.0319740385828442,32,True
Breakout_50,PSX,2022-10-14,2022-12-12,85.1187,87.7992,0.03149203693049296,40,True
Breakout_50,PSX,2023-07-12,2023-10-05,92.9724,99.7768,0.07318767071567844,60,True
Breakout_50,PSX,2023-12-01,2024-04-19,118.9461,143.2632,0.2044377656633951,95,True
Breakout_50,PSX,2025-07-03,2025-08-04,122.7473,117.1378,-0.045699793319067816,21,False
Breakout_50,PSX,2025-09-02,2025-10-13,130.5377,125.8858,-0.03563621757964697,29,False
Breakout_50,PSX,2025-12-11,2025-12-17,140.8421,130.9534,-0.07021131636286992,4,False
Breakout_50,PSX,2026-02-04,2026-04-10,148.7769,160.19,0.07671293831680792,45,True
Breakout_100,PSX,2020-12-07,2021-02-01,55.7382,55.7546,0.00029275125071515085,37,True
Breakout_100,PSX,2021-02-11,2021-04-08,62.3302,65.1513,0.045259967630437936,38,True
Breakout_100,PSX,2021-06-07,2021-06-30,76.5721,71.3266,-0.0685039177158675,17,False
Breakout_100,PSX,2022-01-11,2022-03-02,72.3145,71.7139,-0.00830562726099171,34,False
Breakout_100,PSX,2022-05-05,2022-06-21,83.433,81.7605,-0.020046560508080402,31,False
Breakout_100,PSX,2022-11-14,2022-12-12,97.9085,87.7992,-0.10325246043898217,19,False
Breakout_100,PSX,2023-07-25,2023-10-05,96.7891,99.7768,0.03086876980908837,51,True
Breakout_100,PSX,2023-12-01,2024-04-19,118.9461,143.2632,0.2044377656633951,95,True
Breakout_100,PSX,2025-07-11,2025-08-04,129.6228,117.1378,-0.09631854786407368,16,False
Breakout_100,PSX,2025-09-02,2025-10-13,130.5377,125.8858,-0.03563621757964697,29,False
Breakout_100,PSX,2025-12-11,2025-12-17,140.8421,130.9534,-0.07021131636286992,4,False
Breakout_100,PSX,2026-02-04,2026-04-10,148.7769,160.19,0.07671293831680792,45,True
Breakout_50_noSMA,PSX,2020-05-21,2020-06-25,62.2898,54.9798,-0.11735533497952622,24,False
Breakout_50_noSMA,PSX,2020-11-17,2021-02-01,49.9703,55.7546,0.11575485430508436,50,True
Breakout_50_noSMA,PSX,2021-02-11,2021-04-08,62.3302,65.1513,0.045259967630437936,38,True
Breakout_50_noSMA,PSX,2021-06-03,2021-06-30,74.4206,71.3266,-0.041573711996011675,19,False
Breakout_50_noSMA,PSX,2021-10-05,2021-11-19,65.1122,61.531,-0.0550002458104506,33,False
Breakout_50_noSMA,PSX,2022-01-10,2022-03-02,70.3492,71.7139,0.019398655685104904,35,True
Breakout_50_noSMA,PSX,2022-05-04,2022-06-21,79.2272,81.7605,0.0319740385828442,32,True
Breakout_50_noSMA,PSX,2022-10-14,2022-12-12,85.1187,87.7992,0.03149203693049296,40,True
Breakout_50_noSMA,PSX,2023-07-12,2023-10-05,92.9724,99.7768,0.07318767071567844,60,True
Breakout_50_noSMA,PSX,2023-12-01,2024-04-19,118.9461,143.2632,0.2044377656633951,95,True
Breakout_50_noSMA,PSX,2025-07-03,2025-08-04,122.7473,117.1378,-0.045699793319067816,21,False
Breakout_50_noSMA,PSX,2025-09-02,2025-10-13,130.5377,125.8858,-0.03563621757964697,29,False
Breakout_50_noSMA,PSX,2025-12-11,2025-12-17,140.8421,130.9534,-0.07021131636286992,4,False
Breakout_50_noSMA,PSX,2026-02-04,2026-04-10,148.7769,160.19,0.07671293831680792,45,True
Breakout_50,PVH,2020-09-09,2020-10-28,65.3333,58.5104,-0.10443206278667483,35,False
Breakout_50,PVH,2020-11-17,2021-01-27,73.6735,88.6283,0.2029885825499571,47,True
Breakout_50,PVH,2021-04-13,2021-05-13,111.1796,105.755,-0.0487913795412519,22,False
Breakout_50,PVH,2021-08-16,2021-08-19,113.9465,102.1254,-0.1037423859373463,3,False
Breakout_50,PVH,2021-09-02,2021-09-21,120.3628,107.2723,-0.10875840453756769,12,False
Breakout_50,PVH,2021-11-08,2021-11-29,122.0189,110.8579,-0.0914694261721678,14,False
Breakout_50,PVH,2022-12-01,2023-02-22,73.9097,78.3942,0.060675155989155405,55,True
Breakout_50,PVH,2023-07-13,2023-07-28,90.6327,85.0888,-0.0611684549898005,11,False
Breakout_50,PVH,2023-11-16,2024-04-03,82.0606,107.6278,0.3115646478227738,93,True
Breakout_50,PVH,2024-12-03,2025-01-10,111.9521,101.897,-0.08981557710149812,25,False
Breakout_50,PVH,2025-08-27,2025-10-10,84.9844,80.6865,-0.05057306366088199,31,False
Breakout_100,PVH,2020-09-15,2020-10-28,71.224,58.5104,-0.17850178912139025,31,False
Breakout_100,PVH,2020-11-17,2021-01-27,73.6735,88.6283,0.2029885825499571,47,True
Breakout_100,PVH,2021-04-13,2021-05-13,111.1796,105.755,-0.0487913795412519,22,False
Breakout_100,PVH,2021-11-08,2021-11-29,122.0189,110.8579,-0.0914694261721678,14,False
Breakout_100,PVH,2022-12-02,2023-02-22,72.637,78.3942,0.07926057300924771,54,True
Breakout_100,PVH,2023-07-14,2023-07-28,92.046,85.0888,-0.0755840225760126,10,False
Breakout_100,PVH,2023-12-01,2024-04-03,96.6301,107.6278,0.11381277955686264,83,True
Breakout_100,PVH,2024-12-03,2025-01-10,111.9521,101.897,-0.08981557710149812,25,False
Breakout_100,PVH,2025-09-05,2025-10-10,88.6882,80.6865,-0.09022298316939037,25,False
Breakout_50_noSMA,PVH,2020-06-05,2020-06-22,62.3185,46.2827,-0.2573200713936691,11,False
Breakout_50_noSMA,PVH,2020-08-31,2020-10-28,56.3088,58.5104,0.039098339492007916,41,True
Breakout_50_noSMA,PVH,2020-11-17,2021-01-27,73.6735,88.6283,0.2029885825499571,47,True
Breakout_50_noSMA,PVH,2021-04-13,2021-05-13,111.1796,105.755,-0.0487913795412519,22,False
Breakout_50_noSMA,PVH,2021-08-16,2021-08-19,113.9465,102.1254,-0.1037423859373463,3,False
Breakout_50_noSMA,PVH,2021-09-02,2021-09-21,120.3628,107.2723,-0.10875840453756769,12,False
Breakout_50_noSMA,PVH,2021-11-08,2021-11-29,122.0189,110.8579,-0.0914694261721678,14,False
Breakout_50_noSMA,PVH,2022-11-30,2023-02-22,64.6126,78.3942,0.21329589529328752,56,True
Breakout_50_noSMA,PVH,2023-07-13,2023-07-28,90.6327,85.0888,-0.0611684549898005,11,False
Breakout_50_noSMA,PVH,2023-11-16,2024-04-03,82.0606,107.6278,0.3115646478227738,93,True
Breakout_50_noSMA,PVH,2024-11-08,2024-11-21,103.4964,96.4763,-0.06782925045810106,9,False
Breakout_50_noSMA,PVH,2024-11-26,2025-01-10,107.1959,101.897,-0.049431581941009606,29,False
Breakout_50_noSMA,PVH,2025-05-13,2025-06-06,79.6056,66.3619,-0.16636647220003142,17,False
Breakout_50_noSMA,PVH,2025-08-25,2025-10-10,80.2314,80.6865,0.00567171357966223,33,True
Breakout_50,PXD,2020-06-09,2020-06-29,27.03,25.0894,-0.07179245751237073,14,False
Breakout_50,PXD,2020-08-11,2020-09-18,28.5379,27.1343,-0.049184536011358526,27,False
Breakout_50,PXD,2020-12-08,2021-02-01,27.4795,27.8252,0.012583529680429306,36,True
Breakout_50,PXD,2021-02-10,2021-04-21,29.5118,32.5106,0.1016120014095403,48,True
Breakout_50,PXD,2021-08-30,2021-10-01,34.7722,32.4668,-0.06630158440673839,23,False
Breakout_50,PXD,2022-01-04,2022-05-11,34.9314,38.4859,0.10175677327443133,88,True
Breakout_50,PXD,2022-12-02,2023-01-19,36.0847,34.7748,-0.03629891286990916,31,False
Breakout_50,PXD,2023-02-02,2023-03-17,37.2948,36.4758,-0.02195932825104996,30,False
Breakout_50,PXD,2023-05-01,2023-05-16,38.2405,36.5115,-0.045215463129693934,11,False
Breakout_50,PXD,2024-03-12,2024-04-15,36.7527,36.2805,-0.012847948136341936,23,False
Breakout_50,PXD,2024-05-09,2024-10-03,38.995,46.2237,0.18537640741502104,101,True
Breakout_50,PXD,2024-11-01,2024-12-19,49.8484,48.9056,-0.018913036005633432,33,False
Breakout_50,PXD,2025-02-26,2025-05-13,52.0402,54.0984,0.0395511661090302,53,True
Breakout_50,PXD,2025-06-24,2025-07-02,58.4001,56.564,-0.03144136725174962,6,False
Breakout_50,PXD,2025-07-31,2025-10-14,59.1539,63.8318,0.07907973468492258,52,True
Breakout_50,PXD,2026-01-14,2026-03-23,60.15,64.68,0.07531169849343877,46,True
Breakout_100,PXD,2020-08-11,2020-09-18,28.5379,27.1343,-0.049184536011358526,27,False
Breakout_100,PXD,2021-02-10,2021-04-21,29.5118,32.5106,0.1016120014095403,48,True
Breakout_100,PXD,2022-01-10,2022-05-11,36.4523,38.4859,0.05578594840874351,84,True
Breakout_100,PXD,2022-12-02,2023-01-19,36.0847,34.7748,-0.03629891286990916,31,False
Breakout_100,PXD,2023-02-02,2023-03-17,37.2948,36.4758,-0.02195932825104996,30,False
Breakout_100,PXD,2023-05-01,2023-05-16,38.2405,36.5115,-0.045215463129693934,11,False
Breakout_100,PXD,2024-03-12,2024-04-15,36.7527,36.2805,-0.012847948136341936,23,False
Breakout_100,PXD,2024-05-09,2024-10-03,38.995,46.2237,0.18537640741502104,101,True
Breakout_100,PXD,2024-11-01,2024-12-19,49.8484,48.9056,-0.018913036005633432,33,False
Breakout_100,PXD,2025-03-04,2025-05-13,53.9531,54.0984,0.002694028151373873,49,True
Breakout_100,PXD,2025-06-24,2025-07-02,58.4001,56.564,-0.03144136725174962,6,False
Breakout_100,PXD,2025-07-31,2025-10-14,59.1539,63.8318,0.07907973468492258,52,True
Breakout_100,PXD,2026-02-13,2026-03-23,66.82,64.68,-0.0320263304313394,25,False
Breakout_50_noSMA,PXD,2020-06-09,2020-06-29,27.03,25.0894,-0.07179245751237073,14,False
Breakout_50_noSMA,PXD,2020-08-11,2020-09-18,28.5379,27.1343,-0.049184536011358526,27,False
Breakout_50_noSMA,PXD,2020-12-08,2021-02-01,27.4795,27.8252,0.012583529680429306,36,True
Breakout_50_noSMA,PXD,2021-02-10,2021-04-21,29.5118,32.5106,0.1016120014095403,48,True
Breakout_50_noSMA,PXD,2021-08-30,2021-10-01,34.7722,32.4668,-0.06630158440673839,23,False
Breakout_50_noSMA,PXD,2022-01-04,2022-05-11,34.9314,38.4859,0.10175677327443133,88,True
Breakout_50_noSMA,PXD,2022-10-14,2022-11-16,35.4906,33.7624,-0.048695551013624105,23,False
Breakout_50_noSMA,PXD,2022-12-02,2023-01-19,36.0847,34.7748,-0.03629891286990916,31,False
Breakout_50_noSMA,PXD,2023-02-02,2023-03-17,37.2948,36.4758,-0.02195932825104996,30,False
Breakout_50_noSMA,PXD,2023-05-01,2023-05-16,38.2405,36.5115,-0.045215463129693934,11,False
Breakout_50_noSMA,PXD,2024-03-12,2024-04-15,36.7527,36.2805,-0.012847948136341936,23,False
Breakout_50_noSMA,PXD,2024-05-09,2024-10-03,38.995,46.2237,0.18537640741502104,101,True
Breakout_50_noSMA,PXD,2024-11-01,2024-12-19,49.8484,48.9056,-0.018913036005633432,33,False
Breakout_50_noSMA,PXD,2025-02-26,2025-05-13,52.0402,54.0984,0.0395511661090302,53,True
Breakout_50_noSMA,PXD,2025-06-24,2025-07-02,58.4001,56.564,-0.03144136725174962,6,False
Breakout_50_noSMA,PXD,2025-07-31,2025-10-14,59.1539,63.8318,0.07907973468492258,52,True
Breakout_50_noSMA,PXD,2026-01-14,2026-03-23,60.15,64.68,0.07531169849343877,46,True
Breakout_50,QCOM,2020-06-03,2021-02-05,75.062,132.7992,0.7691948156554751,171,True
Breakout_50,QCOM,2021-07-15,2021-08-20,129.8513,126.6888,-0.024354591948268833,26,False
Breakout_50,QCOM,2021-11-05,2022-01-19,142.1783,164.0681,0.15396061365417668,50,True
Breakout_50,QCOM,2022-07-22,2022-08-29,142.7723,126.4001,-0.11467319924402097,26,False
Breakout_50,QCOM,2023-01-24,2023-03-07,121.1809,114.3845,-0.05608437128119759,29,False
Breakout_50,QCOM,2023-07-31,2023-08-04,122.2412,110.7402,-0.09408420596885336,4,False
Breakout_50,QCOM,2023-11-03,2024-04-19,111.7043,154.5016,0.3831305282999249,114,True
Breakout_50,QCOM,2024-05-03,2024-07-18,174.5698,186.3849,0.06768068019555695,51,True
Breakout_50,QCOM,2024-10-15,2024-10-24,171.3377,161.0799,-0.059868991214064304,7,False
Breakout_50,QCOM,2025-06-11,2025-07-18,157.276,150.4345,-0.04350000546631927,25,False
Breakout_50,QCOM,2025-09-17,2025-10-13,162.7976,154.1674,-0.05301178473222423,18,False
Breakout_50,QCOM,2025-10-28,2025-11-18,181.8275,163.0052,-0.10351756983869254,15,False
Breakout_100,QCOM,2020-07-07,2021-02-05,82.1485,132.7992,0.6165759082075379,148,True
Breakout_100,QCOM,2021-07-30,2021-08-20,134.4284,126.6888,-0.05757368603504931,15,False
Breakout_100,QCOM,2021-11-05,2022-01-19,142.1783,164.0681,0.15396061365417668,50,True
Breakout_100,QCOM,2023-01-27,2023-03-07,122.0534,114.3845,-0.06283232953232676,26,False
Breakout_100,QCOM,2023-07-31,2023-08-04,122.2412,110.7402,-0.09408420596885336,4,False
Breakout_100,QCOM,2023-12-08,2024-04-19,125.0619,154.5016,0.2354004263955245,90,True
Breakout_100,QCOM,2024-05-03,2024-07-18,174.5698,186.3849,0.06768068019555695,51,True
Breakout_100,QCOM,2025-09-17,2025-10-13,162.7976,154.1674,-0.05301178473222423,18,False
Breakout_100,QCOM,2025-10-28,2025-11-18,181.8275,163.0052,-0.10351756983869254,15,False
Breakout_50_noSMA,QCOM,2020-06-03,2021-02-05,75.062,132.7992,0.7691948156554751,171,True
Breakout_50_noSMA,QCOM,2021-07-15,2021-08-20,129.8513,126.6888,-0.024354591948268833,26,False
Breakout_50_noSMA,QCOM,2021-11-05,2022-01-19,142.1783,164.0681,0.15396061365417668,50,True
Breakout_50_noSMA,QCOM,2022-07-20,2022-08-29,135.2237,126.4001,-0.06525147573262491,28,False
Breakout_50_noSMA,QCOM,2023-01-24,2023-03-07,121.1809,114.3845,-0.05608437128119759,29,False
Breakout_50_noSMA,QCOM,2023-07-31,2023-08-04,122.2412,110.7402,-0.09408420596885336,4,False
Breakout_50_noSMA,QCOM,2023-11-03,2024-04-19,111.7043,154.5016,0.3831305282999249,114,True
Breakout_50_noSMA,QCOM,2024-05-03,2024-07-18,174.5698,186.3849,0.06768068019555695,51,True
Breakout_50_noSMA,QCOM,2024-10-15,2024-10-24,171.3377,161.0799,-0.059868991214064304,7,False
Breakout_50_noSMA,QCOM,2025-06-11,2025-07-18,157.276,150.4345,-0.04350000546631927,25,False
Breakout_50_noSMA,QCOM,2025-09-17,2025-10-13,162.7976,154.1674,-0.05301178473222423,18,False
Breakout_50_noSMA,QCOM,2025-10-28,2025-11-18,181.8275,163.0052,-0.10351756983869254,15,False
Breakout_50,QQQ,2020-05-08,2020-09-14,215.8986,265.4302,0.229420971267827,88,True
Breakout_50,QQQ,2020-12-02,2021-02-26,292.4125,306.1238,0.046890077088997506,58,True
Breakout_50,QQQ,2021-04-14,2021-05-12,330.7712,310.7608,-0.060496227080377274,20,False
Breakout_50,QQQ,2021-06-15,2021-09-21,333.9736,357.5205,0.07050529109726322,68,True
Breakout_50,QQQ,2021-10-29,2021-12-20,370.6315,369.6538,-0.0026379781600089913,35,False
Breakout_50,QQQ,2023-01-30,2023-03-13,287.3797,281.2972,-0.021165427710930773,29,False
Breakout_50,QQQ,2023-03-31,2023-08-10,310.4041,365.0044,0.17590063012394586,90,True
Breakout_50,QQQ,2023-11-15,2024-04-05,381.5741,432.0352,0.13224448589700644,96,True
Breakout_50,QQQ,2024-05-16,2024-07-25,447.7921,459.4116,0.025948412719624114,47,True
Breakout_50,QQQ,2024-09-27,2025-01-13,486.6257,498.043,0.02346214543016667,72,True
Breakout_50,QQQ,2025-02-19,2025-02-25,535.1776,515.9693,-0.03589141549045116,4,False
Breakout_50,QQQ,2025-05-14,2025-11-18,514.2807,598.0942,0.1629722553074091,130,True
Breakout_50,QQQ,2026-01-28,2026-02-04,634.6598,614.2455,-0.03216565631505197,5,False
Breakout_100,QQQ,2020-06-08,2020-09-14,231.3412,265.4302,0.14735383340856067,68,True
Breakout_100,QQQ,2020-12-08,2021-02-26,296.7757,306.1238,0.031498581543133675,54,True
Breakout_100,QQQ,2021-04-14,2021-05-12,330.7712,310.7608,-0.060496227080377274,20,False
Breakout_100,QQQ,2021-06-15,2021-09-21,333.9736,357.5205,0.07050529109726322,68,True
Breakout_100,QQQ,2021-10-29,2021-12-20,370.6315,369.6538,-0.0026379781600089913,35,False
Breakout_100,QQQ,2023-02-03,2023-03-13,299.1621,281.2972,-0.05971657396793162,25,False
Breakout_100,QQQ,2023-03-31,2023-08-10,310.4041,365.0044,0.17590063012394586,90,True
Breakout_100,QQQ,2023-11-21,2024-04-05,383.3084,432.0352,0.12712167643153105,92,True
Breakout_100,QQQ,2024-05-16,2024-07-25,447.7921,459.4116,0.025948412719624114,47,True
Breakout_100,QQQ,2024-11-07,2025-01-13,504.3842,498.043,-0.012572283364193693,43,False
Breakout_100,QQQ,2025-02-19,2025-02-25,535.1776,515.9693,-0.03589141549045116,4,False
Breakout_100,QQQ,2025-06-25,2025-11-18,540.0547,598.0942,0.10746983576584301,102,True
Breakout_50_noSMA,QQQ,2020-05-08,2020-09-14,215.8986,265.4302,0.229420971267827,88,True
Breakout_50_noSMA,QQQ,2020-12-02,2021-02-26,292.4125,306.1238,0.046890077088997506,58,True
Breakout_50_noSMA,QQQ,2021-04-14,2021-05-12,330.7712,310.7608,-0.060496227080377274,20,False
Breakout_50_noSMA,QQQ,2021-06-15,2021-09-21,333.9736,357.5205,0.07050529109726322,68,True
Breakout_50_noSMA,QQQ,2021-10-29,2021-12-20,370.6315,369.6538,-0.0026379781600089913,35,False
Breakout_50_noSMA,QQQ,2022-08-01,2022-08-31,306.4215,296.9841,-0.030798769464941644,22,False
Breakout_50_noSMA,QQQ,2023-01-30,2023-03-13,287.3797,281.2972,-0.021165427710930773,29,False
Breakout_50_noSMA,QQQ,2023-03-31,2023-08-10,310.4041,365.0044,0.17590063012394586,90,True
Breakout_50_noSMA,QQQ,2023-11-15,2024-04-05,381.5741,432.0352,0.13224448589700644,96,True
Breakout_50_noSMA,QQQ,2024-05-16,2024-07-25,447.7921,459.4116,0.025948412719624114,47,True
Breakout_50_noSMA,QQQ,2024-09-27,2025-01-13,486.6257,498.043,0.02346214543016667,72,True
Breakout_50_noSMA,QQQ,2025-02-19,2025-02-25,535.1776,515.9693,-0.03589141549045116,4,False
Breakout_50_noSMA,QQQ,2025-05-14,2025-11-18,514.2807,598.0942,0.1629722553074091,130,True
Breakout_50_noSMA,QQQ,2026-01-28,2026-02-04,634.6598,614.2455,-0.03216565631505197,5,False
Breakout_50,REGN,2020-02-27,2020-08-10,465.4157,618.8195,0.3296058003059841,114,True
Breakout_50,REGN,2021-06-11,2021-09-28,525.7284,603.1453,0.14725640243125682,75,True
Breakout_50,REGN,2021-12-10,2021-12-21,657.4982,604.4962,-0.08061155344905013,7,False
Breakout_50,REGN,2022-03-15,2022-05-02,655.8294,652.5614,-0.004982880660208355,33,False
Breakout_50,REGN,2022-08-17,2022-08-29,636.5398,588.3851,-0.07565078343883991,8,False
Breakout_50,REGN,2022-09-09,2022-12-16,706.9541,716.9565,0.014148683083174962,69,True
Breakout_50,REGN,2023-02-06,2023-02-17,779.5139,733.2067,-0.059405203930971706,9,False
Breakout_50,REGN,2023-03-24,2023-04-27,799.6479,770.1274,-0.036916887034505685,23,False
Breakout_50,REGN,2023-08-14,2023-10-20,804.4255,802.8661,-0.0019385481519039738,48,False
Breakout_50,REGN,2023-12-13,2024-04-03,857.338,948.5915,0.10643819673871335,75,True
Breakout_50,REGN,2024-05-22,2024-09-24,986.3366,1069.1074,0.0839173265447768,85,True
Breakout_50,REGN,2025-10-29,2026-01-20,648.8151,728.5237,0.12285257519796944,55,True
Breakout_100,REGN,2020-02-27,2020-08-10,465.4157,618.8195,0.3296058003059841,114,True
Breakout_100,REGN,2021-06-25,2021-09-28,539.9423,603.1453,0.11705495473141903,65,True
Breakout_100,REGN,2022-03-17,2022-05-02,671.2551,652.5614,-0.02784883004423222,31,False
Breakout_100,REGN,2023-02-06,2023-02-17,779.5139,733.2067,-0.059405203930971706,9,False
Breakout_100,REGN,2023-03-24,2023-04-27,799.6479,770.1274,-0.036916887034505685,23,False
Breakout_100,REGN,2023-08-22,2023-10-20,836.6777,802.8661,-0.04041174287666016,42,False
Breakout_100,REGN,2023-12-13,2024-04-03,857.338,948.5915,0.10643819673871335,75,True
Breakout_100,REGN,2024-06-06,2024-09-24,998.4448,1069.1074,0.07077259850405304,75,True
Breakout_100,REGN,2025-10-29,2026-01-20,648.8151,728.5237,0.12285257519796944,55,True
Breakout_50_noSMA,REGN,2020-02-27,2020-08-10,465.4157,618.8195,0.3296058003059841,114,True
Breakout_50_noSMA,REGN,2021-05-14,2021-09-28,516.5106,603.1453,0.16773055090522493,94,True
Breakout_50_noSMA,REGN,2021-12-10,2021-12-21,657.4982,604.4962,-0.08061155344905013,7,False
Breakout_50_noSMA,REGN,2022-03-15,2022-05-02,655.8294,652.5614,-0.004982880660208355,33,False
Breakout_50_noSMA,REGN,2022-08-17,2022-08-29,636.5398,588.3851,-0.07565078343883991,8,False
Breakout_50_noSMA,REGN,2022-09-09,2022-12-16,706.9541,716.9565,0.014148683083174962,69,True
Breakout_50_noSMA,REGN,2023-02-06,2023-02-17,779.5139,733.2067,-0.059405203930971706,9,False
Breakout_50_noSMA,REGN,2023-03-24,2023-04-27,799.6479,770.1274,-0.036916887034505685,23,False
Breakout_50_noSMA,REGN,2023-08-14,2023-10-20,804.4255,802.8661,-0.0019385481519039738,48,False
Breakout_50_noSMA,REGN,2023-12-13,2024-04-03,857.338,948.5915,0.10643819673871335,75,True
Breakout_50_noSMA,REGN,2024-05-22,2024-09-24,986.3366,1069.1074,0.0839173265447768,85,True
Breakout_50_noSMA,REGN,2025-03-11,2025-03-13,742.6425,683.6946,-0.07937586977139899,2,False
Breakout_50_noSMA,REGN,2025-08-21,2025-09-09,585.4309,555.6342,-0.05089707710385838,12,False
Breakout_50_noSMA,REGN,2025-10-29,2026-01-20,648.8151,728.5237,0.12285257519796944,55,True
Breakout_50,RL,2020-11-18,2021-03-24,75.9834,103.6604,0.36425106310153055,85,True
Breakout_50,RL,2021-04-29,2021-05-21,120.126,109.194,-0.09100454835198202,16,False
Breakout_50,RL,2021-11-01,2021-11-29,116.5797,108.5177,-0.06915438921796313,19,False
Breakout_50,RL,2022-02-10,2022-03-07,115.0614,104.8849,-0.0884441169370207,16,False
Breakout_50,RL,2022-11-14,2023-03-07,96.3242,110.8943,0.1512614752914343,76,True
Breakout_50,RL,2023-06-20,2023-08-11,116.5314,117.0317,0.004292870612758737,37,True
Breakout_50,RL,2023-11-15,2024-04-05,117.5669,166.9926,0.42040510332117487,96,True
Breakout_50,RL,2024-06-11,2024-07-02,182.409,167.9947,-0.07902201435573497,14,False
Breakout_50,RL,2024-09-25,2025-03-06,186.6206,241.2696,0.29283512332935446,110,True
Breakout_50,RL,2025-05-19,2025-11-04,268.647,308.3411,0.1477556739416943,117,True
Breakout_50,RL,2025-11-25,2026-01-28,349.1555,356.2724,0.02038316158667186,42,True
Breakout_50,RL,2026-02-23,2026-03-02,378.9003,353.2806,-0.0676159691920949,5,False
Breakout_100,RL,2020-11-18,2021-03-24,75.9834,103.6604,0.36425106310153055,85,True
Breakout_100,RL,2021-04-29,2021-05-21,120.126,109.194,-0.09100454835198202,16,False
Breakout_100,RL,2021-11-02,2021-11-29,115.7224,108.5177,-0.06225872432641244,18,False
Breakout_100,RL,2022-11-14,2023-03-07,96.3242,110.8943,0.1512614752914343,76,True
Breakout_100,RL,2023-07-06,2023-08-11,117.6731,117.0317,-0.005451174694453997,26,False
Breakout_100,RL,2023-12-13,2024-04-05,130.6631,166.9926,0.278040034322691,77,True
Breakout_100,RL,2024-09-25,2025-03-06,186.6206,241.2696,0.29283512332935446,110,True
Breakout_100,RL,2025-07-10,2025-11-04,289.7784,308.3411,0.06405823952858114,82,True
Breakout_100,RL,2025-11-25,2026-01-28,349.1555,356.2724,0.02038316158667186,42,True
Breakout_100,RL,2026-02-23,2026-03-02,378.9003,353.2806,-0.0676159691920949,5,False
Breakout_50_noSMA,RL,2020-06-08,2020-06-16,82.9139,70.3146,-0.1519564617587995,6,False
Breakout_50_noSMA,RL,2020-09-15,2020-09-22,72.2973,64.8891,-0.1024681899939145,5,False
Breakout_50_noSMA,RL,2020-11-18,2021-03-24,75.9834,103.6604,0.36425106310153055,85,True
Breakout_50_noSMA,RL,2021-04-29,2021-05-21,120.126,109.194,-0.09100454835198202,16,False
Breakout_50_noSMA,RL,2021-11-01,2021-11-29,116.5797,108.5177,-0.06915438921796313,19,False
Breakout_50_noSMA,RL,2022-02-10,2022-03-07,115.0614,104.8849,-0.0884441169370207,16,False
Breakout_50_noSMA,RL,2022-11-14,2023-03-07,96.3242,110.8943,0.1512614752914343,76,True
Breakout_50_noSMA,RL,2023-06-20,2023-08-11,116.5314,117.0317,0.004292870612758737,37,True
Breakout_50_noSMA,RL,2023-11-15,2024-04-05,117.5669,166.9926,0.42040510332117487,96,True
Breakout_50_noSMA,RL,2024-06-11,2024-07-02,182.409,167.9947,-0.07902201435573497,14,False
Breakout_50_noSMA,RL,2024-09-25,2025-03-06,186.6206,241.2696,0.29283512332935446,110,True
Breakout_50_noSMA,RL,2025-05-19,2025-11-04,268.647,308.3411,0.1477556739416943,117,True
Breakout_50_noSMA,RL,2025-11-25,2026-01-28,349.1555,356.2724,0.02038316158667186,42,True
Breakout_50_noSMA,RL,2026-02-23,2026-03-02,378.9003,353.2806,-0.0676159691920949,5,False
Breakout_50,ROK,2020-05-19,2020-09-09,185.1014,203.1473,0.09749201943936847,78,True
Breakout_50,ROK,2020-10-09,2020-12-15,222.0854,224.7381,0.011944506847862302,46,True
Breakout_50,ROK,2021-01-22,2021-01-27,242.3634,224.9211,-0.07196773768398679,3,False
Breakout_50,ROK,2021-03-29,2021-05-13,250.7859,239.8634,-0.04355327009333554,32,False
Breakout_50,ROK,2021-06-04,2021-09-21,254.3087,281.5452,0.10710052071091591,75,True
Breakout_50,ROK,2021-11-03,2022-01-06,317.4347,313.0659,-0.013762849065115934,44,False
Breakout_50,ROK,2022-11-11,2022-12-20,252.8581,236.8593,-0.06327165982921379,26,False
Breakout_50,ROK,2023-01-12,2023-03-16,265.5265,260.7669,-0.01792538631778562,43,False
Breakout_50,ROK,2023-06-05,2023-08-02,278.491,295.7691,0.06204186338845519,40,True
Breakout_50,ROK,2023-12-15,2024-02-01,294.6946,248.3781,-0.15716768098360034,31,False
Breakout_50,ROK,2024-07-15,2024-07-25,276.8213,255.8023,-0.07592966060424688,8,False
Breakout_50,ROK,2024-11-07,2025-01-03,285.3421,275.4177,-0.0347806950506695,38,False
Breakout_50,ROK,2025-05-12,2025-08-07,299.8529,330.2087,0.10123546664256056,60,True
Breakout_50,ROK,2025-10-30,2026-02-12,362.406,415.7065,0.1470739935793497,71,True
Breakout_100,ROK,2020-05-27,2020-09-09,197.9286,203.1473,0.026366710728431553,73,True
Breakout_100,ROK,2020-10-09,2020-12-15,222.0854,224.7381,0.011944506847862302,46,True
Breakout_100,ROK,2021-01-22,2021-01-27,242.3634,224.9211,-0.07196773768398679,3,False
Breakout_100,ROK,2021-03-29,2021-05-13,250.7859,239.8634,-0.04355327009333554,32,False
Breakout_100,ROK,2021-06-04,2021-09-21,254.3087,281.5452,0.10710052071091591,75,True
Breakout_100,ROK,2021-11-03,2022-01-06,317.4347,313.0659,-0.013762849065115934,44,False
Breakout_100,ROK,2022-11-11,2022-12-20,252.8581,236.8593,-0.06327165982921379,26,False
Breakout_100,ROK,2023-01-12,2023-03-16,265.5265,260.7669,-0.01792538631778562,43,False
Breakout_100,ROK,2023-06-13,2023-08-02,295.7596,295.7691,3.23053557924613e-05,34,True
Breakout_100,ROK,2024-11-07,2025-01-03,285.3421,275.4177,-0.0347806950506695,38,False
Breakout_100,ROK,2025-05-14,2025-08-07,303.3493,330.2087,0.08854275158014158,58,True
Breakout_100,ROK,2025-10-30,2026-02-12,362.406,415.7065,0.1470739935793497,71,True
Breakout_50_noSMA,ROK,2020-05-19,2020-09-09,185.1014,203.1473,0.09749201943936847,78,True
Breakout_50_noSMA,ROK,2020-10-09,2020-12-15,222.0854,224.7381,0.011944506847862302,46,True
Breakout_50_noSMA,ROK,2021-01-22,2021-01-27,242.3634,224.9211,-0.07196773768398679,3,False
Breakout_50_noSMA,ROK,2021-03-29,2021-05-13,250.7859,239.8634,-0.04355327009333554,32,False
Breakout_50_noSMA,ROK,2021-06-04,2021-09-21,254.3087,281.5452,0.10710052071091591,75,True
Breakout_50_noSMA,ROK,2021-11-03,2022-01-06,317.4347,313.0659,-0.013762849065115934,44,False
Breakout_50_noSMA,ROK,2022-07-28,2022-09-21,227.8873,225.3036,-0.01133757201507224,38,False
Breakout_50_noSMA,ROK,2022-11-11,2022-12-20,252.8581,236.8593,-0.06327165982921379,26,False
Breakout_50_noSMA,ROK,2023-01-12,2023-03-16,265.5265,260.7669,-0.01792538631778562,43,False
Breakout_50_noSMA,ROK,2023-06-05,2023-08-02,278.491,295.7691,0.06204186338845519,40,True
Breakout_50_noSMA,ROK,2023-12-15,2024-02-01,294.6946,248.3781,-0.15716768098360034,31,False
Breakout_50_noSMA,ROK,2024-07-15,2024-07-25,276.8213,255.8023,-0.07592966060424688,8,False
Breakout_50_noSMA,ROK,2024-11-07,2025-01-03,285.3421,275.4177,-0.0347806950506695,38,False
Breakout_50_noSMA,ROK,2025-05-12,2025-08-07,299.8529,330.2087,0.10123546664256056,60,True
Breakout_50_noSMA,ROK,2025-10-30,2026-02-12,362.406,415.7065,0.1470739935793497,71,True
Breakout_50,ROST,2020-10-09,2020-10-20,93.7585,86.7844,-0.07438332539266046,7,False
Breakout_50,ROST,2020-11-10,2021-01-25,101.4687,106.2439,0.0470610436190213,50,True
Breakout_50,ROST,2021-03-10,2021-03-24,118.2857,110.4453,-0.06628323925751745,10,False
Breakout_50,ROST,2021-04-09,2021-05-13,120.3585,118.1262,-0.018547506785588252,24,False
Breakout_50,ROST,2022-04-21,2022-05-10,104.633,90.5461,-0.13463127351113258,13,False
Breakout_50,ROST,2022-09-13,2022-09-26,88.8268,81.6983,-0.08025150951915405,9,False
Breakout_50,ROST,2022-11-21,2023-02-03,103.3053,111.9102,0.08329587152356455,50,True
Breakout_50,ROST,2023-07-03,2023-09-21,108.0483,111.6118,0.032980305253795805,56,True
Breakout_50,ROST,2023-11-08,2024-04-03,120.141,140.7638,0.17165494529885206,99,True
Breakout_50,ROST,2024-06-14,2024-07-25,143.0575,139.5707,-0.02437347360990494,27,False
Breakout_50,ROST,2024-08-22,2024-10-04,151.0625,145.9576,-0.03379281967702297,30,False
Breakout_50,ROST,2024-12-03,2025-01-17,153.5489,148.8583,-0.030547619566410278,30,False
Breakout_50,ROST,2025-05-13,2025-05-27,147.4589,136.7062,-0.07292004534041008,9,False
Breakout_50,ROST,2025-08-07,2025-10-13,145.517,148.3162,0.019236514815674788,46,True
Breakout_100,ROST,2020-11-10,2021-01-25,101.4687,106.2439,0.0470610436190213,50,True
Breakout_100,ROST,2021-03-10,2021-03-24,118.2857,110.4453,-0.06628323925751745,10,False
Breakout_100,ROST,2021-04-09,2021-05-13,120.3585,118.1262,-0.018547506785588252,24,False
Breakout_100,ROST,2022-11-21,2023-02-03,103.3053,111.9102,0.08329587152356455,50,True
Breakout_100,ROST,2023-08-21,2023-09-21,115.3098,111.6118,-0.03207074598292181,22,False
Breakout_100,ROST,2023-11-08,2024-04-03,120.141,140.7638,0.17165494529885206,99,True
Breakout_100,ROST,2024-06-18,2024-07-25,147.3301,139.5707,-0.052666639413124106,25,False
Breakout_100,ROST,2024-08-22,2024-10-04,151.0625,145.9576,-0.03379281967702297,30,False
Breakout_100,ROST,2025-10-03,2025-10-13,155.3253,148.3162,-0.04512530624802635,6,False
Breakout_50_noSMA,ROST,2020-06-08,2020-06-23,96.7784,86.8316,-0.10277926759277012,11,False
Breakout_50_noSMA,ROST,2020-10-09,2020-10-20,93.7585,86.7844,-0.07438332539266046,7,False
Breakout_50_noSMA,ROST,2020-11-10,2021-01-25,101.4687,106.2439,0.0470610436190213,50,True
Breakout_50_noSMA,ROST,2021-03-10,2021-03-24,118.2857,110.4453,-0.06628323925751745,10,False
Breakout_50_noSMA,ROST,2021-04-09,2021-05-13,120.3585,118.1262,-0.018547506785588252,24,False
Breakout_50_noSMA,ROST,2022-04-12,2022-05-10,95.8825,90.5461,-0.0556553004379825,19,False
Breakout_50_noSMA,ROST,2022-08-12,2022-09-26,84.7815,81.6983,-0.03636686109115883,30,False
Breakout_50_noSMA,ROST,2022-11-21,2023-02-03,103.3053,111.9102,0.08329587152356455,50,True
Breakout_50_noSMA,ROST,2023-07-03,2023-09-21,108.0483,111.6118,0.032980305253795805,56,True
Breakout_50_noSMA,ROST,2023-11-08,2024-04-03,120.141,140.7638,0.17165494529885206,99,True
Breakout_50_noSMA,ROST,2024-06-14,2024-07-25,143.0575,139.5707,-0.02437347360990494,27,False
Breakout_50_noSMA,ROST,2024-08-22,2024-10-04,151.0625,145.9576,-0.03379281967702297,30,False
Breakout_50_noSMA,ROST,2024-12-03,2025-01-17,153.5489,148.8583,-0.030547619566410278,30,False
Breakout_50_noSMA,ROST,2025-05-13,2025-05-27,147.4589,136.7062,-0.07292004534041008,9,False
Breakout_50_noSMA,ROST,2025-08-07,2025-10-13,145.517,148.3162,0.019236514815674788,46,True
Breakout_50,RTX,2020-11-10,2021-01-19,58.317,62.011,0.06334378281131392,46,True
Breakout_50,RTX,2021-02-25,2021-06-29,68.5442,76.8007,0.12045498232252694,86,True
Breakout_50,RTX,2021-10-08,2021-11-18,81.7139,79.3625,-0.028776497807787127,29,False
Breakout_50,RTX,2022-01-14,2022-04-28,82.8759,90.6132,0.09335990432365282,71,True
Breakout_50,RTX,2022-11-11,2023-01-19,89.9628,88.7111,-0.013913949744289278,45,False
Breakout_50,RTX,2023-04-18,2023-04-27,96.833,91.494,-0.055136169023236925,7,False
Breakout_50,RTX,2024-01-24,2024-06-25,85.6863,98.154,0.14550349983136268,105,True
Breakout_50,RTX,2024-07-26,2024-10-31,110.3228,118.0569,0.07010451895058889,68,True
Breakout_50,RTX,2025-01-22,2025-04-07,122.9713,112.0289,-0.08898358308666277,52,False
Breakout_50,RTX,2025-05-20,2025-09-10,134.1258,150.9004,0.1250657463500069,77,True
Breakout_50,RTX,2025-09-29,2025-10-13,166.2188,157.3037,-0.053634349600819586,10,False
Breakout_50,RTX,2025-10-22,2025-12-02,173.2277,168.8193,-0.0254488063829873,28,False
Breakout_50,RTX,2025-12-16,2026-03-23,179.9124,197.17,0.09592203033626023,65,True
Breakout_100,RTX,2020-11-11,2021-01-19,59.6845,62.011,0.038980164568032105,45,True
Breakout_100,RTX,2021-02-25,2021-06-29,68.5442,76.8007,0.12045498232252694,86,True
Breakout_100,RTX,2021-10-08,2021-11-18,81.7139,79.3625,-0.028776497807787127,29,False
Breakout_100,RTX,2022-02-03,2022-04-28,83.8772,90.6132,0.08030830752618345,58,True
Breakout_100,RTX,2022-11-11,2023-01-19,89.9628,88.7111,-0.013913949744289278,45,False
Breakout_100,RTX,2023-04-19,2023-04-27,98.0039,91.494,-0.06642443979800727,6,False
Breakout_100,RTX,2024-01-24,2024-06-25,85.6863,98.154,0.14550349983136268,105,True
Breakout_100,RTX,2024-07-26,2024-10-31,110.3228,118.0569,0.07010451895058889,68,True
Breakout_100,RTX,2025-01-29,2025-04-07,124.6542,112.0289,-0.10128301117393634,47,False
Breakout_100,RTX,2025-05-20,2025-09-10,134.1258,150.9004,0.1250657463500069,77,True
Breakout_100,RTX,2025-09-29,2025-10-13,166.2188,157.3037,-0.053634349600819586,10,False
Breakout_100,RTX,2025-10-22,2025-12-02,173.2277,168.8193,-0.0254488063829873,28,False
Breakout_100,RTX,2025-12-16,2026-03-23,179.9124,197.17,0.09592203033626023,65,True
Breakout_50_noSMA,RTX,2020-06-08,2020-06-25,63.4909,53.3498,-0.1597243937890339,13,False
Breakout_50_noSMA,RTX,2020-11-10,2021-01-19,58.317,62.011,0.06334378281131392,46,True
Breakout_50_noSMA,RTX,2021-02-25,2021-06-29,68.5442,76.8007,0.12045498232252694,86,True
Breakout_50_noSMA,RTX,2021-10-08,2021-11-18,81.7139,79.3625,-0.028776497807787127,29,False
Breakout_50_noSMA,RTX,2022-01-14,2022-04-28,82.8759,90.6132,0.09335990432365282,71,True
Breakout_50_noSMA,RTX,2022-11-11,2023-01-19,89.9628,88.7111,-0.013913949744289278,45,False
Breakout_50_noSMA,RTX,2023-04-18,2023-04-27,96.833,91.494,-0.055136169023236925,7,False
Breakout_50_noSMA,RTX,2024-01-03,2024-06-25,81.7189,98.154,0.20111691574152246,119,True
Breakout_50_noSMA,RTX,2024-07-26,2024-10-31,110.3228,118.0569,0.07010451895058889,68,True
Breakout_50_noSMA,RTX,2025-01-22,2025-04-07,122.9713,112.0289,-0.08898358308666277,52,False
Breakout_50_noSMA,RTX,2025-05-20,2025-09-10,134.1258,150.9004,0.1250657463500069,77,True
Breakout_50_noSMA,RTX,2025-09-29,2025-10-13,166.2188,157.3037,-0.053634349600819586,10,False
Breakout_50_noSMA,RTX,2025-10-22,2025-12-02,173.2277,168.8193,-0.0254488063829873,28,False
Breakout_50_noSMA,RTX,2025-12-16,2026-03-23,179.9124,197.17,0.09592203033626023,65,True
Breakout_50,SBUX,2020-06-08,2020-06-12,73.0137,65.9127,-0.09725538875873341,4,False
Breakout_50,SBUX,2020-08-26,2020-11-03,72.8277,76.6803,0.052899808551870375,48,True
Breakout_50,SBUX,2020-11-10,2021-01-28,83.2208,87.8373,0.055472423222350686,53,True
Breakout_50,SBUX,2021-03-01,2021-05-13,96.8237,98.6054,0.018400637718229307,52,True
Breakout_50,SBUX,2021-07-08,2021-08-19,103.3405,102.8969,-0.004292538390508804,30,False
Breakout_50,SBUX,2022-09-15,2022-09-23,84.5964,77.0729,-0.08893470570762851,6,False
Breakout_50,SBUX,2022-11-11,2023-02-24,89.3973,95.3143,0.06618814799901163,70,True
Breakout_50,SBUX,2023-04-25,2023-05-04,101.127,96.8185,-0.04260401923789936,7,False
Breakout_50,SBUX,2023-11-06,2023-12-06,96.5061,90.5088,-0.06214407297257574,21,False
Breakout_50,SBUX,2024-08-14,2024-12-16,91.2087,93.8375,0.02882120806054944,86,True
Breakout_50,SBUX,2025-01-30,2025-03-11,105.5006,99.1541,-0.060155933893604185,27,False
Breakout_50,SBUX,2025-12-19,2025-12-24,88.6483,83.3028,-0.06030042494980237,3,False
Breakout_50,SBUX,2026-01-15,2026-03-19,91.4801,92.15,0.007323461744348947,43,True
Breakout_100,SBUX,2020-08-28,2020-11-03,74.0382,76.6803,0.035684941784806856,46,True
Breakout_100,SBUX,2020-11-10,2021-01-28,83.2208,87.8373,0.055472423222350686,53,True
Breakout_100,SBUX,2021-03-01,2021-05-13,96.8237,98.6054,0.018400637718229307,52,True
Breakout_100,SBUX,2021-07-14,2021-08-19,107.3595,102.8969,-0.04156715637012598,26,False
Breakout_100,SBUX,2022-09-15,2022-09-23,84.5964,77.0729,-0.08893470570762851,6,False
Breakout_100,SBUX,2022-11-11,2023-02-24,89.3973,95.3143,0.06618814799901163,70,True
Breakout_100,SBUX,2023-04-27,2023-05-04,103.4297,96.8185,-0.06391961730929185,5,False
Breakout_100,SBUX,2023-11-07,2023-12-06,97.782,90.5088,-0.07438143061497404,20,False
Breakout_100,SBUX,2024-08-14,2024-12-16,91.2087,93.8375,0.02882120806054944,86,True
Breakout_100,SBUX,2025-01-30,2025-03-11,105.5006,99.1541,-0.060155933893604185,27,False
Breakout_100,SBUX,2026-01-15,2026-03-19,91.4801,92.15,0.007323461744348947,43,True
Breakout_50_noSMA,SBUX,2020-06-08,2020-06-12,73.0137,65.9127,-0.09725538875873341,4,False
Breakout_50_noSMA,SBUX,2020-08-26,2020-11-03,72.8277,76.6803,0.052899808551870375,48,True
Breakout_50_noSMA,SBUX,2020-11-10,2021-01-28,83.2208,87.8373,0.055472423222350686,53,True
Breakout_50_noSMA,SBUX,2021-03-01,2021-05-13,96.8237,98.6054,0.018400637718229307,52,True
Breakout_50_noSMA,SBUX,2021-07-08,2021-08-19,103.3405,102.8969,-0.004292538390508804,30,False
Breakout_50_noSMA,SBUX,2022-07-20,2022-09-23,75.3392,77.0729,0.023012087198499787,46,True
Breakout_50_noSMA,SBUX,2022-11-11,2023-02-24,89.3973,95.3143,0.06618814799901163,70,True
Breakout_50_noSMA,SBUX,2023-04-25,2023-05-04,101.127,96.8185,-0.04260401923789936,7,False
Breakout_50_noSMA,SBUX,2023-11-03,2023-12-06,94.3953,90.5088,-0.041172277351416375,22,False
Breakout_50_noSMA,SBUX,2024-08-14,2024-12-16,91.2087,93.8375,0.02882120806054944,86,True
Breakout_50_noSMA,SBUX,2025-01-30,2025-03-11,105.5006,99.1541,-0.060155933893604185,27,False
Breakout_50_noSMA,SBUX,2025-12-19,2025-12-24,88.6483,83.3028,-0.06030042494980237,3,False
Breakout_50_noSMA,SBUX,2026-01-15,2026-03-19,91.4801,92.15,0.007323461744348947,43,True
Breakout_50,SCHW,2020-06-05,2020-06-24,41.3635,32.8428,-0.20599434603481392,13,False
Breakout_50,SCHW,2020-10-16,2021-02-01,36.5322,48.6728,0.3323258924466348,72,True
Breakout_50,SCHW,2021-02-19,2021-04-21,58.488,59.8182,0.022742122528551345,42,True
Breakout_50,SCHW,2021-04-28,2021-06-21,65.2042,66.3418,0.01744632108553601,37,True
Breakout_50,SCHW,2021-08-30,2021-09-15,71.4066,65.824,-0.07818067336874546,11,False
Breakout_50,SCHW,2021-09-28,2021-12-01,72.9599,75.1043,0.029390642462109984,45,True
Breakout_50,SCHW,2022-01-05,2022-02-18,84.9169,81.0596,-0.04542440746540477,31,False
Breakout_50,SCHW,2022-08-17,2022-10-12,72.1658,68.2269,-0.054581350337367884,39,False
Breakout_50,SCHW,2022-10-28,2023-01-20,74.8202,73.1766,-0.021967340001807556,56,False
Breakout_50,SCHW,2023-11-30,2024-01-30,57.8825,61.6857,0.06570561546871856,40,True
Breakout_50,SCHW,2024-03-21,2024-05-24,68.1777,70.9914,0.04126979009099685,45,True
Breakout_50,SCHW,2024-10-16,2024-12-19,71.3145,73.3706,0.028831658497789237,45,True
Breakout_50,SCHW,2025-01-31,2025-03-04,81.9463,76.6963,-0.06406532788711272,21,False
Breakout_50,SCHW,2025-05-05,2025-09-08,81.6652,91.6096,0.12177085379279529,86,True
Breakout_50,SCHW,2025-12-22,2026-02-11,99.2249,100.5704,0.013559712929781753,34,True
Breakout_100,SCHW,2020-11-02,2021-02-01,38.383,48.6728,0.26808259446753957,61,True
Breakout_100,SCHW,2021-02-19,2021-04-21,58.488,59.8182,0.022742122528551345,42,True
Breakout_100,SCHW,2021-04-28,2021-06-21,65.2042,66.3418,0.01744632108553601,37,True
Breakout_100,SCHW,2021-09-28,2021-12-01,72.9599,75.1043,0.029390642462109984,45,True
Breakout_100,SCHW,2022-01-05,2022-02-18,84.9169,81.0596,-0.04542440746540477,31,False
Breakout_100,SCHW,2022-10-31,2023-01-20,76.0095,73.1766,-0.0372702758978678,55,False
Breakout_100,SCHW,2023-12-15,2024-01-30,68.5644,61.6857,-0.10032548852262047,29,False
Breakout_100,SCHW,2024-03-22,2024-05-24,70.7591,70.9914,0.0032829679405768086,44,True
Breakout_100,SCHW,2024-11-12,2024-12-19,76.7378,73.3706,-0.04387998154159223,26,False
Breakout_100,SCHW,2025-01-31,2025-03-04,81.9463,76.6963,-0.06406532788711272,21,False
Breakout_100,SCHW,2025-05-09,2025-09-08,83.8202,91.6096,0.09292984455795761,82,True
Breakout_100,SCHW,2025-12-23,2026-02-11,101.1783,100.5704,-0.006008575609260047,33,False
Breakout_50_noSMA,SCHW,2020-06-04,2020-06-24,37.0245,32.8428,-0.11294362309006722,14,False
Breakout_50_noSMA,SCHW,2020-10-02,2021-02-01,34.5698,48.6728,0.40795713979184467,82,True
Breakout_50_noSMA,SCHW,2021-02-19,2021-04-21,58.488,59.8182,0.022742122528551345,42,True
Breakout_50_noSMA,SCHW,2021-04-28,2021-06-21,65.2042,66.3418,0.01744632108553601,37,True
Breakout_50_noSMA,SCHW,2021-08-30,2021-09-15,71.4066,65.824,-0.07818067336874546,11,False
Breakout_50_noSMA,SCHW,2021-09-28,2021-12-01,72.9599,75.1043,0.029390642462109984,45,True
Breakout_50_noSMA,SCHW,2022-01-05,2022-02-18,84.9169,81.0596,-0.04542440746540477,31,False
Breakout_50_noSMA,SCHW,2022-08-12,2022-10-12,69.4542,68.2269,-0.017671337417609956,42,False
Breakout_50_noSMA,SCHW,2022-10-28,2023-01-20,74.8202,73.1766,-0.021967340001807556,56,False
Breakout_50_noSMA,SCHW,2023-06-30,2023-08-18,55.3683,57.0684,0.030706039711500432,34,True
Breakout_50_noSMA,SCHW,2023-11-30,2024-01-30,57.8825,61.6857,0.06570561546871856,40,True
Breakout_50_noSMA,SCHW,2024-03-21,2024-05-24,68.1777,70.9914,0.04126979009099685,45,True
Breakout_50_noSMA,SCHW,2024-10-10,2024-12-19,65.1525,73.3706,0.12613665607558766,49,True
Breakout_50_noSMA,SCHW,2025-01-31,2025-03-04,81.9463,76.6963,-0.06406532788711272,21,False
Breakout_50_noSMA,SCHW,2025-05-05,2025-09-08,81.6652,91.6096,0.12177085379279529,86,True
Breakout_50_noSMA,SCHW,2025-12-22,2026-02-11,99.2249,100.5704,0.013559712929781753,34,True
Breakout_50,SHW,2020-05-18,2020-10-20,183.3625,218.3047,0.19056324861097163,108,True
Breakout_50,SHW,2020-11-06,2020-11-10,232.7144,219.9146,-0.05500208986154076,2,False
Breakout_50,SHW,2021-03-29,2021-06-15,242.0464,263.5327,0.08876933982430701,54,True
Breakout_50,SHW,2021-07-30,2021-09-20,277.5376,277.5556,6.49339339262589e-05,35,True
Breakout_50,SHW,2021-10-27,2022-01-07,305.002,320.3199,0.05022239471600631,50,True
Breakout_50,SHW,2022-11-25,2023-01-06,240.8377,222.8332,-0.07475790631530388,28,False
Breakout_50,SHW,2023-06-05,2023-08-28,234.8722,258.8881,0.10225096386808286,58,True
Breakout_50,SHW,2023-11-24,2024-04-11,269.8182,316.9937,0.17484181549931965,94,True
Breakout_50,SHW,2024-07-17,2024-10-23,319.761,353.5229,0.10558498119551629,69,True
Breakout_50,SHW,2024-11-26,2024-12-10,395.3561,371.2249,-0.0610367186425097,9,False
Breakout_50,SHW,2025-08-14,2025-09-17,365.5999,352.7936,-0.0350281091208714,23,False
Breakout_50,SHW,2026-01-13,2026-03-04,356.2123,349.2,-0.01968581003664127,34,False
Breakout_100,SHW,2020-06-03,2020-10-20,189.918,218.3047,0.14946815323641727,97,True
Breakout_100,SHW,2020-11-06,2020-11-10,232.7144,219.9146,-0.05500208986154076,2,False
Breakout_100,SHW,2021-03-29,2021-06-15,242.0464,263.5327,0.08876933982430701,54,True
Breakout_100,SHW,2021-08-04,2021-09-20,283.0493,277.5556,-0.019409033772516016,32,False
Breakout_100,SHW,2021-10-27,2022-01-07,305.002,320.3199,0.05022239471600631,50,True
Breakout_100,SHW,2023-06-27,2023-08-28,246.0221,258.8881,0.052295843695571165,43,True
Breakout_100,SHW,2023-12-07,2024-04-11,281.9895,316.9937,0.12413312115688235,85,True
Breakout_100,SHW,2024-07-29,2024-10-23,344.3019,353.5229,0.026781879142009357,61,True
Breakout_100,SHW,2024-11-26,2024-12-10,395.3561,371.2249,-0.0610367186425097,9,False
Breakout_100,SHW,2025-08-14,2025-09-17,365.5999,352.7936,-0.0350281091208714,23,False
Breakout_100,SHW,2026-02-13,2026-03-04,373.6238,349.2,-0.06537010264706877,12,False
Breakout_50_noSMA,SHW,2020-05-18,2020-10-20,183.3625,218.3047,0.19056324861097163,108,True
Breakout_50_noSMA,SHW,2020-11-06,2020-11-10,232.7144,219.9146,-0.05500208986154076,2,False
Breakout_50_noSMA,SHW,2021-03-29,2021-06-15,242.0464,263.5327,0.08876933982430701,54,True
Breakout_50_noSMA,SHW,2021-07-30,2021-09-20,277.5376,277.5556,6.49339339262589e-05,35,True
Breakout_50_noSMA,SHW,2021-10-27,2022-01-07,305.002,320.3199,0.05022239471600631,50,True
Breakout_50_noSMA,SHW,2022-04-28,2022-05-23,272.856,251.8505,-0.07698372674378784,17,False
Breakout_50_noSMA,SHW,2022-11-25,2023-01-06,240.8377,222.8332,-0.07475790631530388,28,False
Breakout_50_noSMA,SHW,2023-06-05,2023-08-28,234.8722,258.8881,0.10225096386808286,58,True
Breakout_50_noSMA,SHW,2023-11-24,2024-04-11,269.8182,316.9937,0.17484181549931965,94,True
Breakout_50_noSMA,SHW,2024-07-17,2024-10-23,319.761,353.5229,0.10558498119551629,69,True
Breakout_50_noSMA,SHW,2024-11-26,2024-12-10,395.3561,371.2249,-0.0610367186425097,9,False
Breakout_50_noSMA,SHW,2025-08-14,2025-09-17,365.5999,352.7936,-0.0350281091208714,23,False
Breakout_50_noSMA,SHW,2026-01-13,2026-03-04,356.2123,349.2,-0.01968581003664127,34,False
Breakout_50,SJM,2020-03-18,2020-03-23,94.2829,85.0302,-0.09813820261678219,3,False
Breakout_50,SJM,2020-08-26,2020-09-17,101.7453,91.9748,-0.09602964740743314,15,False
Breakout_50,SJM,2020-11-17,2020-12-03,100.3586,95.9357,-0.04407101448192685,11,False
Breakout_50,SJM,2021-01-27,2021-02-02,104.1856,96.9344,-0.06959881957410874,4,False
Breakout_50,SJM,2021-03-30,2021-06-21,110.821,111.2763,0.0041089489708294735,57,True
Breakout_50,SJM,2021-11-10,2022-02-09,110.64,117.8857,0.06548912304064536,62,True
Breakout_50,SJM,2022-04-20,2022-05-03,124.1378,117.6753,-0.052059033572060986,9,False
Breakout_50,SJM,2022-08-16,2022-09-28,120.3237,121.1455,0.006830111510392367,30,True
Breakout_50,SJM,2022-10-25,2022-11-16,128.1179,126.0334,-0.01627011095543829,16,False
Breakout_50,SJM,2022-11-28,2023-01-19,134.7262,134.0144,-0.005283355905776332,35,False
Breakout_50,SJM,2023-05-03,2023-05-19,142.4643,136.7964,-0.03978506794727932,12,False
Breakout_50,SJM,2024-02-02,2024-02-15,122.8897,115.3739,-0.061158979976291494,9,False
Breakout_50,SJM,2024-07-18,2024-08-29,112.1782,107.8691,-0.03841265531931515,30,False
Breakout_50,SJM,2025-03-10,2025-05-07,113.4355,109.158,-0.037708705794714636,41,False
Breakout_50,SJM,2025-08-21,2025-09-15,110.5293,105.7066,-0.043632612594188824,16,False
Breakout_50,SJM,2026-02-05,2026-03-17,108.4546,105.85,-0.02401524812180944,27,False
Breakout_100,SJM,2020-03-18,2020-03-23,94.2829,85.0302,-0.09813820261678219,3,False
Breakout_100,SJM,2021-01-27,2021-02-02,104.1856,96.9344,-0.06959881957410874,4,False
Breakout_100,SJM,2021-03-30,2021-06-21,110.821,111.2763,0.0041089489708294735,57,True
Breakout_100,SJM,2021-12-15,2022-02-09,117.0297,117.8857,0.0073143140559261965,38,True
Breakout_100,SJM,2022-10-25,2022-11-16,128.1179,126.0334,-0.01627011095543829,16,False
Breakout_100,SJM,2022-11-28,2023-01-19,134.7262,134.0144,-0.005283355905776332,35,False
Breakout_100,SJM,2026-02-27,2026-03-17,117.0,105.85,-0.09529915834084535,12,False
Breakout_50_noSMA,SJM,2020-03-18,2020-03-23,94.2829,85.0302,-0.09813820261678219,3,False
Breakout_50_noSMA,SJM,2020-08-26,2020-09-17,101.7453,91.9748,-0.09602964740743314,15,False
Breakout_50_noSMA,SJM,2020-11-17,2020-12-03,100.3586,95.9357,-0.04407101448192685,11,False
Breakout_50_noSMA,SJM,2021-01-27,2021-02-02,104.1856,96.9344,-0.06959881957410874,4,False
Breakout_50_noSMA,SJM,2021-03-30,2021-06-21,110.821,111.2763,0.0041089489708294735,57,True
Breakout_50_noSMA,SJM,2021-11-10,2022-02-09,110.64,117.8857,0.06548912304064536,62,True
Breakout_50_noSMA,SJM,2022-04-20,2022-05-03,124.1378,117.6753,-0.052059033572060986,9,False
Breakout_50_noSMA,SJM,2022-08-16,2022-09-28,120.3237,121.1455,0.006830111510392367,30,True
Breakout_50_noSMA,SJM,2022-10-25,2022-11-16,128.1179,126.0334,-0.01627011095543829,16,False
Breakout_50_noSMA,SJM,2022-11-28,2023-01-19,134.7262,134.0144,-0.005283355905776332,35,False
Breakout_50_noSMA,SJM,2023-05-03,2023-05-19,142.4643,136.7964,-0.03978506794727932,12,False
Breakout_50_noSMA,SJM,2023-12-13,2024-02-15,113.8931,115.3739,0.013001717909633337,43,True
Breakout_50_noSMA,SJM,2024-07-18,2024-08-29,112.1782,107.8691,-0.03841265531931515,30,False
Breakout_50_noSMA,SJM,2025-03-10,2025-05-07,113.4355,109.158,-0.037708705794714636,41,False
Breakout_50_noSMA,SJM,2025-08-21,2025-09-15,110.5293,105.7066,-0.043632612594188824,16,False
Breakout_50_noSMA,SJM,2026-02-05,2026-03-17,108.4546,105.85,-0.02401524812180944,27,False
Breakout_50,SLB,2020-11-17,2021-01-28,17.2558,19.7535,0.14474275978649565,48,True
Breakout_50,SLB,2021-02-17,2021-04-12,24.3591,24.1079,-0.01031288914744799,37,False
Breakout_50,SLB,2021-05-07,2021-07-07,27.1763,28.0328,0.03151736162653984,41,True
Breakout_50,SLB,2021-09-28,2021-11-22,27.8768,27.153,-0.025965546758868308,39,False
Breakout_50,SLB,2022-01-10,2022-03-17,31.7747,35.319,0.1115431987248634,46,True
Breakout_50,SLB,2022-05-26,2022-06-16,41.4713,37.076,-0.10598540987195915,14,False
Breakout_50,SLB,2022-10-06,2022-12-12,38.0283,43.3961,0.14115092084121517,46,True
Breakout_50,SLB,2023-01-12,2023-02-03,51.8521,48.7076,-0.06064383864887468,15,False
Breakout_50,SLB,2023-07-10,2023-10-02,49.2228,54.5546,0.1083182546638417,59,True
Breakout_50,SLB,2024-03-15,2024-04-18,49.9121,48.3902,-0.030492585332842936,23,False
Breakout_50,SLB,2025-10-30,2026-03-09,36.1791,46.87,0.2954978889593951,87,True
Breakout_100,SLB,2020-11-24,2021-01-28,19.9188,19.7535,-0.008297804369729378,43,False
Breakout_100,SLB,2021-02-17,2021-04-12,24.3591,24.1079,-0.01031288914744799,37,False
Breakout_100,SLB,2021-05-07,2021-07-07,27.1763,28.0328,0.03151736162653984,41,True
Breakout_100,SLB,2022-01-10,2022-03-17,31.7747,35.319,0.1115431987248634,46,True
Breakout_100,SLB,2022-05-27,2022-06-16,42.164,37.076,-0.12067292837453203,13,False
Breakout_100,SLB,2022-10-24,2022-12-12,46.0053,43.3961,-0.05671534556057489,34,False
Breakout_100,SLB,2023-01-12,2023-02-03,51.8521,48.7076,-0.06064383864887468,15,False
Breakout_100,SLB,2023-07-13,2023-10-02,53.0981,54.5546,0.027430433254941544,56,True
Breakout_100,SLB,2025-12-05,2026-03-09,38.0059,46.87,0.23323031465608235,62,True
Breakout_50_noSMA,SLB,2020-05-28,2020-06-29,16.7634,15.5463,-0.07260246140227145,22,False
Breakout_50_noSMA,SLB,2020-11-17,2021-01-28,17.2558,19.7535,0.14474275978649565,48,True
Breakout_50_noSMA,SLB,2021-02-17,2021-04-12,24.3591,24.1079,-0.01031288914744799,37,False
Breakout_50_noSMA,SLB,2021-05-07,2021-07-07,27.1763,28.0328,0.03151736162653984,41,True
Breakout_50_noSMA,SLB,2021-09-28,2021-11-22,27.8768,27.153,-0.025965546758868308,39,False
Breakout_50_noSMA,SLB,2022-01-10,2022-03-17,31.7747,35.319,0.1115431987248634,46,True
Breakout_50_noSMA,SLB,2022-05-26,2022-06-16,41.4713,37.076,-0.10598540987195915,14,False
Breakout_50_noSMA,SLB,2022-10-06,2022-12-12,38.0283,43.3961,0.14115092084121517,46,True
Breakout_50_noSMA,SLB,2023-01-12,2023-02-03,51.8521,48.7076,-0.06064383864887468,15,False
Breakout_50_noSMA,SLB,2023-07-10,2023-10-02,49.2228,54.5546,0.1083182546638417,59,True
Breakout_50_noSMA,SLB,2024-03-15,2024-04-18,49.9121,48.3902,-0.030492585332842936,23,False
Breakout_50_noSMA,SLB,2024-07-22,2024-08-05,46.9387,41.3639,-0.11876763826256154,10,False
Breakout_50_noSMA,SLB,2025-07-14,2025-07-17,36.2246,33.7392,-0.06861168100085502,3,False
Breakout_50_noSMA,SLB,2025-10-30,2026-03-09,36.1791,46.87,0.2954978889593951,87,True
Breakout_50,SLV,2020-05-20,2020-09-22,16.27,22.81,0.4019667378102607,86,True
Breakout_50,SLV,2020-12-18,2021-01-19,24.02,23.48,-0.02248130329876019,19,False
Breakout_50,SLV,2021-02-02,2021-03-04,25.54,24.11,-0.05599061291757412,21,False
Breakout_50,SLV,2021-05-18,2021-06-18,26.37,24.09,-0.08646191179688223,22,False
Breakout_50,SLV,2022-03-02,2022-04-06,23.21,22.53,-0.02929764862774442,25,False
Breakout_50,SLV,2022-11-11,2023-02-06,19.76,20.55,0.03997970642854676,57,True
Breakout_50,SLV,2023-04-05,2023-05-17,22.82,21.92,-0.039439072329803815,29,False
Breakout_50,SLV,2023-11-17,2023-12-11,21.79,20.97,-0.03763201320420906,15,False
Breakout_50,SLV,2024-03-14,2024-06-26,22.91,26.16,0.14185945096665353,71,True
Breakout_50,SLV,2024-09-25,2024-11-07,29.1,28.92,-0.006185577416363275,31,False
Breakout_50,SLV,2025-03-14,2025-04-04,30.91,27.96,-0.09543839461346482,15,False
Breakout_50,SLV,2025-06-03,2025-08-20,31.27,34.21,0.09401978201695371,54,True
Breakout_50,SLV,2025-09-02,2026-02-06,36.63,67.72,0.8487578281740848,109,True
Breakout_100,SLV,2020-07-16,2020-09-22,17.98,22.81,0.2686318157216876,47,True
Breakout_100,SLV,2021-02-02,2021-03-04,25.54,24.11,-0.05599061291757412,21,False
Breakout_100,SLV,2022-03-02,2022-04-06,23.21,22.53,-0.02929764862774442,25,False
Breakout_100,SLV,2022-11-15,2023-02-06,20.08,20.55,0.02340634039543099,55,True
Breakout_100,SLV,2023-04-05,2023-05-17,22.82,21.92,-0.039439072329803815,29,False
Breakout_100,SLV,2023-12-04,2023-12-11,22.75,20.97,-0.07824178842397833,5,False
Breakout_100,SLV,2024-04-03,2024-06-26,24.27,26.16,0.07787389180060145,58,True
Breakout_100,SLV,2024-10-21,2024-11-07,31.13,28.92,-0.0709925841327338,13,False
Breakout_100,SLV,2025-03-28,2025-04-04,31.39,27.96,-0.10927048014874763,5,False
Breakout_100,SLV,2025-06-03,2025-08-20,31.27,34.21,0.09401978201695371,54,True
Breakout_100,SLV,2025-09-02,2026-02-06,36.63,67.72,0.8487578281740848,109,True
Breakout_50_noSMA,SLV,2020-05-20,2020-09-22,16.27,22.81,0.4019667378102607,86,True
Breakout_50_noSMA,SLV,2020-12-18,2021-01-19,24.02,23.48,-0.02248130329876019,19,False
Breakout_50_noSMA,SLV,2021-02-02,2021-03-04,25.54,24.11,-0.05599061291757412,21,False
Breakout_50_noSMA,SLV,2021-05-18,2021-06-18,26.37,24.09,-0.08646191179688223,22,False
Breakout_50_noSMA,SLV,2021-11-12,2021-11-29,23.18,21.31,-0.08067302910327623,10,False
Breakout_50_noSMA,SLV,2022-03-02,2022-04-06,23.21,22.53,-0.02929764862774442,25,False
Breakout_50_noSMA,SLV,2022-10-05,2022-10-12,18.69,17.53,-0.06206526561079084,5,False
Breakout_50_noSMA,SLV,2022-11-09,2023-02-06,19.66,20.55,0.045269552215464026,59,True
Breakout_50_noSMA,SLV,2023-04-05,2023-05-17,22.82,21.92,-0.039439072329803815,29,False
Breakout_50_noSMA,SLV,2023-11-17,2023-12-11,21.79,20.97,-0.03763201320420906,15,False
Breakout_50_noSMA,SLV,2024-03-14,2024-06-26,22.91,26.16,0.14185945096665353,71,True
Breakout_50_noSMA,SLV,2024-09-25,2024-11-07,29.1,28.92,-0.006185577416363275,31,False
Breakout_50_noSMA,SLV,2025-03-14,2025-04-04,30.91,27.96,-0.09543839461346482,15,False
Breakout_50_noSMA,SLV,2025-06-03,2025-08-20,31.27,34.21,0.09401978201695371,54,True
Breakout_50_noSMA,SLV,2025-09-02,2026-02-06,36.63,67.72,0.8487578281740848,109,True
Breakout_50,SNPS,2020-05-11,2020-08-12,158.63,191.2,0.20532050093228382,65,True
Breakout_50,SNPS,2020-08-21,2020-09-09,213.61,203.23,-0.04859325337368814,12,False
Breakout_50,SNPS,2020-11-05,2020-11-23,239.53,218.88,-0.08621047051192654,12,False
Breakout_50,SNPS,2020-12-17,2021-02-23,249.79,251.74,0.007806606587308362,44,True
Breakout_50,SNPS,2021-06-15,2021-09-29,266.49,303.22,0.13782885786450927,74,True
Breakout_50,SNPS,2021-11-05,2022-01-06,343.37,336.5,-0.020007558071120535,42,False
Breakout_50,SNPS,2022-03-30,2022-04-12,337.32,316.42,-0.06195895127085105,9,False
Breakout_50,SNPS,2022-07-22,2022-09-02,339.93,334.14,-0.01703285427027945,30,False
Breakout_50,SNPS,2022-12-02,2022-12-29,348.97,319.16,-0.08542280841997263,18,False
Breakout_50,SNPS,2023-02-02,2023-04-26,372.39,364.53,-0.02110694583623851,57,False
Breakout_50,SNPS,2023-05-19,2023-08-04,413.03,442.29,0.07084233554972386,52,True
Breakout_50,SNPS,2023-09-06,2023-09-22,464.81,446.22,-0.03999482893124984,12,False
Breakout_50,SNPS,2023-10-09,2023-10-26,468.0,458.42,-0.020470056778345347,13,False
Breakout_50,SNPS,2023-11-09,2023-12-28,505.81,520.0,0.02805401733832369,33,True
Breakout_50,SNPS,2024-02-12,2024-04-11,576.0,560.46,-0.026979128519693973,41,False
Breakout_50,SNPS,2024-06-18,2024-07-18,611.41,576.3,-0.057424619966516044,20,False
Breakout_50,SNPS,2024-11-07,2024-12-06,560.0,518.85,-0.07348218645368298,20,False
Breakout_50,SNPS,2025-05-13,2025-05-30,506.58,450.36,-0.11097951500435588,12,False
Breakout_50,SNPS,2025-07-02,2025-09-11,517.18,415.97,-0.19569587549479395,49,False
Breakout_50,SNPS,2026-01-06,2026-02-02,495.6,460.69,-0.07043987738534807,18,False
Breakout_100,SNPS,2020-05-22,2020-08-12,169.68,191.2,0.1268269990651203,56,True
Breakout_100,SNPS,2020-08-21,2020-09-09,213.61,203.23,-0.04859325337368814,12,False
Breakout_100,SNPS,2020-11-05,2020-11-23,239.53,218.88,-0.08621047051192654,12,False
Breakout_100,SNPS,2020-12-17,2021-02-23,249.79,251.74,0.007806606587308362,44,True
Breakout_100,SNPS,2021-07-26,2021-09-29,284.35,303.22,0.06636185937101047,46,True
Breakout_100,SNPS,2021-11-05,2022-01-06,343.37,336.5,-0.020007558071120535,42,False
Breakout_100,SNPS,2022-07-28,2022-09-02,354.24,334.14,-0.05674112505660023,26,False
Breakout_100,SNPS,2023-02-02,2023-04-26,372.39,364.53,-0.02110694583623851,57,False
Breakout_100,SNPS,2023-05-19,2023-08-04,413.03,442.29,0.07084233554972386,52,True
Breakout_100,SNPS,2023-10-09,2023-10-26,468.0,458.42,-0.020470056778345347,13,False
Breakout_100,SNPS,2023-11-09,2023-12-28,505.81,520.0,0.02805401733832369,33,True
Breakout_100,SNPS,2024-02-12,2024-04-11,576.0,560.46,-0.026979128519693973,41,False
Breakout_100,SNPS,2025-07-07,2025-09-11,544.11,415.97,-0.23550382749926024,47,False
Breakout_50_noSMA,SNPS,2020-05-11,2020-08-12,158.63,191.2,0.20532050093228382,65,True
Breakout_50_noSMA,SNPS,2020-08-21,2020-09-09,213.61,203.23,-0.04859325337368814,12,False
Breakout_50_noSMA,SNPS,2020-11-05,2020-11-23,239.53,218.88,-0.08621047051192654,12,False
Breakout_50_noSMA,SNPS,2020-12-17,2021-02-23,249.79,251.74,0.007806606587308362,44,True
Breakout_50_noSMA,SNPS,2021-06-15,2021-09-29,266.49,303.22,0.13782885786450927,74,True
Breakout_50_noSMA,SNPS,2021-11-05,2022-01-06,343.37,336.5,-0.020007558071120535,42,False
Breakout_50_noSMA,SNPS,2022-03-30,2022-04-12,337.32,316.42,-0.06195895127085105,9,False
Breakout_50_noSMA,SNPS,2022-07-22,2022-09-02,339.93,334.14,-0.01703285427027945,30,False
Breakout_50_noSMA,SNPS,2022-12-02,2022-12-29,348.97,319.16,-0.08542280841997263,18,False
Breakout_50_noSMA,SNPS,2023-02-02,2023-04-26,372.39,364.53,-0.02110694583623851,57,False
Breakout_50_noSMA,SNPS,2023-05-19,2023-08-04,413.03,442.29,0.07084233554972386,52,True
Breakout_50_noSMA,SNPS,2023-09-06,2023-09-22,464.81,446.22,-0.03999482893124984,12,False
Breakout_50_noSMA,SNPS,2023-10-09,2023-10-26,468.0,458.42,-0.020470056778345347,13,False
Breakout_50_noSMA,SNPS,2023-11-09,2023-12-28,505.81,520.0,0.02805401733832369,33,True
Breakout_50_noSMA,SNPS,2024-02-12,2024-04-11,576.0,560.46,-0.026979128519693973,41,False
Breakout_50_noSMA,SNPS,2024-06-18,2024-07-18,611.41,576.3,-0.057424619966516044,20,False
Breakout_50_noSMA,SNPS,2024-11-07,2024-12-06,560.0,518.85,-0.07348218645368298,20,False
Breakout_50_noSMA,SNPS,2025-05-13,2025-05-30,506.58,450.36,-0.11097951500435588,12,False
Breakout_50_noSMA,SNPS,2025-07-02,2025-09-11,517.18,415.97,-0.19569587549479395,49,False
Breakout_50_noSMA,SNPS,2026-01-06,2026-02-02,495.6,460.69,-0.07043987738534807,18,False
Breakout_50,SO,2020-10-06,2020-12-15,46.3705,49.5771,0.06915251328656535,49,True
Breakout_50,SO,2021-03-17,2021-06-02,50.8305,53.3748,0.05005366882011075,53,True
Breakout_50,SO,2021-08-11,2021-09-20,54.6993,54.2381,-0.008432720559823914,27,False
Breakout_50,SO,2021-12-07,2022-02-11,55.1113,56.6774,0.028416342485299007,46,True
Breakout_50,SO,2022-03-08,2022-06-10,59.5864,63.3059,0.06242198493746165,66,True
Breakout_50,SO,2022-08-01,2022-09-22,66.9009,67.0147,0.0017007086338978183,37,True
Breakout_50,SO,2022-12-13,2023-01-19,63.9433,60.0203,-0.06135213002394757,24,False
Breakout_50,SO,2023-04-06,2023-05-25,64.6374,64.5143,-0.001904864623946012,34,False
Breakout_50,SO,2023-12-04,2024-01-18,65.9776,64.1811,-0.027228206198819382,30,False
Breakout_50,SO,2024-03-28,2024-04-16,66.4607,63.8592,-0.039143908151411,12,False
Breakout_50,SO,2024-04-22,2024-07-02,67.2843,72.9808,0.08466416176582525,49,True
Breakout_50,SO,2024-07-17,2024-10-31,76.8527,86.3565,0.12366240992626354,75,True
Breakout_50,SO,2025-02-21,2025-04-08,84.768,85.8718,0.013021125033616077,32,True
Breakout_50,SO,2025-07-02,2025-08-29,89.6209,91.0007,0.015395717017644417,41,True
Breakout_50,SO,2025-10-08,2025-10-29,95.252,92.0832,-0.03326797399021586,15,False
Breakout_50,SO,2026-02-13,2026-04-16,91.7196,94.49,0.030205541438165895,42,True
Breakout_100,SO,2020-10-23,2020-12-15,49.3946,49.5771,0.0036941910249317367,36,True
Breakout_100,SO,2021-04-15,2021-06-02,53.0463,53.3748,0.0061917859938924735,33,True
Breakout_100,SO,2021-08-17,2021-09-20,56.1942,54.2381,-0.03480984112787944,23,False
Breakout_100,SO,2021-12-17,2022-02-11,57.7642,56.6774,-0.01881459036472144,38,False
Breakout_100,SO,2022-03-08,2022-06-10,59.5864,63.3059,0.06242198493746165,66,True
Breakout_100,SO,2022-08-01,2022-09-22,66.9009,67.0147,0.0017007086338978183,37,True
Breakout_100,SO,2023-04-10,2023-05-25,64.6194,64.5143,-0.0016271267704461856,33,False
Breakout_100,SO,2023-12-14,2024-01-18,67.8111,64.1811,-0.05353002148527575,22,False
Breakout_100,SO,2024-04-23,2024-07-02,68.2856,72.9808,0.0687591452505425,48,True
Breakout_100,SO,2024-07-17,2024-10-31,76.8527,86.3565,0.12366240992626354,75,True
Breakout_100,SO,2025-03-11,2025-04-08,89.5607,85.8718,-0.041189274625276884,20,False
Breakout_100,SO,2025-07-11,2025-08-29,90.6558,91.0007,0.0038037998374453874,35,True
Breakout_100,SO,2025-10-08,2025-10-29,95.252,92.0832,-0.03326797399021586,15,False
Breakout_50_noSMA,SO,2020-10-05,2020-12-15,45.7851,49.5771,0.08282061731718438,50,True
Breakout_50_noSMA,SO,2021-03-17,2021-06-02,50.8305,53.3748,0.05005366882011075,53,True
Breakout_50_noSMA,SO,2021-08-11,2021-09-20,54.6993,54.2381,-0.008432720559823914,27,False
Breakout_50_noSMA,SO,2021-12-07,2022-02-11,55.1113,56.6774,0.028416342485299007,46,True
Breakout_50_noSMA,SO,2022-03-08,2022-06-10,59.5864,63.3059,0.06242198493746165,66,True
Breakout_50_noSMA,SO,2022-08-01,2022-09-22,66.9009,67.0147,0.0017007086338978183,37,True
Breakout_50_noSMA,SO,2022-12-13,2023-01-19,63.9433,60.0203,-0.06135213002394757,24,False
Breakout_50_noSMA,SO,2023-04-06,2023-05-25,64.6374,64.5143,-0.001904864623946012,34,False
Breakout_50_noSMA,SO,2023-12-04,2024-01-18,65.9776,64.1811,-0.027228206198819382,30,False
Breakout_50_noSMA,SO,2024-03-28,2024-04-16,66.4607,63.8592,-0.039143908151411,12,False
Breakout_50_noSMA,SO,2024-04-22,2024-07-02,67.2843,72.9808,0.08466416176582525,49,True
Breakout_50_noSMA,SO,2024-07-17,2024-10-31,76.8527,86.3565,0.12366240992626354,75,True
Breakout_50_noSMA,SO,2025-02-21,2025-04-08,84.768,85.8718,0.013021125033616077,32,True
Breakout_50_noSMA,SO,2025-07-02,2025-08-29,89.6209,91.0007,0.015395717017644417,41,True
Breakout_50_noSMA,SO,2025-10-08,2025-10-29,95.252,92.0832,-0.03326797399021586,15,False
Breakout_50_noSMA,SO,2026-02-13,2026-04-16,91.7196,94.49,0.030205541438165895,42,True
Breakout_50,SPG,2020-11-10,2021-07-08,57.2224,95.6691,0.671880620925773,164,True
Breakout_50,SPG,2021-10-15,2021-12-02,109.6732,117.4599,0.07099993510961666,33,True
Breakout_50,SPG,2022-11-02,2023-02-22,93.9205,101.9457,0.08544700471077893,75,True
Breakout_50,SPG,2023-06-30,2023-08-17,100.8502,100.5378,-0.0030969867870924705,33,False
Breakout_50,SPG,2023-11-06,2024-02-06,103.9446,123.0523,0.18382626795261503,62,True
Breakout_50,SPG,2024-02-12,2024-04-11,131.5547,132.7984,0.00945346988153939,41,True
Breakout_50,SPG,2024-06-13,2024-07-08,140.7301,134.8146,-0.0420337854345717,15,False
Breakout_50,SPG,2024-07-18,2024-08-06,141.8782,137.8826,-0.028162762038299594,13,False
Breakout_50,SPG,2024-08-12,2024-11-04,144.7533,156.8021,0.08323717800232999,59,True
Breakout_50,SPG,2024-11-11,2024-12-19,166.3453,162.3869,-0.023796322648768187,27,False
Breakout_50,SPG,2025-02-12,2025-03-07,170.2527,164.0146,-0.03663997268236474,16,False
Breakout_50,SPG,2025-07-30,2025-08-04,162.4707,155.6765,-0.04181768137090902,3,False
Breakout_50,SPG,2025-08-06,2025-10-13,164.063,172.3465,0.05048988052753489,47,True
Breakout_50,SPG,2025-12-19,2026-01-16,182.919,179.5182,-0.018591631797976294,18,False
Breakout_50,SPG,2026-01-30,2026-03-12,187.684,188.22,0.002855788438663076,28,True
Breakout_100,SPG,2020-11-10,2021-07-08,57.2224,95.6691,0.671880620925773,164,True
Breakout_100,SPG,2021-10-15,2021-12-02,109.6732,117.4599,0.07099993510961666,33,True
Breakout_100,SPG,2022-11-07,2023-02-22,96.4709,101.9457,0.05675022100278748,72,True
Breakout_100,SPG,2023-12-01,2024-02-06,110.2956,123.0523,0.11565979035844864,44,True
Breakout_100,SPG,2024-02-12,2024-04-11,131.5547,132.7984,0.00945346988153939,41,True
Breakout_100,SPG,2024-08-12,2024-11-04,144.7533,156.8021,0.08323717800232999,59,True
Breakout_100,SPG,2024-11-11,2024-12-19,166.3453,162.3869,-0.023796322648768187,27,False
Breakout_100,SPG,2025-02-12,2025-03-07,170.2527,164.0146,-0.03663997268236474,16,False
Breakout_100,SPG,2025-08-14,2025-10-13,165.4624,172.3465,0.04160556365178558,41,True
Breakout_100,SPG,2025-12-24,2026-01-16,186.0133,179.5182,-0.034917189506039614,15,False
Breakout_100,SPG,2026-01-30,2026-03-12,187.684,188.22,0.002855788438663076,28,True
Breakout_50_noSMA,SPG,2020-06-05,2020-06-29,59.8666,44.9699,-0.2488308121402676,16,False
Breakout_50_noSMA,SPG,2020-09-17,2020-09-22,52.3447,47.6207,-0.09024787712309756,3,False
Breakout_50_noSMA,SPG,2020-11-10,2021-07-08,57.2224,95.6691,0.671880620925773,164,True
Breakout_50_noSMA,SPG,2021-10-15,2021-12-02,109.6732,117.4599,0.07099993510961666,33,True
Breakout_50_noSMA,SPG,2022-08-12,2022-09-01,93.4715,82.3757,-0.11870740812488945,14,False
Breakout_50_noSMA,SPG,2022-11-02,2023-02-22,93.9205,101.9457,0.08544700471077893,75,True
Breakout_50_noSMA,SPG,2023-06-30,2023-08-17,100.8502,100.5378,-0.0030969867870924705,33,False
Breakout_50_noSMA,SPG,2023-11-06,2024-02-06,103.9446,123.0523,0.18382626795261503,62,True
Breakout_50_noSMA,SPG,2024-02-12,2024-04-11,131.5547,132.7984,0.00945346988153939,41,True
Breakout_50_noSMA,SPG,2024-06-13,2024-07-08,140.7301,134.8146,-0.0420337854345717,15,False
Breakout_50_noSMA,SPG,2024-07-18,2024-08-06,141.8782,137.8826,-0.028162762038299594,13,False
Breakout_50_noSMA,SPG,2024-08-12,2024-11-04,144.7533,156.8021,0.08323717800232999,59,True
Breakout_50_noSMA,SPG,2024-11-11,2024-12-19,166.3453,162.3869,-0.023796322648768187,27,False
Breakout_50_noSMA,SPG,2025-02-12,2025-03-07,170.2527,164.0146,-0.03663997268236474,16,False
Breakout_50_noSMA,SPG,2025-07-30,2025-08-04,162.4707,155.6765,-0.04181768137090902,3,False
Breakout_50_noSMA,SPG,2025-08-06,2025-10-13,164.063,172.3465,0.05048988052753489,47,True
Breakout_50_noSMA,SPG,2025-12-19,2026-01-16,182.919,179.5182,-0.018591631797976294,18,False
Breakout_50_noSMA,SPG,2026-01-30,2026-03-12,187.684,188.22,0.002855788438663076,28,True
Breakout_50,SPGI,2020-05-19,2020-09-08,296.5896,324.4315,0.0938735011662486,77,True
Breakout_50,SPGI,2021-03-09,2021-06-02,333.1976,358.8295,0.07692701505637323,59,True
Breakout_50,SPGI,2021-06-18,2021-09-29,383.1294,413.0972,0.07821837616013938,71,True
Breakout_50,SPGI,2021-10-27,2022-01-04,448.0324,448.5355,0.0011230135854969348,47,True
Breakout_50,SPGI,2022-12-02,2022-12-23,346.8891,320.9705,-0.07471739127780364,15,False
Breakout_50,SPGI,2023-01-13,2023-02-22,354.2277,341.8183,-0.03503222673648354,26,False
Breakout_50,SPGI,2023-05-23,2023-08-04,360.6645,376.2132,0.04311143652745675,50,True
Breakout_50,SPGI,2023-11-15,2024-02-13,396.0643,414.5449,0.04666036111459504,60,True
Breakout_50,SPGI,2024-05-20,2024-05-31,432.8375,416.4245,-0.03791952667276677,8,False
Breakout_50,SPGI,2024-06-25,2024-10-24,439.921,493.3247,0.12139367798578826,85,True
Breakout_50,SPGI,2025-02-12,2025-03-10,530.7032,485.6246,-0.08494125948267317,17,False
Breakout_50,SPGI,2025-05-20,2025-09-08,516.3016,535.4701,0.0371263916206499,75,True
Breakout_50,SPGI,2025-12-18,2026-02-04,509.6553,460.9386,-0.09558762661196007,31,False
Breakout_100,SPGI,2020-06-01,2020-09-08,310.852,324.4315,0.04368486250154846,69,True
Breakout_100,SPGI,2021-04-06,2021-06-02,351.1744,358.8295,0.02179839390599314,40,True
Breakout_100,SPGI,2021-06-18,2021-09-29,383.1294,413.0972,0.07821837616013938,71,True
Breakout_100,SPGI,2021-10-27,2022-01-04,448.0324,448.5355,0.0011230135854969348,47,True
Breakout_100,SPGI,2023-02-02,2023-02-22,371.3089,341.8183,-0.07942333329259632,13,False
Breakout_100,SPGI,2023-06-14,2023-08-04,382.7972,376.2132,-0.017199713802712235,35,False
Breakout_100,SPGI,2023-12-13,2024-02-13,421.4827,414.5449,-0.01646057749355445,41,False
Breakout_100,SPGI,2024-07-08,2024-10-24,448.2597,493.3247,0.10053312532738468,77,True
Breakout_100,SPGI,2025-02-12,2025-03-10,530.7032,485.6246,-0.08494125948267317,17,False
Breakout_100,SPGI,2025-08-01,2025-09-08,541.7348,535.4701,-0.011564209733200603,25,False
Breakout_50_noSMA,SPGI,2020-05-19,2020-09-08,296.5896,324.4315,0.0938735011662486,77,True
Breakout_50_noSMA,SPGI,2021-03-09,2021-06-02,333.1976,358.8295,0.07692701505637323,59,True
Breakout_50_noSMA,SPGI,2021-06-18,2021-09-29,383.1294,413.0972,0.07821837616013938,71,True
Breakout_50_noSMA,SPGI,2021-10-27,2022-01-04,448.0324,448.5355,0.0011230135854969348,47,True
Breakout_50_noSMA,SPGI,2022-07-29,2022-08-31,361.9365,346.4545,-0.042775498385025035,23,False
Breakout_50_noSMA,SPGI,2022-12-02,2022-12-23,346.8891,320.9705,-0.07471739127780364,15,False
Breakout_50_noSMA,SPGI,2023-01-13,2023-02-22,354.2277,341.8183,-0.03503222673648354,26,False
Breakout_50_noSMA,SPGI,2023-05-23,2023-08-04,360.6645,376.2132,0.04311143652745675,50,True
Breakout_50_noSMA,SPGI,2023-11-15,2024-02-13,396.0643,414.5449,0.04666036111459504,60,True
Breakout_50_noSMA,SPGI,2024-05-20,2024-05-31,432.8375,416.4245,-0.03791952667276677,8,False
Breakout_50_noSMA,SPGI,2024-06-25,2024-10-24,439.921,493.3247,0.12139367798578826,85,True
Breakout_50_noSMA,SPGI,2025-02-12,2025-03-10,530.7032,485.6246,-0.08494125948267317,17,False
Breakout_50_noSMA,SPGI,2025-05-20,2025-09-08,516.3016,535.4701,0.0371263916206499,75,True
Breakout_50_noSMA,SPGI,2025-12-18,2026-02-04,509.6553,460.9386,-0.09558762661196007,31,False
Breakout_50,SPY,2020-05-27,2020-09-21,277.7212,301.9182,0.0871268311884541,81,True
Breakout_50,SPY,2020-12-02,2021-02-01,338.1817,347.9086,0.028762074162451468,40,True
Breakout_50,SPY,2021-02-05,2021-03-05,361.3885,354.1831,-0.01993820009955638,19,False
Breakout_50,SPY,2021-03-16,2021-06-21,369.6459,390.5577,0.05657232376316035,67,True
Breakout_50,SPY,2021-06-25,2021-09-21,399.0846,410.3559,0.02824284061224125,60,True
Breakout_50,SPY,2021-10-22,2021-12-02,425.9605,423.7045,-0.005296398485120646,28,False
Breakout_50,SPY,2021-12-28,2022-01-14,450.6539,435.0604,-0.03460184728851945,13,False
Breakout_50,SPY,2022-08-17,2022-08-31,404.7684,380.078,-0.06099874639487646,10,False
Breakout_50,SPY,2022-12-01,2022-12-19,390.075,367.6125,-0.0575851334598354,12,False
Breakout_50,SPY,2023-02-02,2023-02-27,397.7044,383.3343,-0.036132618645212,16,False
Breakout_50,SPY,2023-05-01,2023-08-16,399.8092,427.3636,0.06891873469537657,74,True
Breakout_50,SPY,2023-11-21,2024-04-16,439.2617,492.9433,0.12220862846012581,99,True
Breakout_50,SPY,2024-05-16,2024-07-26,517.2907,531.104,0.02670322154102389,48,True
Breakout_50,SPY,2024-09-20,2024-12-19,557.8432,580.949,0.041420007683171445,63,True
Breakout_50,SPY,2025-01-24,2025-02-25,601.0903,588.6114,-0.020760478714406227,21,False
Breakout_50,SPY,2025-05-16,2025-11-18,584.5489,658.3513,0.12625522525118305,128,True
Breakout_50,SPY,2025-12-24,2026-01-21,686.0763,677.7989,-0.012064831999637926,17,False
Breakout_100,SPY,2020-07-21,2020-09-21,301.407,301.9182,0.001696087300036675,43,True
Breakout_100,SPY,2020-12-02,2021-02-01,338.1817,347.9086,0.028762074162451468,40,True
Breakout_100,SPY,2021-02-05,2021-03-05,361.3885,354.1831,-0.01993820009955638,19,False
Breakout_100,SPY,2021-03-16,2021-06-21,369.6459,390.5577,0.05657232376316035,67,True
Breakout_100,SPY,2021-06-25,2021-09-21,399.0846,410.3559,0.02824284061224125,60,True
Breakout_100,SPY,2021-10-22,2021-12-02,425.9605,423.7045,-0.005296398485120646,28,False
Breakout_100,SPY,2021-12-28,2022-01-14,450.6539,435.0604,-0.03460184728851945,13,False
Breakout_100,SPY,2023-02-02,2023-02-27,397.7044,383.3343,-0.036132618645212,16,False
Breakout_100,SPY,2023-05-19,2023-08-16,404.3321,427.3636,0.05696180728056932,60,True
Breakout_100,SPY,2023-12-04,2024-04-16,441.6074,492.9433,0.11624779682064768,91,True
Breakout_100,SPY,2024-05-16,2024-07-26,517.2907,531.104,0.02670322154102389,48,True
Breakout_100,SPY,2024-09-20,2024-12-19,557.8432,580.949,0.041420007683171445,63,True
Breakout_100,SPY,2025-01-24,2025-02-25,601.0903,588.6114,-0.020760478714406227,21,False
Breakout_100,SPY,2025-06-27,2025-11-18,607.7252,658.3513,0.08330424923121393,100,True
Breakout_100,SPY,2025-12-24,2026-01-21,686.0763,677.7989,-0.012064831999637926,17,False
Breakout_50_noSMA,SPY,2020-05-21,2020-09-21,272.8217,301.9182,0.10665035771992848,84,True
Breakout_50_noSMA,SPY,2020-12-02,2021-02-01,338.1817,347.9086,0.028762074162451468,40,True
Breakout_50_noSMA,SPY,2021-02-05,2021-03-05,361.3885,354.1831,-0.01993820009955638,19,False
Breakout_50_noSMA,SPY,2021-03-16,2021-06-21,369.6459,390.5577,0.05657232376316035,67,True
Breakout_50_noSMA,SPY,2021-06-25,2021-09-21,399.0846,410.3559,0.02824284061224125,60,True
Breakout_50_noSMA,SPY,2021-10-22,2021-12-02,425.9605,423.7045,-0.005296398485120646,28,False
Breakout_50_noSMA,SPY,2021-12-28,2022-01-14,450.6539,435.0604,-0.03460184728851945,13,False
Breakout_50_noSMA,SPY,2022-08-11,2022-08-31,401.9934,380.078,-0.05451679180614688,14,False
Breakout_50_noSMA,SPY,2022-11-25,2022-12-19,383.4524,367.6125,-0.041308758908442655,16,False
Breakout_50_noSMA,SPY,2023-02-02,2023-02-27,397.7044,383.3343,-0.036132618645212,16,False
Breakout_50_noSMA,SPY,2023-05-01,2023-08-16,399.8092,427.3636,0.06891873469537657,74,True
Breakout_50_noSMA,SPY,2023-11-21,2024-04-16,439.2617,492.9433,0.12220862846012581,99,True
Breakout_50_noSMA,SPY,2024-05-16,2024-07-26,517.2907,531.104,0.02670322154102389,48,True
Breakout_50_noSMA,SPY,2024-09-20,2024-12-19,557.8432,580.949,0.041420007683171445,63,True
Breakout_50_noSMA,SPY,2025-01-24,2025-02-25,601.0903,588.6114,-0.020760478714406227,21,False
Breakout_50_noSMA,SPY,2025-05-16,2025-11-18,584.5489,658.3513,0.12625522525118305,128,True
Breakout_50_noSMA,SPY,2025-12-24,2026-01-21,686.0763,677.7989,-0.012064831999637926,17,False
Breakout_50,SRE,2020-11-11,2020-12-11,57.2635,53.5929,-0.06409987852762267,21,False
Breakout_50,SRE,2021-03-15,2021-06-09,54.6611,58.2466,0.06559507932626896,60,True
Breakout_50,SRE,2021-06-14,2021-06-23,61.035,58.396,-0.043237557033623975,7,False
Breakout_50,SRE,2021-09-16,2021-09-21,58.8463,56.741,-0.03577688110241961,3,False
Breakout_50,SRE,2021-12-31,2022-02-24,57.5497,58.2022,0.011338734637017511,37,True
Breakout_50,SRE,2022-02-28,2022-05-11,62.3714,70.1759,0.12512926775921063,51,True
Breakout_50,SRE,2022-08-16,2022-09-26,74.4524,72.1305,-0.03118558226908219,28,False
Breakout_50,SRE,2023-12-14,2024-01-19,71.7567,68.4107,-0.046629308346265996,23,False
Breakout_50,SRE,2024-05-03,2024-11-04,68.9656,77.887,0.129360126714269,127,True
Breakout_50,SRE,2024-11-07,2024-12-18,84.286,83.6687,-0.0073247284773303445,28,False
Breakout_50,SRE,2025-07-22,2025-09-09,76.6415,77.4735,0.010855632739712684,34,True
Breakout_50,SRE,2025-09-15,2025-12-03,82.2501,89.7944,0.0917243588859844,56,True
Breakout_50,SRE,2026-02-17,2026-04-20,94.5111,94.28,-0.002445266749712127,43,False
Breakout_100,SRE,2020-11-11,2020-12-11,57.2635,53.5929,-0.06409987852762267,21,False
Breakout_100,SRE,2021-04-16,2021-06-09,58.8786,58.2466,-0.010734169704748386,37,False
Breakout_100,SRE,2021-06-14,2021-06-23,61.035,58.396,-0.043237557033623975,7,False
Breakout_100,SRE,2022-01-10,2022-02-24,60.6547,58.2022,-0.04043290115878817,31,False
Breakout_100,SRE,2022-02-28,2022-05-11,62.3714,70.1759,0.12512926775921063,51,True
Breakout_100,SRE,2022-09-08,2022-09-26,76.9553,72.1305,-0.06269581135685354,12,False
Breakout_100,SRE,2023-12-14,2024-01-19,71.7567,68.4107,-0.046629308346265996,23,False
Breakout_100,SRE,2024-05-13,2024-11-04,72.6606,77.887,0.0719278522389788,121,True
Breakout_100,SRE,2024-11-07,2024-12-18,84.286,83.6687,-0.0073247284773303445,28,False
Breakout_100,SRE,2025-07-22,2025-09-09,76.6415,77.4735,0.010855632739712684,34,True
Breakout_100,SRE,2025-09-15,2025-12-03,82.2501,89.7944,0.0917243588859844,56,True
Breakout_100,SRE,2026-04-06,2026-04-20,98.29,94.28,-0.04079766099174986,10,False
Breakout_50_noSMA,SRE,2020-06-08,2020-06-12,55.7354,52.6745,-0.05491822453772066,4,False
Breakout_50_noSMA,SRE,2020-11-11,2020-12-11,57.2635,53.5929,-0.06409987852762267,21,False
Breakout_50_noSMA,SRE,2021-03-15,2021-06-09,54.6611,58.2466,0.06559507932626896,60,True
Breakout_50_noSMA,SRE,2021-06-14,2021-06-23,61.035,58.396,-0.043237557033623975,7,False
Breakout_50_noSMA,SRE,2021-09-16,2021-09-21,58.8463,56.741,-0.03577688110241961,3,False
Breakout_50_noSMA,SRE,2021-12-31,2022-02-24,57.5497,58.2022,0.011338734637017511,37,True
Breakout_50_noSMA,SRE,2022-02-28,2022-05-11,62.3714,70.1759,0.12512926775921063,51,True
Breakout_50_noSMA,SRE,2022-08-16,2022-09-26,74.4524,72.1305,-0.03118558226908219,28,False
Breakout_50_noSMA,SRE,2023-12-14,2024-01-19,71.7567,68.4107,-0.046629308346265996,23,False
Breakout_50_noSMA,SRE,2024-05-03,2024-11-04,68.9656,77.887,0.129360126714269,127,True
Breakout_50_noSMA,SRE,2024-11-07,2024-12-18,84.286,83.6687,-0.0073247284773303445,28,False
Breakout_50_noSMA,SRE,2025-05-19,2025-06-16,75.0995,72.6152,-0.03307919195645703,19,False
Breakout_50_noSMA,SRE,2025-07-22,2025-09-09,76.6415,77.4735,0.010855632739712684,34,True
Breakout_50_noSMA,SRE,2025-09-15,2025-12-03,82.2501,89.7944,0.0917243588859844,56,True
Breakout_50_noSMA,SRE,2026-02-17,2026-04-20,94.5111,94.28,-0.002445266749712127,43,False
Breakout_50,STLD,2020-06-08,2020-06-29,26.3221,23.1473,-0.12061466276585209,15,False
Breakout_50,STLD,2020-08-11,2020-09-24,28.1431,26.1846,-0.06958777183472153,31,False
Breakout_50,STLD,2020-10-09,2021-01-27,30.2997,33.0596,0.09108469814249398,74,True
Breakout_50,STLD,2021-02-24,2021-06-21,39.5039,54.5468,0.38079308666046874,81,True
Breakout_50,STLD,2021-08-11,2021-09-14,64.7642,59.6979,-0.07822576749988652,23,False
Breakout_50,STLD,2022-02-28,2022-05-06,63.4725,76.2482,0.20127900287751266,48,True
Breakout_50,STLD,2022-08-26,2022-09-15,82.3299,73.6078,-0.10594059555441915,13,False
Breakout_50,STLD,2022-10-24,2022-12-29,88.1441,95.3689,0.08196607349290219,46,True
Breakout_50,STLD,2023-01-27,2023-03-14,114.5858,113.2316,-0.011818465780493281,31,False
Breakout_50,STLD,2023-10-11,2023-10-19,105.933,101.1464,-0.04518546182173322,6,False
Breakout_50,STLD,2023-11-03,2024-01-10,109.8318,109.522,-0.002820986485052468,45,False
Breakout_50,STLD,2024-02-27,2024-04-24,126.7313,137.0448,0.08138039471669156,40,True
Breakout_50,STLD,2024-10-18,2024-12-11,133.8562,132.809,-0.007823233434131605,37,False
Breakout_50,STLD,2025-09-17,2026-03-09,138.1638,178.697,0.29337021554516785,118,True
Breakout_100,STLD,2020-08-11,2020-09-24,28.1431,26.1846,-0.06958777183472153,31,False
Breakout_100,STLD,2020-10-09,2021-01-27,30.2997,33.0596,0.09108469814249398,74,True
Breakout_100,STLD,2021-02-24,2021-06-21,39.5039,54.5468,0.38079308666046874,81,True
Breakout_100,STLD,2021-08-11,2021-09-14,64.7642,59.6979,-0.07822576749988652,23,False
Breakout_100,STLD,2022-02-28,2022-05-06,63.4725,76.2482,0.20127900287751266,48,True
Breakout_100,STLD,2022-10-24,2022-12-29,88.1441,95.3689,0.08196607349290219,46,True
Breakout_100,STLD,2023-01-27,2023-03-14,114.5858,113.2316,-0.011818465780493281,31,False
Breakout_100,STLD,2023-11-03,2024-01-10,109.8318,109.522,-0.002820986485052468,45,False
Breakout_100,STLD,2024-02-27,2024-04-24,126.7313,137.0448,0.08138039471669156,40,True
Breakout_100,STLD,2024-11-07,2024-12-11,151.5706,132.809,-0.12378122798968205,23,False
Breakout_100,STLD,2025-10-03,2026-03-09,144.1002,178.697,0.240088008817686,106,True
Breakout_50_noSMA,STLD,2020-05-28,2020-06-29,24.6074,23.1473,-0.059336795792690356,22,False
Breakout_50_noSMA,STLD,2020-08-11,2020-09-24,28.1431,26.1846,-0.06958777183472153,31,False
Breakout_50_noSMA,STLD,2020-10-09,2021-01-27,30.2997,33.0596,0.09108469814249398,74,True
Breakout_50_noSMA,STLD,2021-02-24,2021-06-21,39.5039,54.5468,0.38079308666046874,81,True
Breakout_50_noSMA,STLD,2021-08-11,2021-09-14,64.7642,59.6979,-0.07822576749988652,23,False
Breakout_50_noSMA,STLD,2022-02-28,2022-05-06,63.4725,76.2482,0.20127900287751266,48,True
Breakout_50_noSMA,STLD,2022-08-26,2022-09-15,82.3299,73.6078,-0.10594059555441915,13,False
Breakout_50_noSMA,STLD,2022-10-24,2022-12-29,88.1441,95.3689,0.08196607349290219,46,True
Breakout_50_noSMA,STLD,2023-01-27,2023-03-14,114.5858,113.2316,-0.011818465780493281,31,False
Breakout_50_noSMA,STLD,2023-10-11,2023-10-19,105.933,101.1464,-0.04518546182173322,6,False
Breakout_50_noSMA,STLD,2023-11-03,2024-01-10,109.8318,109.522,-0.002820986485052468,45,False
Breakout_50_noSMA,STLD,2024-02-27,2024-04-24,126.7313,137.0448,0.08138039471669156,40,True
Breakout_50_noSMA,STLD,2024-10-18,2024-12-11,133.8562,132.809,-0.007823233434131605,37,False
Breakout_50_noSMA,STLD,2025-09-17,2026-03-09,138.1638,178.697,0.29337021554516785,118,True
Breakout_50,STZ,2020-06-08,2020-06-29,166.5368,154.2596,-0.07372073377314692,15,False
Breakout_50,STZ,2020-09-04,2020-10-07,174.1277,165.8888,-0.0473150599706158,22,False
Breakout_50,STZ,2020-11-10,2021-01-28,185.6793,195.6913,0.05392097432401144,53,True
Breakout_50,STZ,2021-02-11,2021-02-26,220.5685,200.7539,-0.08983426254492899,10,False
Breakout_50,STZ,2021-05-04,2021-05-13,223.1749,211.1545,-0.05386077308987869,7,False
Breakout_50,STZ,2021-11-12,2022-01-26,208.7271,220.2098,0.05501260411636988,50,True
Breakout_50,STZ,2022-04-08,2022-05-19,225.0291,219.5301,-0.02443668348560779,28,False
Breakout_50,STZ,2022-08-23,2022-09-14,237.8346,225.7696,-0.05072862213851059,15,False
Breakout_50,STZ,2022-11-22,2022-12-15,239.1776,223.4724,-0.06566332631649208,16,False
Breakout_50,STZ,2023-05-19,2023-08-23,220.9659,245.3947,0.11055457533918234,65,True
Breakout_50,STZ,2024-01-08,2024-02-09,236.6236,232.0188,-0.01946021853195623,23,False
Breakout_50,STZ,2024-03-12,2024-05-01,250.7277,241.6364,-0.03625961290408797,35,False
Breakout_50,STZ,2024-09-30,2024-10-04,250.1486,234.3442,-0.06317985337979282,4,False
Breakout_50,STZ,2026-01-16,2026-02-17,155.5675,150.16,-0.03475987797417046,20,False
Breakout_100,STZ,2020-09-04,2020-10-07,174.1277,165.8888,-0.0473150599706158,22,False
Breakout_100,STZ,2020-11-10,2021-01-28,185.6793,195.6913,0.05392097432401144,53,True
Breakout_100,STZ,2021-02-11,2021-02-26,220.5685,200.7539,-0.08983426254492899,10,False
Breakout_100,STZ,2021-05-04,2021-05-13,223.1749,211.1545,-0.05386077308987869,7,False
Breakout_100,STZ,2021-11-19,2022-01-26,220.5622,220.2098,-0.0015978703409953443,45,False
Breakout_100,STZ,2022-04-21,2022-05-19,241.6011,219.5301,-0.09135295391002074,20,False
Breakout_100,STZ,2022-12-05,2022-12-15,240.8694,223.4724,-0.07222579087463754,8,False
Breakout_100,STZ,2023-05-22,2023-08-23,223.0868,245.3947,0.099996638236729,64,True
Breakout_100,STZ,2024-03-12,2024-05-01,250.7277,241.6364,-0.03625961290408797,35,False
Breakout_100,STZ,2026-01-21,2026-02-17,162.3633,150.16,-0.0751602462788129,18,False
Breakout_50_noSMA,STZ,2020-05-27,2020-06-29,162.644,154.2596,-0.05155088202252078,23,False
Breakout_50_noSMA,STZ,2020-09-04,2020-10-07,174.1277,165.8888,-0.0473150599706158,22,False
Breakout_50_noSMA,STZ,2020-11-10,2021-01-28,185.6793,195.6913,0.05392097432401144,53,True
Breakout_50_noSMA,STZ,2021-02-11,2021-02-26,220.5685,200.7539,-0.08983426254492899,10,False
Breakout_50_noSMA,STZ,2021-05-04,2021-05-13,223.1749,211.1545,-0.05386077308987869,7,False
Breakout_50_noSMA,STZ,2021-11-08,2022-01-26,206.5382,220.2098,0.06619383766121589,54,True
Breakout_50_noSMA,STZ,2022-04-08,2022-05-19,225.0291,219.5301,-0.02443668348560779,28,False
Breakout_50_noSMA,STZ,2022-08-23,2022-09-14,237.8346,225.7696,-0.05072862213851059,15,False
Breakout_50_noSMA,STZ,2022-11-22,2022-12-15,239.1776,223.4724,-0.06566332631649208,16,False
Breakout_50_noSMA,STZ,2023-05-02,2023-08-23,216.4273,245.3947,0.13384360307425514,78,True
Breakout_50_noSMA,STZ,2024-01-08,2024-02-09,236.6236,232.0188,-0.01946021853195623,23,False
Breakout_50_noSMA,STZ,2024-03-12,2024-05-01,250.7277,241.6364,-0.03625961290408797,35,False
Breakout_50_noSMA,STZ,2024-09-30,2024-10-04,250.1486,234.3442,-0.06317985337979282,4,False
Breakout_50_noSMA,STZ,2025-05-09,2025-05-29,187.1067,175.7868,-0.06049966266970486,13,False
Breakout_50_noSMA,STZ,2025-12-11,2025-12-22,147.6391,133.9283,-0.09286674412753271,7,False
Breakout_50_noSMA,STZ,2026-01-13,2026-02-17,150.57,150.16,-0.002723139994776025,23,False
Breakout_50,SYK,2020-06-04,2020-06-12,186.6522,177.413,-0.04949960526957997,6,False
Breakout_50,SYK,2020-09-10,2020-10-29,193.5836,193.6216,0.0001959318238342611,35,True
Breakout_50,SYK,2020-11-10,2021-01-28,219.7892,220.2046,0.0018900220153239555,53,True
Breakout_50,SYK,2021-02-16,2021-03-05,234.3551,225.0256,-0.03980927481263863,13,False
Breakout_50,SYK,2021-04-12,2021-05-13,239.3066,233.1909,-0.025555588213214908,23,False
Breakout_50,SYK,2021-07-28,2021-08-10,260.5059,245.2749,-0.058466754620849826,9,False
Breakout_50,SYK,2021-09-01,2021-09-29,264.3517,255.6812,-0.032799197299504645,19,False
Breakout_50,SYK,2022-01-05,2022-01-19,264.642,249.4411,-0.057439409674277964,9,False
Breakout_50,SYK,2022-03-30,2022-04-19,259.8124,249.723,-0.038833352581557956,13,False
Breakout_50,SYK,2022-04-21,2022-04-25,265.9313,237.466,-0.10703986126436094,2,False
Breakout_50,SYK,2022-11-28,2023-05-18,222.7419,275.858,0.23846470960319954,118,True
Breakout_50,SYK,2023-12-04,2024-04-11,288.8129,342.6556,0.18642769377398594,88,True
Breakout_50,SYK,2024-08-23,2024-10-08,345.7152,342.9255,-0.008069375777014387,31,False
Breakout_50,SYK,2024-11-12,2024-12-17,376.0311,366.3301,-0.02579826787614714,24,False
Breakout_50,SYK,2025-01-28,2025-03-10,395.8679,371.0057,-0.06280420964041789,28,False
Breakout_50,SYK,2025-05-19,2025-06-20,388.6012,371.3081,-0.044501012874733736,22,False
Breakout_50,SYK,2025-07-01,2025-08-04,391.8444,376.0428,-0.04032628443051589,23,False
Breakout_50,SYK,2026-02-23,2026-03-09,379.2638,359.7865,-0.05135556279326736,10,False
Breakout_100,SYK,2020-09-16,2020-10-29,199.5092,193.6216,-0.02951073168559204,31,False
Breakout_100,SYK,2020-11-10,2021-01-28,219.7892,220.2046,0.0018900220153239555,53,True
Breakout_100,SYK,2021-02-16,2021-03-05,234.3551,225.0256,-0.03980927481263863,13,False
Breakout_100,SYK,2021-04-12,2021-05-13,239.3066,233.1909,-0.025555588213214908,23,False
Breakout_100,SYK,2021-07-28,2021-08-10,260.5059,245.2749,-0.058466754620849826,9,False
Breakout_100,SYK,2021-09-01,2021-09-29,264.3517,255.6812,-0.032799197299504645,19,False
Breakout_100,SYK,2022-11-28,2023-05-18,222.7419,275.858,0.23846470960319954,118,True
Breakout_100,SYK,2024-01-10,2024-04-11,298.6349,342.6556,0.14740660812078565,63,True
Breakout_100,SYK,2024-08-27,2024-10-08,349.0104,342.9255,-0.017434896338421102,29,False
Breakout_100,SYK,2024-11-12,2024-12-17,376.0311,366.3301,-0.02579826787614714,24,False
Breakout_100,SYK,2025-01-28,2025-03-10,395.8679,371.0057,-0.06280420964041789,28,False
Breakout_100,SYK,2025-07-24,2025-08-04,398.1174,376.0428,-0.05544752708677814,7,False
Breakout_50_noSMA,SYK,2020-06-04,2020-06-12,186.6522,177.413,-0.04949960526957997,6,False
Breakout_50_noSMA,SYK,2020-09-10,2020-10-29,193.5836,193.6216,0.0001959318238342611,35,True
Breakout_50_noSMA,SYK,2020-11-10,2021-01-28,219.7892,220.2046,0.0018900220153239555,53,True
Breakout_50_noSMA,SYK,2021-02-16,2021-03-05,234.3551,225.0256,-0.03980927481263863,13,False
Breakout_50_noSMA,SYK,2021-04-12,2021-05-13,239.3066,233.1909,-0.025555588213214908,23,False
Breakout_50_noSMA,SYK,2021-07-28,2021-08-10,260.5059,245.2749,-0.058466754620849826,9,False
Breakout_50_noSMA,SYK,2021-09-01,2021-09-29,264.3517,255.6812,-0.032799197299504645,19,False
Breakout_50_noSMA,SYK,2022-01-05,2022-01-19,264.642,249.4411,-0.057439409674277964,9,False
Breakout_50_noSMA,SYK,2022-03-30,2022-04-19,259.8124,249.723,-0.038833352581557956,13,False
Breakout_50_noSMA,SYK,2022-04-21,2022-04-25,265.9313,237.466,-0.10703986126436094,2,False
Breakout_50_noSMA,SYK,2022-09-12,2022-09-22,221.7107,204.0882,-0.07948431336755057,8,False
Breakout_50_noSMA,SYK,2022-11-28,2023-05-18,222.7419,275.858,0.23846470960319954,118,True
Breakout_50_noSMA,SYK,2023-12-04,2024-04-11,288.8129,342.6556,0.18642769377398594,88,True
Breakout_50_noSMA,SYK,2024-08-23,2024-10-08,345.7152,342.9255,-0.008069375777014387,31,False
Breakout_50_noSMA,SYK,2024-11-12,2024-12-17,376.0311,366.3301,-0.02579826787614714,24,False
Breakout_50_noSMA,SYK,2025-01-28,2025-03-10,395.8679,371.0057,-0.06280420964041789,28,False
Breakout_50_noSMA,SYK,2025-05-19,2025-06-20,388.6012,371.3081,-0.044501012874733736,22,False
Breakout_50_noSMA,SYK,2025-07-01,2025-08-04,391.8444,376.0428,-0.04032628443051589,23,False
Breakout_50_noSMA,SYK,2026-02-23,2026-03-09,379.2638,359.7865,-0.05135556279326736,10,False
Breakout_50,T,2020-11-25,2020-12-23,15.4555,15.0438,-0.026639411571489746,19,False
Breakout_50,T,2021-04-07,2021-05-19,16.7544,16.0527,-0.0418784924296689,30,False
Breakout_50,T,2022-01-10,2022-01-27,15.7397,14.35,-0.08829076977006112,12,False
Breakout_50,T,2022-04-12,2022-06-14,15.596,15.925,0.021094880917033265,43,True
Breakout_50,T,2022-10-31,2022-12-20,15.1597,14.7466,-0.027248051202525603,35,False
Breakout_50,T,2023-01-09,2023-02-10,16.1245,15.9485,-0.010914499018353285,23,False
Breakout_50,T,2023-11-21,2024-02-23,14.1679,14.9008,0.05172886107918351,63,True
Breakout_50,T,2024-05-31,2024-12-19,15.9645,21.0746,0.3200916767282711,140,True
Breakout_50,T,2025-01-28,2025-04-22,22.8117,24.9127,0.09210143695721174,58,True
Breakout_50,T,2025-07-01,2025-07-14,27.7777,26.1487,-0.05864136431760725,8,False
Breakout_50,T,2025-08-21,2025-09-25,28.3068,27.581,-0.025640980407121927,24,False
Breakout_50,T,2026-02-03,2026-04-09,25.8396,26.948,0.04289542331743901,45,True
Breakout_100,T,2020-12-09,2020-12-23,16.3635,15.0438,-0.08064525584076221,10,False
Breakout_100,T,2021-04-23,2021-05-19,17.3955,16.0527,-0.07719206601210149,18,False
Breakout_100,T,2022-01-14,2022-01-27,15.8769,14.35,-0.09616825931486783,8,False
Breakout_100,T,2022-05-18,2022-06-14,16.4296,15.925,-0.03071669751691042,18,False
Breakout_100,T,2023-01-09,2023-02-10,16.1245,15.9485,-0.010914499018353285,23,False
Breakout_100,T,2023-11-21,2024-02-23,14.1679,14.9008,0.05172886107918351,63,True
Breakout_100,T,2024-06-03,2024-12-19,16.5109,21.0746,0.27640443410629056,139,True
Breakout_100,T,2025-01-28,2025-04-22,22.8117,24.9127,0.09210143695721174,58,True
Breakout_100,T,2025-07-01,2025-07-14,27.7777,26.1487,-0.05864136431760725,8,False
Breakout_100,T,2025-08-21,2025-09-25,28.3068,27.581,-0.025640980407121927,24,False
Breakout_100,T,2026-02-13,2026-04-09,28.3829,26.948,-0.05055792183683294,37,False
Breakout_50_noSMA,T,2020-06-08,2020-06-18,16.6184,15.1379,-0.08909083022061393,8,False
Breakout_50_noSMA,T,2020-11-25,2020-12-23,15.4555,15.0438,-0.026639411571489746,19,False
Breakout_50_noSMA,T,2021-04-07,2021-05-19,16.7544,16.0527,-0.0418784924296689,30,False
Breakout_50_noSMA,T,2022-01-06,2022-01-27,15.5105,14.35,-0.07481811657123194,14,False
Breakout_50_noSMA,T,2022-04-12,2022-06-14,15.596,15.925,0.021094880917033265,43,True
Breakout_50_noSMA,T,2022-10-31,2022-12-20,15.1597,14.7466,-0.027248051202525603,35,False
Breakout_50_noSMA,T,2023-01-09,2023-02-10,16.1245,15.9485,-0.010914499018353285,23,False
Breakout_50_noSMA,T,2023-09-21,2023-10-19,13.3314,13.5508,0.01645851514792085,20,True
Breakout_50_noSMA,T,2023-11-21,2024-02-23,14.1679,14.9008,0.05172886107918351,63,True
Breakout_50_noSMA,T,2024-05-31,2024-12-19,15.9645,21.0746,0.3200916767282711,140,True
Breakout_50_noSMA,T,2025-01-28,2025-04-22,22.8117,24.9127,0.09210143695721174,58,True
Breakout_50_noSMA,T,2025-07-01,2025-07-14,27.7777,26.1487,-0.05864136431760725,8,False
Breakout_50_noSMA,T,2025-08-21,2025-09-25,28.3068,27.581,-0.025640980407121927,24,False
Breakout_50_noSMA,T,2026-02-02,2026-04-09,26.0177,26.948,0.03575501850680696,46,True
Breakout_50,TGT,2020-05-11,2020-07-09,99.221,100.2933,0.010806911445585321,41,True
Breakout_50,TGT,2020-08-03,2020-10-30,108.0121,131.5595,0.21800755225765123,63,True
Breakout_50,TGT,2020-11-19,2021-01-28,145.3636,153.3077,0.054649842014943495,46,True
Breakout_50,TGT,2021-03-29,2021-08-19,173.0158,212.8574,0.2302773563220557,100,True
Breakout_50,TGT,2021-11-16,2021-11-23,229.7173,214.5629,-0.06596973324188915,5,False
Breakout_50,TGT,2022-04-18,2022-05-10,206.6239,198.7727,-0.037997879931013445,16,False
Breakout_50,TGT,2022-11-16,2022-11-17,133.6559,136.8937,0.024224341461385634,1,True
Breakout_50,TGT,2023-02-01,2023-03-08,153.5103,146.2067,-0.04757745934186908,24,False
Breakout_50,TGT,2023-12-04,2024-04-29,123.5881,152.777,0.23617862102757603,100,True
Breakout_50,TGT,2024-08-22,2024-10-22,150.5134,141.2322,-0.06166361435053935,42,False
Breakout_100,TGT,2020-08-04,2020-10-30,109.2331,131.5595,0.2043925486005862,62,True
Breakout_100,TGT,2020-11-19,2021-01-28,145.3636,153.3077,0.054649842014943495,46,True
Breakout_100,TGT,2021-03-29,2021-08-19,173.0158,212.8574,0.2302773563220557,100,True
Breakout_100,TGT,2023-02-03,2023-03-08,158.1127,146.2067,-0.07530095858357955,22,False
Breakout_100,TGT,2023-12-12,2024-04-29,126.065,152.777,0.21189038474590238,94,True
Breakout_50_noSMA,TGT,2020-05-11,2020-07-09,99.221,100.2933,0.010806911445585321,41,True
Breakout_50_noSMA,TGT,2020-08-03,2020-10-30,108.0121,131.5595,0.21800755225765123,63,True
Breakout_50_noSMA,TGT,2020-11-19,2021-01-28,145.3636,153.3077,0.054649842014943495,46,True
Breakout_50_noSMA,TGT,2021-03-29,2021-08-19,173.0158,212.8574,0.2302773563220557,100,True
Breakout_50_noSMA,TGT,2021-11-16,2021-11-23,229.7173,214.5629,-0.06596973324188915,5,False
Breakout_50_noSMA,TGT,2022-04-11,2022-05-10,204.6238,198.7727,-0.02859472526720852,20,False
Breakout_50_noSMA,TGT,2022-08-16,2022-09-21,156.9853,142.7058,-0.09096061181345805,25,False
Breakout_50_noSMA,TGT,2022-11-16,2022-11-17,133.6559,136.8937,0.024224341461385634,1,True
Breakout_50_noSMA,TGT,2023-02-01,2023-03-08,153.5103,146.2067,-0.04757745934186908,24,False
Breakout_50_noSMA,TGT,2023-11-16,2024-04-29,117.1794,152.777,0.3037868684478,111,True
Breakout_50_noSMA,TGT,2024-08-22,2024-10-22,150.5134,141.2322,-0.06166361435053935,42,False
Breakout_50_noSMA,TGT,2025-07-02,2025-08-05,100.8611,96.7701,-0.04055998746420042,23,False
Breakout_50,TJX,2020-06-08,2020-06-26,53.5938,46.9732,-0.12353153813789541,14,False
Breakout_50,TJX,2020-08-18,2020-08-21,54.6401,48.1307,-0.11913247556592521,3,False
Breakout_50,TJX,2020-11-10,2021-01-26,57.2327,60.9921,0.06568542022097001,51,True
Breakout_50,TJX,2021-04-30,2021-05-20,66.1674,63.4315,-0.041348298112008575,14,False
Breakout_50,TJX,2021-08-11,2021-09-10,66.9494,65.4889,-0.02181499515454477,21,False
Breakout_50,TJX,2021-11-18,2022-01-18,69.1634,66.0059,-0.04565231822358995,40,False
Breakout_50,TJX,2022-08-15,2022-09-22,62.1611,60.0271,-0.03432927823307863,27,False
Breakout_50,TJX,2022-10-26,2023-02-08,67.4103,76.2555,0.1312147083396693,71,True
Breakout_50,TJX,2023-06-28,2023-09-26,79.8198,85.568,0.07201401611360803,62,True
Breakout_50,TJX,2024-01-02,2024-03-08,90.4395,93.4093,0.03283751674575752,46,True
Breakout_50,TJX,2024-06-04,2024-08-06,102.8159,106.9356,0.040068465297190325,43,True
Breakout_50,TJX,2024-08-22,2024-10-04,116.8684,113.029,-0.03285162805937547,30,False
Breakout_50,TJX,2024-11-14,2025-01-08,118.3739,118.364,-8.319568416503831e-05,36,False
Breakout_50,TJX,2025-04-15,2025-06-10,128.9373,124.5887,-0.033726510024134626,38,False
Breakout_50,TJX,2025-08-07,2025-11-03,131.5367,139.5812,0.06115828769861609,61,True
Breakout_50,TJX,2025-11-11,2026-01-27,146.3525,150.0757,0.02543998972514716,51,True
Breakout_50,TJX,2026-04-10,2026-04-17,164.43,158.58,-0.03557739527642878,5,False
Breakout_100,TJX,2020-08-18,2020-08-21,54.6401,48.1307,-0.11913247556592521,3,False
Breakout_100,TJX,2020-11-10,2021-01-26,57.2327,60.9921,0.06568542022097001,51,True
Breakout_100,TJX,2021-04-30,2021-05-20,66.1674,63.4315,-0.041348298112008575,14,False
Breakout_100,TJX,2021-08-24,2021-09-10,70.4696,65.4889,-0.07067861553794752,12,False
Breakout_100,TJX,2022-08-18,2022-09-22,64.5713,60.0271,-0.07037477673687009,24,False
Breakout_100,TJX,2022-10-26,2023-02-08,67.4103,76.2555,0.1312147083396693,71,True
Breakout_100,TJX,2023-06-28,2023-09-26,79.8198,85.568,0.07201401611360803,62,True
Breakout_100,TJX,2024-01-02,2024-03-08,90.4395,93.4093,0.03283751674575752,46,True
Breakout_100,TJX,2024-06-04,2024-08-06,102.8159,106.9356,0.040068465297190325,43,True
Breakout_100,TJX,2024-08-22,2024-10-04,116.8684,113.029,-0.03285162805937547,30,False
Breakout_100,TJX,2024-11-26,2025-01-08,123.1608,118.364,-0.03894753778304094,28,False
Breakout_100,TJX,2025-04-15,2025-06-10,128.9373,124.5887,-0.033726510024134626,38,False
Breakout_100,TJX,2025-08-21,2025-11-03,135.6836,139.5812,0.02872628478575545,51,True
Breakout_100,TJX,2025-11-11,2026-01-27,146.3525,150.0757,0.02543998972514716,51,True
Breakout_100,TJX,2026-04-10,2026-04-17,164.43,158.58,-0.03557739527642878,5,False
Breakout_50_noSMA,TJX,2020-05-27,2020-06-26,52.1585,46.9732,-0.09941419164425136,22,False
Breakout_50_noSMA,TJX,2020-08-18,2020-08-21,54.6401,48.1307,-0.11913247556592521,3,False
Breakout_50_noSMA,TJX,2020-11-10,2021-01-26,57.2327,60.9921,0.06568542022097001,51,True
Breakout_50_noSMA,TJX,2021-04-30,2021-05-20,66.1674,63.4315,-0.041348298112008575,14,False
Breakout_50_noSMA,TJX,2021-08-11,2021-09-10,66.9494,65.4889,-0.02181499515454477,21,False
Breakout_50_noSMA,TJX,2021-11-18,2022-01-18,69.1634,66.0059,-0.04565231822358995,40,False
Breakout_50_noSMA,TJX,2022-08-12,2022-09-22,61.418,60.0271,-0.02264622095421187,28,False
Breakout_50_noSMA,TJX,2022-10-26,2023-02-08,67.4103,76.2555,0.1312147083396693,71,True
Breakout_50_noSMA,TJX,2023-06-28,2023-09-26,79.8198,85.568,0.07201401611360803,62,True
Breakout_50_noSMA,TJX,2024-01-02,2024-03-08,90.4395,93.4093,0.03283751674575752,46,True
Breakout_50_noSMA,TJX,2024-06-04,2024-08-06,102.8159,106.9356,0.040068465297190325,43,True
Breakout_50_noSMA,TJX,2024-08-22,2024-10-04,116.8684,113.029,-0.03285162805937547,30,False
Breakout_50_noSMA,TJX,2024-11-14,2025-01-08,118.3739,118.364,-8.319568416503831e-05,36,False
Breakout_50_noSMA,TJX,2025-04-15,2025-06-10,128.9373,124.5887,-0.033726510024134626,38,False
Breakout_50_noSMA,TJX,2025-08-07,2025-11-03,131.5367,139.5812,0.06115828769861609,61,True
Breakout_50_noSMA,TJX,2025-11-11,2026-01-27,146.3525,150.0757,0.02543998972514716,51,True
Breakout_50_noSMA,TJX,2026-04-10,2026-04-17,164.43,158.58,-0.03557739527642878,5,False
Breakout_50,TLT,2020-02-28,2020-03-19,128.9126,122.8338,-0.047154684988058526,14,False
Breakout_50,TLT,2020-07-24,2020-08-14,142.0095,137.7934,-0.02968876532055975,15,False
Breakout_50,TLT,2021-07-08,2021-09-08,126.903,126.1767,-0.005723210184491401,43,False
Breakout_50,TLT,2021-12-02,2021-12-30,131.1719,126.4423,-0.036056380234883556,19,False
Breakout_50,TLT,2023-12-14,2024-01-19,88.8162,85.2239,-0.040446647484650544,23,False
Breakout_50,TLT,2024-06-14,2024-07-02,87.3035,84.1121,-0.03655557221739836,11,False
Breakout_50,TLT,2024-08-01,2024-10-04,88.5433,89.3995,0.009670169031999576,45,True
Breakout_50,TLT,2025-03-03,2025-03-28,87.129,85.6707,-0.016737964319140874,19,False
Breakout_50,TLT,2025-04-07,2025-04-09,87.8918,83.4819,-0.05017410574351722,2,False
Breakout_50,TLT,2025-08-05,2025-08-19,85.3006,83.9412,-0.015936206455881008,10,False
Breakout_50,TLT,2025-09-08,2025-11-06,86.9115,87.9119,0.011510624945380243,43,True
Breakout_50,TLT,2026-02-13,2026-03-12,88.9774,86.5641,-0.027122570699446458,18,False
Breakout_100,TLT,2020-02-28,2020-03-19,128.9126,122.8338,-0.047154684988058526,14,False
Breakout_100,TLT,2020-08-05,2020-08-14,143.0507,137.7934,-0.036750906146677864,7,False
Breakout_100,TLT,2021-07-09,2021-09-08,125.1897,126.1767,0.007884034704223275,42,True
Breakout_100,TLT,2021-12-02,2021-12-30,131.1719,126.4423,-0.036056380234883556,19,False
Breakout_100,TLT,2023-12-21,2024-01-19,90.7079,85.2239,-0.06045743762610101,18,False
Breakout_100,TLT,2024-08-02,2024-10-04,90.2743,89.3995,-0.009690261220231977,44,False
Breakout_100,TLT,2025-09-08,2025-11-06,86.9115,87.9119,0.011510624945380243,43,True
Breakout_50_noSMA,TLT,2020-02-28,2020-03-19,128.9126,122.8338,-0.047154684988058526,14,False
Breakout_50_noSMA,TLT,2020-07-24,2020-08-14,142.0095,137.7934,-0.02968876532055975,15,False
Breakout_50_noSMA,TLT,2021-06-10,2021-09-08,119.8849,126.1767,0.052481526229077646,62,True
Breakout_50_noSMA,TLT,2021-12-02,2021-12-30,131.1719,126.4423,-0.036056380234883556,19,False
Breakout_50_noSMA,TLT,2022-08-02,2022-08-12,104.3669,99.9803,-0.04203079415829103,8,False
Breakout_50_noSMA,TLT,2022-12-05,2022-12-28,92.7987,88.4617,-0.046735865737918436,16,False
Breakout_50_noSMA,TLT,2023-12-04,2024-01-19,83.8443,85.2239,0.016454544149940187,31,True
Breakout_50_noSMA,TLT,2024-06-14,2024-07-02,87.3035,84.1121,-0.03655557221739836,11,False
Breakout_50_noSMA,TLT,2024-08-01,2024-10-04,88.5433,89.3995,0.009670169031999576,45,True
Breakout_50_noSMA,TLT,2025-03-03,2025-03-28,87.129,85.6707,-0.016737964319140874,19,False
Breakout_50_noSMA,TLT,2025-04-07,2025-04-09,87.8918,83.4819,-0.05017410574351722,2,False
Breakout_50_noSMA,TLT,2025-08-05,2025-08-19,85.3006,83.9412,-0.015936206455881008,10,False
Breakout_50_noSMA,TLT,2025-09-08,2025-11-06,86.9115,87.9119,0.011510624945380243,43,True
Breakout_50_noSMA,TLT,2026-02-13,2026-03-12,88.9774,86.5641,-0.027122570699446458,18,False
Breakout_50,TMO,2020-04-28,2020-09-09,337.3543,404.428,0.1988228045434406,93,True
Breakout_50,TMO,2020-10-12,2020-11-19,459.0353,452.2845,-0.014706502692748535,28,False
Breakout_50,TMO,2021-06-29,2022-01-05,498.2984,610.558,0.2252858246134246,132,True
Breakout_50,TMO,2022-04-08,2022-04-25,602.9918,540.2114,-0.10411484391921655,10,False
Breakout_50,TMO,2022-07-28,2022-08-30,583.5141,551.339,-0.05514023340429519,23,False
Breakout_50,TMO,2022-12-01,2023-01-09,561.7585,533.4285,-0.05043087657608525,25,False
Breakout_50,TMO,2023-01-18,2023-02-17,585.3021,547.4689,-0.06463885375793854,22,False
Breakout_50,TMO,2023-07-24,2023-08-17,555.2069,526.3065,-0.05205336319756404,18,False
Breakout_50,TMO,2024-01-03,2024-04-15,538.8968,566.9783,0.052109222048477344,70,True
Breakout_50,TMO,2024-07-29,2024-09-26,600.6975,601.3876,0.0011489079426600934,42,True
Breakout_50,TMO,2025-01-22,2025-02-12,568.1073,536.6598,-0.05535501244989738,15,False
Breakout_50,TMO,2025-08-18,2025-09-24,488.8392,467.0866,-0.04449845054871249,26,False
Breakout_50,TMO,2025-10-02,2025-12-18,524.7962,561.8945,0.07069097051644846,54,True
Breakout_50,TMO,2026-01-06,2026-01-30,605.4614,581.1554,-0.0401446080824609,17,False
Breakout_100,TMO,2020-04-28,2020-09-09,337.3543,404.428,0.1988228045434406,93,True
Breakout_100,TMO,2020-10-12,2020-11-19,459.0353,452.2845,-0.014706502692748535,28,False
Breakout_100,TMO,2021-07-06,2022-01-05,509.0184,610.558,0.19948121806952845,128,True
Breakout_100,TMO,2023-01-18,2023-02-17,585.3021,547.4689,-0.06463885375793854,22,False
Breakout_100,TMO,2024-01-31,2024-04-15,559.239,566.9783,0.01383883037378486,51,True
Breakout_100,TMO,2024-07-29,2024-09-26,600.6975,601.3876,0.0011489079426600934,42,True
Breakout_100,TMO,2025-10-02,2025-12-18,524.7962,561.8945,0.07069097051644846,54,True
Breakout_100,TMO,2026-01-06,2026-01-30,605.4614,581.1554,-0.0401446080824609,17,False
Breakout_50_noSMA,TMO,2020-04-28,2020-09-09,337.3543,404.428,0.1988228045434406,93,True
Breakout_50_noSMA,TMO,2020-10-12,2020-11-19,459.0353,452.2845,-0.014706502692748535,28,False
Breakout_50_noSMA,TMO,2021-06-29,2022-01-05,498.2984,610.558,0.2252858246134246,132,True
Breakout_50_noSMA,TMO,2022-04-08,2022-04-25,602.9918,540.2114,-0.10411484391921655,10,False
Breakout_50_noSMA,TMO,2022-07-22,2022-08-30,567.2236,551.339,-0.02800412191060886,27,False
Breakout_50_noSMA,TMO,2022-12-01,2023-01-09,561.7585,533.4285,-0.05043087657608525,25,False
Breakout_50_noSMA,TMO,2023-01-18,2023-02-17,585.3021,547.4689,-0.06463885375793854,22,False
Breakout_50_noSMA,TMO,2023-07-24,2023-08-17,555.2069,526.3065,-0.05205336319756404,18,False
Breakout_50_noSMA,TMO,2023-12-14,2024-04-15,525.7224,566.9783,0.07847460884907398,82,True
Breakout_50_noSMA,TMO,2024-07-29,2024-09-26,600.6975,601.3876,0.0011489079426600934,42,True
Breakout_50_noSMA,TMO,2025-01-22,2025-02-12,568.1073,536.6598,-0.05535501244989738,15,False
Breakout_50_noSMA,TMO,2025-07-24,2025-09-24,465.441,467.0866,0.003535652221149155,43,True
Breakout_50_noSMA,TMO,2025-10-02,2025-12-18,524.7962,561.8945,0.07069097051644846,54,True
Breakout_50_noSMA,TMO,2026-01-06,2026-01-30,605.4614,581.1554,-0.0401446080824609,17,False
Breakout_50,TMUS,2020-05-11,2020-09-21,92.7639,105.6862,0.1393034485497382,92,True
Breakout_50,TMUS,2020-10-13,2020-10-20,116.1471,109.5129,-0.05711932629353034,5,False
Breakout_50,TMUS,2020-11-09,2021-01-14,120.6468,124.0601,0.02829130652924894,45,True
Breakout_50,TMUS,2021-04-19,2021-08-02,128.4445,139.29,0.08443757844178301,73,True
Breakout_50,TMUS,2022-03-18,2022-04-27,123.9159,124.0313,0.0009309439203506464,27,True
Breakout_50,TMUS,2022-06-03,2022-06-14,130.5309,120.3103,-0.07829966937231769,7,False
Breakout_50,TMUS,2022-07-28,2022-09-14,136.0113,134.0115,-0.014703531984761264,33,False
Breakout_50,TMUS,2022-10-31,2022-12-09,144.2224,137.8093,-0.04446659118069196,28,False
Breakout_50,TMUS,2023-09-15,2023-10-04,138.4247,131.1751,-0.05237217544455586,13,False
Breakout_50,TMUS,2023-11-02,2024-02-20,139.415,155.7642,0.11726985100303833,73,True
Breakout_50,TMUS,2024-03-06,2024-03-18,160.7476,156.9471,-0.023642990980426326,8,False
Breakout_50,TMUS,2024-05-29,2024-07-31,162.5025,175.5031,0.08000286370329479,43,True
Breakout_50,TMUS,2024-08-02,2024-12-17,183.9411,224.7166,0.22167747497524148,95,True
Breakout_50,TMUS,2025-02-11,2025-04-07,249.9987,239.0752,-0.04369416625907352,38,False
Breakout_50,TMUS,2025-08-13,2025-09-11,249.1746,237.9117,-0.045201039819797395,20,False
Breakout_100,TMUS,2020-05-19,2020-09-21,94.6195,105.6862,0.11695960044828402,86,True
Breakout_100,TMUS,2020-10-13,2020-10-20,116.1471,109.5129,-0.05711932629353034,5,False
Breakout_100,TMUS,2020-11-09,2021-01-14,120.6468,124.0601,0.02829130652924894,45,True
Breakout_100,TMUS,2021-05-07,2021-08-02,133.2423,139.29,0.045388956297934824,59,True
Breakout_100,TMUS,2022-03-18,2022-04-27,123.9159,124.0313,0.0009309439203506464,27,True
Breakout_100,TMUS,2022-06-03,2022-06-14,130.5309,120.3103,-0.07829966937231769,7,False
Breakout_100,TMUS,2022-07-28,2022-09-14,136.0113,134.0115,-0.014703531984761264,33,False
Breakout_100,TMUS,2022-10-31,2022-12-09,144.2224,137.8093,-0.04446659118069196,28,False
Breakout_100,TMUS,2023-11-02,2024-02-20,139.415,155.7642,0.11726985100303833,73,True
Breakout_100,TMUS,2024-03-06,2024-03-18,160.7476,156.9471,-0.023642990980426326,8,False
Breakout_100,TMUS,2024-05-30,2024-07-31,164.0149,175.5031,0.07004367579106985,42,True
Breakout_100,TMUS,2024-08-02,2024-12-17,183.9411,224.7166,0.22167747497524148,95,True
Breakout_100,TMUS,2025-02-11,2025-04-07,249.9987,239.0752,-0.04369416625907352,38,False
Breakout_50_noSMA,TMUS,2020-05-11,2020-09-21,92.7639,105.6862,0.1393034485497382,92,True
Breakout_50_noSMA,TMUS,2020-10-13,2020-10-20,116.1471,109.5129,-0.05711932629353034,5,False
Breakout_50_noSMA,TMUS,2020-11-09,2021-01-14,120.6468,124.0601,0.02829130652924894,45,True
Breakout_50_noSMA,TMUS,2021-04-19,2021-08-02,128.4445,139.29,0.08443757844178301,73,True
Breakout_50_noSMA,TMUS,2022-02-09,2022-04-27,121.7526,124.0313,0.018715866727920805,53,True
Breakout_50_noSMA,TMUS,2022-06-03,2022-06-14,130.5309,120.3103,-0.07829966937231769,7,False
Breakout_50_noSMA,TMUS,2022-07-28,2022-09-14,136.0113,134.0115,-0.014703531984761264,33,False
Breakout_50_noSMA,TMUS,2022-10-31,2022-12-09,144.2224,137.8093,-0.04446659118069196,28,False
Breakout_50_noSMA,TMUS,2023-09-15,2023-10-04,138.4247,131.1751,-0.05237217544455586,13,False
Breakout_50_noSMA,TMUS,2023-11-02,2024-02-20,139.415,155.7642,0.11726985100303833,73,True
Breakout_50_noSMA,TMUS,2024-03-06,2024-03-18,160.7476,156.9471,-0.023642990980426326,8,False
Breakout_50_noSMA,TMUS,2024-05-29,2024-07-31,162.5025,175.5031,0.08000286370329479,43,True
Breakout_50_noSMA,TMUS,2024-08-02,2024-12-17,183.9411,224.7166,0.22167747497524148,95,True
Breakout_50_noSMA,TMUS,2025-02-11,2025-04-07,249.9987,239.0752,-0.04369416625907352,38,False
Breakout_50_noSMA,TMUS,2025-08-13,2025-09-11,249.1746,237.9117,-0.045201039819797395,20,False
Breakout_50_noSMA,TMUS,2026-02-13,2026-04-02,215.2351,205.81,-0.0437896973502746,33,False
Breakout_50,TPR,2020-10-09,2021-01-28,16.7112,27.1854,0.6267785146813445,75,True
Breakout_50,TPR,2021-02-05,2021-05-20,32.3653,39.2629,0.21311889983637267,72,True
Breakout_50,TPR,2021-11-12,2021-12-01,41.2168,36.4924,-0.11462368542871904,12,False
Breakout_50,TPR,2022-08-17,2022-09-07,32.975,30.2172,-0.08363048559879582,14,False
Breakout_50,TPR,2022-11-23,2023-03-10,32.8995,38.6163,0.17376513148265316,72,True
Breakout_50,TPR,2023-05-19,2023-05-25,40.4869,37.9681,-0.06221413298308254,4,False
Breakout_50,TPR,2023-07-12,2023-07-21,41.8418,39.1842,-0.06351658677276029,7,False
Breakout_50,TPR,2023-12-15,2024-04-05,34.7329,41.493,0.19463196774458447,75,True
Breakout_50,TPR,2024-09-25,2025-03-10,44.1286,71.6033,0.6226063102154202,112,True
Breakout_50,TPR,2025-06-24,2025-08-15,86.3171,95.1884,0.10277592648321177,37,True
Breakout_50,TPR,2025-09-22,2025-11-03,113.4689,108.5294,-0.04353165551865201,30,False
Breakout_50,TPR,2025-12-12,2026-03-19,123.8579,138.86,0.12112307983969717,65,True
Breakout_100,TPR,2020-10-09,2021-01-28,16.7112,27.1854,0.6267785146813445,75,True
Breakout_100,TPR,2021-02-05,2021-05-20,32.3653,39.2629,0.21311889983637267,72,True
Breakout_100,TPR,2021-11-12,2021-12-01,41.2168,36.4924,-0.11462368542871904,12,False
Breakout_100,TPR,2022-12-01,2023-03-10,34.5869,38.6163,0.1165010878411592,67,True
Breakout_100,TPR,2024-01-29,2024-04-05,37.0675,41.493,0.11939147048218057,47,True
Breakout_100,TPR,2024-09-25,2025-03-10,44.1286,71.6033,0.6226063102154202,112,True
Breakout_100,TPR,2025-07-07,2025-08-15,89.5646,95.1884,0.06279025383232728,29,True
Breakout_100,TPR,2025-09-22,2025-11-03,113.4689,108.5294,-0.04353165551865201,30,False
Breakout_100,TPR,2025-12-12,2026-03-19,123.8579,138.86,0.12112307983969717,65,True
Breakout_50_noSMA,TPR,2020-06-09,2020-06-12,15.24,13.2051,-0.13352605424291575,3,False
Breakout_50_noSMA,TPR,2020-09-14,2021-01-28,14.3944,27.1854,0.8886166949517345,94,True
Breakout_50_noSMA,TPR,2021-02-05,2021-05-20,32.3653,39.2629,0.21311889983637267,72,True
Breakout_50_noSMA,TPR,2021-11-12,2021-12-01,41.2168,36.4924,-0.11462368542871904,12,False
Breakout_50_noSMA,TPR,2022-08-12,2022-09-07,32.2878,30.2172,-0.06412780593528833,17,False
Breakout_50_noSMA,TPR,2022-11-23,2023-03-10,32.8995,38.6163,0.17376513148265316,72,True
Breakout_50_noSMA,TPR,2023-05-19,2023-05-25,40.4869,37.9681,-0.06221413298308254,4,False
Breakout_50_noSMA,TPR,2023-07-12,2023-07-21,41.8418,39.1842,-0.06351658677276029,7,False
Breakout_50_noSMA,TPR,2023-12-04,2024-04-05,30.7487,41.493,0.3494244858650073,84,True
Breakout_50_noSMA,TPR,2024-09-25,2025-03-10,44.1286,71.6033,0.6226063102154202,112,True
Breakout_50_noSMA,TPR,2025-06-24,2025-08-15,86.3171,95.1884,0.10277592648321177,37,True
Breakout_50_noSMA,TPR,2025-09-22,2025-11-03,113.4689,108.5294,-0.04353165551865201,30,False
Breakout_50_noSMA,TPR,2025-12-12,2026-03-19,123.8579,138.86,0.12112307983969717,65,True
Breakout_50,TRV,2020-06-09,2020-08-03,110.4702,101.6443,-0.07989387515645252,38,False
Breakout_50,TRV,2020-10-22,2021-02-01,110.4333,123.5318,0.11860927688035017,68,True
Breakout_50,TRV,2021-03-08,2021-05-13,137.8783,138.4627,0.0042387898520515055,47,True
Breakout_50,TRV,2021-08-26,2021-09-21,148.07,140.3649,-0.0520369735411671,17,False
Breakout_50,TRV,2022-01-10,2022-04-20,154.4713,163.8795,0.06090568789407835,69,True
Breakout_50,TRV,2022-10-20,2023-01-18,162.5052,173.874,0.06996015119217103,60,True
Breakout_50,TRV,2023-11-22,2024-04-12,167.601,213.4533,0.27358007986019883,96,True
Breakout_50,TRV,2024-07-18,2024-07-22,214.4041,197.5294,-0.07870517559660128,2,False
Breakout_50,TRV,2024-08-30,2024-12-11,220.1683,240.2136,0.09104535972076633,71,True
Breakout_50,TRV,2025-03-03,2025-04-07,253.6743,233.8429,-0.07817648553902812,25,False
Breakout_50,TRV,2025-05-05,2025-06-12,261.4946,257.2849,-0.016098368007461894,27,False
Breakout_50,TRV,2025-08-21,2025-10-13,269.3836,266.5015,-0.010699045480814573,36,False
Breakout_50,TRV,2025-11-26,2026-01-08,291.8486,281.3555,-0.035953763951173,28,False
Breakout_50,TRV,2026-02-06,2026-03-25,300.984,294.61,-0.021177268549093964,32,False
Breakout_100,TRV,2020-11-10,2021-02-01,121.1436,123.5318,0.01971379968779763,55,True
Breakout_100,TRV,2021-03-08,2021-05-13,137.8783,138.4627,0.0042387898520515055,47,True
Breakout_100,TRV,2021-08-26,2021-09-21,148.07,140.3649,-0.0520369735411671,17,False
Breakout_100,TRV,2022-01-10,2022-04-20,154.4713,163.8795,0.06090568789407835,69,True
Breakout_100,TRV,2022-10-25,2023-01-18,166.4671,173.874,0.044495062016497,57,True
Breakout_100,TRV,2023-11-24,2024-04-12,169.2194,213.4533,0.2614001743716614,95,True
Breakout_100,TRV,2024-09-05,2024-12-11,227.5559,240.2136,0.05562466118606735,68,True
Breakout_100,TRV,2025-05-05,2025-06-12,261.4946,257.2849,-0.016098368007461894,27,False
Breakout_100,TRV,2025-09-05,2025-10-13,275.8185,266.5015,-0.03377951213917707,26,False
Breakout_100,TRV,2025-11-26,2026-01-08,291.8486,281.3555,-0.035953763951173,28,False
Breakout_100,TRV,2026-02-06,2026-03-25,300.984,294.61,-0.021177268549093964,32,False
Breakout_50_noSMA,TRV,2020-06-04,2020-08-03,100.6338,101.6443,0.010041260138028418,41,True
Breakout_50_noSMA,TRV,2020-10-22,2021-02-01,110.4333,123.5318,0.11860927688035017,68,True
Breakout_50_noSMA,TRV,2021-03-08,2021-05-13,137.8783,138.4627,0.0042387898520515055,47,True
Breakout_50_noSMA,TRV,2021-08-26,2021-09-21,148.07,140.3649,-0.0520369735411671,17,False
Breakout_50_noSMA,TRV,2022-01-10,2022-04-20,154.4713,163.8795,0.06090568789407835,69,True
Breakout_50_noSMA,TRV,2022-10-20,2023-01-18,162.5052,173.874,0.06996015119217103,60,True
Breakout_50_noSMA,TRV,2023-11-22,2024-04-12,167.601,213.4533,0.27358007986019883,96,True
Breakout_50_noSMA,TRV,2024-07-18,2024-07-22,214.4041,197.5294,-0.07870517559660128,2,False
Breakout_50_noSMA,TRV,2024-08-30,2024-12-11,220.1683,240.2136,0.09104535972076633,71,True
Breakout_50_noSMA,TRV,2025-03-03,2025-04-07,253.6743,233.8429,-0.07817648553902812,25,False
Breakout_50_noSMA,TRV,2025-05-05,2025-06-12,261.4946,257.2849,-0.016098368007461894,27,False
Breakout_50_noSMA,TRV,2025-08-21,2025-10-13,269.3836,266.5015,-0.010699045480814573,36,False
Breakout_50_noSMA,TRV,2025-11-26,2026-01-08,291.8486,281.3555,-0.035953763951173,28,False
Breakout_50_noSMA,TRV,2026-02-06,2026-03-25,300.984,294.61,-0.021177268549093964,32,False
Breakout_50,TSCO,2020-04-27,2020-09-08,18.7657,25.5878,0.3635414602431346,93,True
Breakout_50,TSCO,2021-01-13,2021-02-01,27.9818,26.0826,-0.067873407142369,12,False
Breakout_50,TSCO,2021-02-17,2021-03-05,29.8902,28.1477,-0.05829676311427179,12,False
Breakout_50,TSCO,2021-03-29,2021-05-20,32.7454,33.2902,0.016637915494648325,37,True
Breakout_50,TSCO,2021-08-12,2021-10-05,35.8284,36.2814,0.012644205106452144,37,True
Breakout_50,TSCO,2021-11-01,2022-01-12,40.4141,41.9973,0.039175318527371106,50,True
Breakout_50,TSCO,2022-10-25,2022-12-19,39.1055,39.9557,0.021739467269195067,38,True
Breakout_50,TSCO,2023-02-14,2023-03-24,44.5841,43.0401,-0.0346308639807168,27,False
Breakout_50,TSCO,2023-04-04,2023-05-16,45.8447,43.2887,-0.05575323976368929,29,False
Breakout_50,TSCO,2023-12-14,2024-04-15,42.9317,48.0501,0.11922297021929062,82,True
Breakout_50,TSCO,2024-04-29,2024-06-26,52.8971,51.3881,-0.028526778167553335,40,False
Breakout_50,TSCO,2024-09-16,2024-10-25,55.4414,54.2828,-0.02089703349519889,29,False
Breakout_50,TSCO,2025-07-02,2025-09-11,53.484,58.026,0.0849216804614279,49,True
Breakout_100,TSCO,2020-04-27,2020-09-08,18.7657,25.5878,0.3635414602431346,93,True
Breakout_100,TSCO,2021-01-19,2021-02-01,29.0865,26.0826,-0.10327432408289239,9,False
Breakout_100,TSCO,2021-02-17,2021-03-05,29.8902,28.1477,-0.05829676311427179,12,False
Breakout_100,TSCO,2021-03-29,2021-05-20,32.7454,33.2902,0.016637915494648325,37,True
Breakout_100,TSCO,2021-09-10,2021-10-05,37.5436,36.2814,-0.033619187183259625,17,False
Breakout_100,TSCO,2021-11-01,2022-01-12,40.4141,41.9973,0.039175318527371106,50,True
Breakout_100,TSCO,2022-10-25,2022-12-19,39.1055,39.9557,0.021739467269195067,38,True
Breakout_100,TSCO,2023-02-14,2023-03-24,44.5841,43.0401,-0.0346308639807168,27,False
Breakout_100,TSCO,2023-04-04,2023-05-16,45.8447,43.2887,-0.05575323976368929,29,False
Breakout_100,TSCO,2024-01-18,2024-04-15,43.9486,48.0501,0.09332458634179397,60,True
Breakout_100,TSCO,2024-04-29,2024-06-26,52.8971,51.3881,-0.028526778167553335,40,False
Breakout_100,TSCO,2024-10-01,2024-10-25,56.5921,54.2828,-0.040806554685965946,18,False
Breakout_100,TSCO,2025-07-24,2025-09-11,63.1617,58.026,-0.08131079656859352,34,False
Breakout_50_noSMA,TSCO,2020-04-27,2020-09-08,18.7657,25.5878,0.3635414602431346,93,True
Breakout_50_noSMA,TSCO,2021-01-13,2021-02-01,27.9818,26.0826,-0.067873407142369,12,False
Breakout_50_noSMA,TSCO,2021-02-17,2021-03-05,29.8902,28.1477,-0.05829676311427179,12,False
Breakout_50_noSMA,TSCO,2021-03-29,2021-05-20,32.7454,33.2902,0.016637915494648325,37,True
Breakout_50_noSMA,TSCO,2021-08-12,2021-10-05,35.8284,36.2814,0.012644205106452144,37,True
Breakout_50_noSMA,TSCO,2021-11-01,2022-01-12,40.4141,41.9973,0.039175318527371106,50,True
Breakout_50_noSMA,TSCO,2022-10-25,2022-12-19,39.1055,39.9557,0.021739467269195067,38,True
Breakout_50_noSMA,TSCO,2023-02-14,2023-03-24,44.5841,43.0401,-0.0346308639807168,27,False
Breakout_50_noSMA,TSCO,2023-04-04,2023-05-16,45.8447,43.2887,-0.05575323976368929,29,False
Breakout_50_noSMA,TSCO,2023-12-04,2024-04-15,40.3392,48.0501,0.1911517536951437,90,True
Breakout_50_noSMA,TSCO,2024-04-29,2024-06-26,52.8971,51.3881,-0.028526778167553335,40,False
Breakout_50_noSMA,TSCO,2024-09-16,2024-10-25,55.4414,54.2828,-0.02089703349519889,29,False
Breakout_50_noSMA,TSCO,2025-06-24,2025-09-11,51.7855,58.026,0.12050647146492643,55,True
Breakout_50,TSLA,2020-06-02,2020-10-29,59.6467,136.6533,1.2910472846791663,105,True
Breakout_50,TSLA,2020-11-19,2021-02-23,164.0,220.71,0.3457927238650438,63,True
Breakout_50,TSLA,2021-08-03,2021-12-14,239.6667,315.0,0.31432542412376296,93,True
Breakout_50,TSLA,2022-03-30,2022-04-27,363.7233,299.5267,-0.17649859218696062,19,False
Breakout_50,TSLA,2023-06-05,2023-08-08,217.8,247.45,0.13613403802128676,44,True
Breakout_50,TSLA,2023-12-28,2024-01-10,263.66,235.1,-0.10832131215166985,8,False
Breakout_50,TSLA,2024-07-02,2024-08-05,218.89,185.22,-0.15382154626904165,23,False
Breakout_50,TSLA,2024-10-28,2025-01-30,270.0,410.78,0.5214074028862847,63,True
Breakout_50,TSLA,2025-05-13,2025-06-06,320.0,298.83,-0.06615629196166994,17,False
Breakout_50,TSLA,2025-09-12,2025-11-14,370.94,386.3,0.04140827425046667,45,True
Breakout_50,TSLA,2025-12-16,2026-01-05,472.21,447.99,-0.051290742802944655,12,False
Breakout_100,TSLA,2020-06-11,2020-10-29,66.0133,136.6533,1.0700867957237792,98,True
Breakout_100,TSLA,2020-11-24,2021-02-23,180.1333,220.71,0.22525911846778257,60,True
Breakout_100,TSLA,2021-09-27,2021-12-14,257.7067,315.0,0.22231995805096116,55,True
Breakout_100,TSLA,2023-06-07,2023-08-08,228.0,247.45,0.08530700415895698,42,True
Breakout_100,TSLA,2024-07-02,2024-08-05,218.89,185.22,-0.15382154626904165,23,False
Breakout_100,TSLA,2024-11-07,2025-01-30,288.89,410.78,0.42192522396176435,55,True
Breakout_100,TSLA,2025-09-12,2025-11-14,370.94,386.3,0.04140827425046667,45,True
Breakout_100,TSLA,2025-12-16,2026-01-05,472.21,447.99,-0.051290742802944655,12,False
Breakout_50_noSMA,TSLA,2020-06-02,2020-10-29,59.6467,136.6533,1.2910472846791663,105,True
Breakout_50_noSMA,TSLA,2020-11-19,2021-02-23,164.0,220.71,0.3457927238650438,63,True
Breakout_50_noSMA,TSLA,2021-08-03,2021-12-14,239.6667,315.0,0.31432542412376296,93,True
Breakout_50_noSMA,TSLA,2022-03-30,2022-04-27,363.7233,299.5267,-0.17649859218696062,19,False
Breakout_50_noSMA,TSLA,2022-07-29,2022-09-06,280.7,272.68,-0.028571496909429395,26,False
Breakout_50_noSMA,TSLA,2023-02-09,2023-04-06,207.78,183.08,-0.11887571996031454,39,False
Breakout_50_noSMA,TSLA,2023-06-05,2023-08-08,217.8,247.45,0.13613403802128676,44,True
Breakout_50_noSMA,TSLA,2023-12-28,2024-01-10,263.66,235.1,-0.10832131215166985,8,False
Breakout_50_noSMA,TSLA,2024-07-02,2024-08-05,218.89,185.22,-0.15382154626904165,23,False
Breakout_50_noSMA,TSLA,2024-10-28,2025-01-30,270.0,410.78,0.5214074028862847,63,True
Breakout_50_noSMA,TSLA,2025-05-13,2025-06-06,320.0,298.83,-0.06615629196166994,17,False
Breakout_50_noSMA,TSLA,2025-09-12,2025-11-14,370.94,386.3,0.04140827425046667,45,True
Breakout_50_noSMA,TSLA,2025-12-16,2026-01-05,472.21,447.99,-0.051290742802944655,12,False
Breakout_50,TXN,2020-06-03,2020-09-24,107.6607,114.7774,0.0661030601014545,79,True
Breakout_50,TXN,2020-10-12,2020-10-29,130.5751,122.1268,-0.06470104252006048,13,False
Breakout_50,TXN,2020-11-06,2021-01-28,134.5041,144.7007,0.07580908890932436,55,True
Breakout_50,TXN,2021-02-03,2021-03-05,151.5615,145.2833,-0.04142362377196296,21,False
Breakout_50,TXN,2021-03-29,2021-05-03,160.2938,158.2488,-0.012757675837267946,24,False
Breakout_50,TXN,2021-06-30,2021-07-19,168.1453,160.6815,-0.04438920327859741,12,False
Breakout_50,TXN,2021-07-22,2021-07-23,161.9545,161.4987,-0.002814414359992967,1,False
Breakout_50,TXN,2021-09-14,2021-10-05,170.977,168.5482,-0.01420494054332,15,False
Breakout_50,TXN,2021-10-22,2021-10-28,176.7201,164.6377,-0.06837016835006748,4,False
Breakout_50,TXN,2022-03-30,2022-04-11,168.729,153.4279,-0.0906840851385996,8,False
Breakout_50,TXN,2022-08-01,2022-09-01,160.1415,147.0108,-0.08199387685014548,23,False
Breakout_50,TXN,2022-11-11,2022-12-21,158.7967,151.4941,-0.045987031451700466,27,False
Breakout_50,TXN,2023-02-02,2023-02-22,167.9864,156.2464,-0.06988628130328356,13,False
Breakout_50,TXN,2023-04-03,2023-04-25,169.3203,160.4216,-0.052555109061002026,15,False
Breakout_50,TXN,2023-07-03,2023-08-03,165.8733,158.0272,-0.047301731383205814,22,False
Breakout_50,TXN,2023-12-15,2024-02-01,159.2512,150.1443,-0.057185732784097,31,False
Breakout_50,TXN,2024-05-07,2024-07-26,172.7393,190.4056,0.10227110782701287,55,True
Breakout_50,TXN,2024-11-07,2024-11-18,207.6585,194.5716,-0.06302133488067874,7,False
Breakout_50,TXN,2025-02-21,2025-03-11,198.3951,182.3518,-0.08086576966699122,12,False
Breakout_50,TXN,2025-06-05,2025-07-24,188.6002,182.2552,-0.033642644913392084,33,False
Breakout_50,TXN,2026-01-07,2026-03-06,187.2478,192.5,0.02804952935938032,40,True
Breakout_100,TXN,2020-07-21,2020-09-24,116.5169,114.7774,-0.014929729405185665,46,False
Breakout_100,TXN,2020-10-12,2020-10-29,130.5751,122.1268,-0.06470104252006048,13,False
Breakout_100,TXN,2020-11-06,2021-01-28,134.5041,144.7007,0.07580908890932436,55,True
Breakout_100,TXN,2021-02-03,2021-03-05,151.5615,145.2833,-0.04142362377196296,21,False
Breakout_100,TXN,2021-03-29,2021-05-03,160.2938,158.2488,-0.012757675837267946,24,False
Breakout_100,TXN,2021-09-14,2021-10-05,170.977,168.5482,-0.01420494054332,15,False
Breakout_100,TXN,2021-10-22,2021-10-28,176.7201,164.6377,-0.06837016835006748,4,False
Breakout_100,TXN,2023-02-02,2023-02-22,167.9864,156.2464,-0.06988628130328356,13,False
Breakout_100,TXN,2023-04-03,2023-04-25,169.3203,160.4216,-0.052555109061002026,15,False
Breakout_100,TXN,2023-07-26,2023-08-03,162.8536,158.0272,-0.029636209357397525,6,False
Breakout_100,TXN,2023-12-29,2024-02-01,160.4956,150.1443,-0.06449552604192066,22,False
Breakout_100,TXN,2024-05-07,2024-07-26,172.7393,190.4056,0.10227110782701287,55,True
Breakout_100,TXN,2024-11-07,2024-11-18,207.6585,194.5716,-0.06302133488067874,7,False
Breakout_100,TXN,2025-06-25,2025-07-24,201.4271,182.2552,-0.09518029583406518,20,False
Breakout_100,TXN,2026-01-29,2026-03-06,214.9967,192.5,-0.104637261611352,25,False
Breakout_50_noSMA,TXN,2020-06-03,2020-09-24,107.6607,114.7774,0.0661030601014545,79,True
Breakout_50_noSMA,TXN,2020-10-12,2020-10-29,130.5751,122.1268,-0.06470104252006048,13,False
Breakout_50_noSMA,TXN,2020-11-06,2021-01-28,134.5041,144.7007,0.07580908890932436,55,True
Breakout_50_noSMA,TXN,2021-02-03,2021-03-05,151.5615,145.2833,-0.04142362377196296,21,False
Breakout_50_noSMA,TXN,2021-03-29,2021-05-03,160.2938,158.2488,-0.012757675837267946,24,False
Breakout_50_noSMA,TXN,2021-06-30,2021-07-19,168.1453,160.6815,-0.04438920327859741,12,False
Breakout_50_noSMA,TXN,2021-07-22,2021-07-23,161.9545,161.4987,-0.002814414359992967,1,False
Breakout_50_noSMA,TXN,2021-09-14,2021-10-05,170.977,168.5482,-0.01420494054332,15,False
Breakout_50_noSMA,TXN,2021-10-22,2021-10-28,176.7201,164.6377,-0.06837016835006748,4,False
Breakout_50_noSMA,TXN,2022-03-30,2022-04-11,168.729,153.4279,-0.0906840851385996,8,False
Breakout_50_noSMA,TXN,2022-08-01,2022-09-01,160.1415,147.0108,-0.08199387685014548,23,False
Breakout_50_noSMA,TXN,2022-11-11,2022-12-21,158.7967,151.4941,-0.045987031451700466,27,False
Breakout_50_noSMA,TXN,2023-02-02,2023-02-22,167.9864,156.2464,-0.06988628130328356,13,False
Breakout_50_noSMA,TXN,2023-04-03,2023-04-25,169.3203,160.4216,-0.052555109061002026,15,False
Breakout_50_noSMA,TXN,2023-07-03,2023-08-03,165.8733,158.0272,-0.047301731383205814,22,False
Breakout_50_noSMA,TXN,2023-12-12,2024-02-01,149.605,150.1443,0.0036049992211328874,34,True
Breakout_50_noSMA,TXN,2024-05-07,2024-07-26,172.7393,190.4056,0.10227110782701287,55,True
Breakout_50_noSMA,TXN,2024-11-07,2024-11-18,207.6585,194.5716,-0.06302133488067874,7,False
Breakout_50_noSMA,TXN,2025-02-21,2025-03-11,198.3951,182.3518,-0.08086576966699122,12,False
Breakout_50_noSMA,TXN,2025-06-05,2025-07-24,188.6002,182.2552,-0.033642644913392084,33,False
Breakout_50_noSMA,TXN,2026-01-07,2026-03-06,187.2478,192.5,0.02804952935938032,40,True
Breakout_50,UNH,2020-06-08,2020-06-12,278.9229,262.6651,-0.05828803259578863,4,False
Breakout_50,UNH,2020-08-10,2020-09-09,287.7118,281.0681,-0.02309157725918687,21,False
Breakout_50,UNH,2020-10-12,2020-10-29,299.9429,279.4102,-0.06845517463733508,13,False
Breakout_50,UNH,2020-11-05,2020-12-23,326.3264,307.7629,-0.05688654854820174,33,False
Breakout_50,UNH,2021-03-29,2021-06-14,345.452,364.6723,0.05563828212751698,53,True
Breakout_50,UNH,2021-08-20,2021-09-10,394.6124,384.1735,-0.026453377414901835,14,False
Breakout_50,UNH,2021-10-21,2022-01-10,402.6074,422.9341,0.050487544613544655,55,True
Breakout_50,UNH,2022-03-18,2022-05-03,473.246,466.167,-0.014958503808900625,31,False
Breakout_50,UNH,2022-07-18,2022-08-31,495.7145,486.211,-0.01917136410500797,32,False
Breakout_50,UNH,2022-11-01,2022-11-14,519.7455,488.8416,-0.05945960346638435,9,False
Breakout_50,UNH,2023-04-06,2023-04-24,481.7252,455.7158,-0.05399228833661207,11,False
Breakout_50,UNH,2023-10-03,2023-12-15,487.7713,505.3589,0.03605702854947501,52,True
Breakout_50,UNH,2024-05-13,2024-05-30,490.1681,461.7087,-0.058060640317165735,12,False
Breakout_50,UNH,2024-07-17,2024-09-24,532.5753,550.6905,0.03401437973872268,48,True
Breakout_50,UNH,2024-11-11,2024-11-20,595.1456,562.1613,-0.05542234417102965,7,False
Breakout_50,UNH,2025-04-09,2025-04-21,544.7782,437.4254,-0.19705782741545141,7,False
Breakout_50,UNH,2026-01-23,2026-01-28,351.547,281.5313,-0.19916443873627065,3,False
Breakout_100,UNH,2020-06-08,2020-06-12,278.9229,262.6651,-0.05828803259578863,4,False
Breakout_100,UNH,2020-08-10,2020-09-09,287.7118,281.0681,-0.02309157725918687,21,False
Breakout_100,UNH,2020-10-12,2020-10-29,299.9429,279.4102,-0.06845517463733508,13,False
Breakout_100,UNH,2020-11-05,2020-12-23,326.3264,307.7629,-0.05688654854820174,33,False
Breakout_100,UNH,2021-03-29,2021-06-14,345.452,364.6723,0.05563828212751698,53,True
Breakout_100,UNH,2021-08-20,2021-09-10,394.6124,384.1735,-0.026453377414901835,14,False
Breakout_100,UNH,2021-10-21,2022-01-10,402.6074,422.9341,0.050487544613544655,55,True
Breakout_100,UNH,2022-03-25,2022-05-03,478.3158,466.167,-0.025399144090997194,26,False
Breakout_100,UNH,2022-11-01,2022-11-14,519.7455,488.8416,-0.05945960346638435,9,False
Breakout_100,UNH,2023-10-03,2023-12-15,487.7713,505.3589,0.03605702854947501,52,True
Breakout_100,UNH,2024-07-17,2024-09-24,532.5753,550.6905,0.03401437973872268,48,True
Breakout_100,UNH,2024-11-11,2024-11-20,595.1456,562.1613,-0.05542234417102965,7,False
Breakout_50_noSMA,UNH,2020-06-08,2020-06-12,278.9229,262.6651,-0.05828803259578863,4,False
Breakout_50_noSMA,UNH,2020-08-10,2020-09-09,287.7118,281.0681,-0.02309157725918687,21,False
Breakout_50_noSMA,UNH,2020-10-12,2020-10-29,299.9429,279.4102,-0.06845517463733508,13,False
Breakout_50_noSMA,UNH,2020-11-05,2020-12-23,326.3264,307.7629,-0.05688654854820174,33,False
Breakout_50_noSMA,UNH,2021-03-29,2021-06-14,345.452,364.6723,0.05563828212751698,53,True
Breakout_50_noSMA,UNH,2021-08-20,2021-09-10,394.6124,384.1735,-0.026453377414901835,14,False
Breakout_50_noSMA,UNH,2021-10-21,2022-01-10,402.6074,422.9341,0.050487544613544655,55,True
Breakout_50_noSMA,UNH,2022-03-18,2022-05-03,473.246,466.167,-0.014958503808900625,31,False
Breakout_50_noSMA,UNH,2022-07-18,2022-08-31,495.7145,486.211,-0.01917136410500797,32,False
Breakout_50_noSMA,UNH,2022-11-01,2022-11-14,519.7455,488.8416,-0.05945960346638435,9,False
Breakout_50_noSMA,UNH,2023-04-06,2023-04-24,481.7252,455.7158,-0.05399228833661207,11,False
Breakout_50_noSMA,UNH,2023-10-03,2023-12-15,487.7713,505.3589,0.03605702854947501,52,True
Breakout_50_noSMA,UNH,2024-05-13,2024-05-30,490.1681,461.7087,-0.058060640317165735,12,False
Breakout_50_noSMA,UNH,2024-07-17,2024-09-24,532.5753,550.6905,0.03401437973872268,48,True
Breakout_50_noSMA,UNH,2024-11-11,2024-11-20,595.1456,562.1613,-0.05542234417102965,7,False
Breakout_50_noSMA,UNH,2025-04-09,2025-04-21,544.7782,437.4254,-0.19705782741545141,7,False
Breakout_50_noSMA,UNH,2025-09-10,2025-11-03,338.4688,334.2664,-0.012415967935385575,38,False
Breakout_50_noSMA,UNH,2026-01-23,2026-01-28,351.547,281.5313,-0.19916443873627065,3,False
Breakout_50,UNP,2020-05-27,2020-06-29,150.5454,144.3254,-0.04131660182951502,23,False
Breakout_50,UNP,2020-08-12,2020-10-23,169.008,163.7998,-0.03081603336445038,51,False
Breakout_50,UNP,2021-01-08,2021-01-27,193.9049,174.3543,-0.1008255853395249,12,False
Breakout_50,UNP,2021-03-29,2021-06-09,199.089,198.9498,-0.0006992787940082179,50,False
Breakout_50,UNP,2021-10-21,2022-01-19,207.0615,217.5686,0.05074412094806258,61,True
Breakout_50,UNP,2022-03-04,2022-04-06,232.0074,227.6803,-0.018650765608656417,23,False
Breakout_50,UNP,2022-08-12,2022-09-15,219.9171,203.9679,-0.0725236887109707,23,False
Breakout_50,UNP,2023-07-13,2023-09-06,196.8165,204.0181,0.03659022272977763,38,True
Breakout_50,UNP,2023-11-22,2024-03-18,210.5499,234.1501,0.11208816825998968,78,True
Breakout_50,UNP,2024-08-28,2024-09-24,240.6841,234.9318,-0.02389957312843316,18,False
Breakout_50,UNP,2025-01-28,2025-03-12,246.7906,231.2363,-0.06302638272195737,30,False
Breakout_50,UNP,2025-07-02,2025-07-21,232.2146,222.1008,-0.04355370867103325,12,False
Breakout_50,UNP,2025-09-29,2025-10-17,233.1605,222.6374,-0.045132576366280874,14,False
Breakout_50,UNP,2025-12-15,2026-01-08,238.7523,223.3229,-0.06462499401423005,16,False
Breakout_50,UNP,2026-02-05,2026-03-13,249.3668,245.66,-0.014864964237686906,25,False
Breakout_100,UNP,2020-08-12,2020-10-23,169.008,163.7998,-0.03081603336445038,51,False
Breakout_100,UNP,2021-01-08,2021-01-27,193.9049,174.3543,-0.1008255853395249,12,False
Breakout_100,UNP,2021-03-29,2021-06-09,199.089,198.9498,-0.0006992787940082179,50,False
Breakout_100,UNP,2021-10-21,2022-01-19,207.0615,217.5686,0.05074412094806258,61,True
Breakout_100,UNP,2022-03-04,2022-04-06,232.0074,227.6803,-0.018650765608656417,23,False
Breakout_100,UNP,2023-07-20,2023-09-06,202.0793,204.0181,0.009594368066082604,33,True
Breakout_100,UNP,2023-12-15,2024-03-18,225.895,234.1501,0.03654363609128208,62,True
Breakout_100,UNP,2024-08-28,2024-09-24,240.6841,234.9318,-0.02389957312843316,18,False
Breakout_100,UNP,2025-12-15,2026-01-08,238.7523,223.3229,-0.06462499401423005,16,False
Breakout_100,UNP,2026-02-05,2026-03-13,249.3668,245.66,-0.014864964237686906,25,False
Breakout_50_noSMA,UNP,2020-05-27,2020-06-29,150.5454,144.3254,-0.04131660182951502,23,False
Breakout_50_noSMA,UNP,2020-08-12,2020-10-23,169.008,163.7998,-0.03081603336445038,51,False
Breakout_50_noSMA,UNP,2021-01-08,2021-01-27,193.9049,174.3543,-0.1008255853395249,12,False
Breakout_50_noSMA,UNP,2021-03-29,2021-06-09,199.089,198.9498,-0.0006992787940082179,50,False
Breakout_50_noSMA,UNP,2021-10-21,2022-01-19,207.0615,217.5686,0.05074412094806258,61,True
Breakout_50_noSMA,UNP,2022-03-04,2022-04-06,232.0074,227.6803,-0.018650765608656417,23,False
Breakout_50_noSMA,UNP,2022-08-11,2022-09-15,217.3513,203.9679,-0.0615749276614026,24,False
Breakout_50_noSMA,UNP,2023-07-13,2023-09-06,196.8165,204.0181,0.03659022272977763,38,True
Breakout_50_noSMA,UNP,2023-11-22,2024-03-18,210.5499,234.1501,0.11208816825998968,78,True
Breakout_50_noSMA,UNP,2024-08-28,2024-09-24,240.6841,234.9318,-0.02389957312843316,18,False
Breakout_50_noSMA,UNP,2025-01-28,2025-03-12,246.7906,231.2363,-0.06302638272195737,30,False
Breakout_50_noSMA,UNP,2025-06-30,2025-07-21,226.9857,222.1008,-0.02152078871693819,14,False
Breakout_50_noSMA,UNP,2025-09-29,2025-10-17,233.1605,222.6374,-0.045132576366280874,14,False
Breakout_50_noSMA,UNP,2025-12-15,2026-01-08,238.7523,223.3229,-0.06462499401423005,16,False
Breakout_50_noSMA,UNP,2026-02-05,2026-03-13,249.3668,245.66,-0.014864964237686906,25,False
Breakout_50,UPS,2020-06-09,2020-10-29,86.4338,126.0509,0.45835188269556193,100,True
Breakout_50,UPS,2021-04-05,2021-06-18,138.95,159.2235,0.14590501838522707,53,True
Breakout_50,UPS,2021-10-22,2021-12-02,162.1852,160.0442,-0.01320076744672638,28,False
Breakout_50,UPS,2022-02-02,2022-02-18,189.0321,171.8728,-0.09077462141207693,12,False
Breakout_50,UPS,2022-08-11,2022-09-14,169.3179,161.7617,-0.044627339218399786,23,False
Breakout_50,UPS,2022-11-30,2022-12-29,156.4252,147.9922,-0.053910570980574946,20,False
Breakout_50,UPS,2023-04-03,2023-04-26,164.7044,149.6715,-0.0912722408923261,16,False
Breakout_50,UPS,2023-07-12,2023-08-14,161.3198,153.2534,-0.05000251303720893,23,False
Breakout_50,UPS,2025-12-11,2026-03-06,98.7331,101.87,0.03177145067936138,57,True
Breakout_100,UPS,2020-07-02,2020-10-29,91.6081,126.0509,0.3759798755157604,83,True
Breakout_100,UPS,2021-04-12,2021-06-18,141.6466,159.2235,0.12408965222589674,48,True
Breakout_100,UPS,2021-10-27,2021-12-02,177.0687,160.0442,-0.09614602280562812,25,False
Breakout_100,UPS,2022-02-02,2022-02-18,189.0321,171.8728,-0.09077462141207693,12,False
Breakout_100,UPS,2023-04-03,2023-04-26,164.7044,149.6715,-0.0912722408923261,16,False
Breakout_100,UPS,2025-12-19,2026-03-06,99.7194,101.87,0.021567010875700676,51,True
Breakout_50_noSMA,UPS,2020-06-04,2020-10-29,81.8537,126.0509,0.5399521968306955,103,True
Breakout_50_noSMA,UPS,2021-04-05,2021-06-18,138.95,159.2235,0.14590501838522707,53,True
Breakout_50_noSMA,UPS,2021-10-22,2021-12-02,162.1852,160.0442,-0.01320076744672638,28,False
Breakout_50_noSMA,UPS,2022-02-02,2022-02-18,189.0321,171.8728,-0.09077462141207693,12,False
Breakout_50_noSMA,UPS,2022-08-01,2022-09-14,160.7588,161.7617,0.0062388498045165,31,True
Breakout_50_noSMA,UPS,2022-11-30,2022-12-29,156.4252,147.9922,-0.053910570980574946,20,False
Breakout_50_noSMA,UPS,2023-04-03,2023-04-26,164.7044,149.6715,-0.0912722408923261,16,False
Breakout_50_noSMA,UPS,2023-07-12,2023-08-14,161.3198,153.2534,-0.05000251303720893,23,False
Breakout_50_noSMA,UPS,2023-12-15,2024-01-31,142.0629,127.4842,-0.10262133794407968,30,False
Breakout_50_noSMA,UPS,2024-10-25,2024-11-12,126.1105,120.2672,-0.046335023189269076,12,False
Breakout_50_noSMA,UPS,2025-07-02,2025-07-21,99.1862,94.724,-0.04498806968892577,12,False
Breakout_50_noSMA,UPS,2025-10-29,2026-03-06,93.9343,101.87,0.08448122294737193,87,True
Breakout_50,V,2020-05-19,2020-07-14,183.3998,181.8262,-0.008580098887823184,38,False
Breakout_50,V,2020-08-21,2020-09-22,196.5153,190.3556,-0.03134469041096399,21,False
Breakout_50,V,2020-12-31,2021-01-15,210.1889,193.9628,-0.07719786563582687,10,False
Breakout_50,V,2021-03-12,2021-03-22,217.1468,199.093,-0.08314103121079441,6,False
Breakout_50,V,2021-04-29,2021-05-13,226.7376,213.823,-0.056958266264950375,10,False
Breakout_50,V,2021-07-06,2021-08-05,231.1888,228.399,-0.012066913936199852,22,False
Breakout_50,V,2022-01-31,2022-02-24,218.4035,197.2466,-0.09687052472701019,17,False
Breakout_50,V,2022-12-01,2022-12-29,211.7139,200.933,-0.05092177327847125,19,False
Breakout_50,V,2023-01-13,2023-03-02,216.5042,212.9985,-0.016192294930126083,32,False
Breakout_50,V,2023-04-17,2023-05-24,228.7664,217.9781,-0.04715874352428617,27,False
Breakout_50,V,2023-07-03,2023-09-18,232.1312,236.434,0.018536141106359594,53,True
Breakout_50,V,2023-11-20,2024-04-02,245.4633,273.8915,0.11581417268470617,90,True
Breakout_50,V,2024-09-10,2024-09-26,282.7916,267.5309,-0.05396417709664325,12,False
Breakout_50,V,2024-11-07,2025-01-13,304.1249,302.2257,-0.006244533832200805,43,False
Breakout_50,V,2025-01-22,2025-03-12,321.816,333.4742,0.036226564946683526,34,True
Breakout_50,V,2025-05-16,2025-06-20,360.8521,336.9909,-0.06612477343424172,23,False
Breakout_50,V,2025-12-23,2026-01-14,351.2756,327.9837,-0.06630676613239617,14,False
Breakout_100,V,2020-08-21,2020-09-22,196.5153,190.3556,-0.03134469041096399,21,False
Breakout_100,V,2020-12-31,2021-01-15,210.1889,193.9628,-0.07719786563582687,10,False
Breakout_100,V,2021-03-12,2021-03-22,217.1468,199.093,-0.08314103121079441,6,False
Breakout_100,V,2021-04-29,2021-05-13,226.7376,213.823,-0.056958266264950375,10,False
Breakout_100,V,2021-07-06,2021-08-05,231.1888,228.399,-0.012066913936199852,22,False
Breakout_100,V,2023-01-13,2023-03-02,216.5042,212.9985,-0.016192294930126083,32,False
Breakout_100,V,2023-04-17,2023-05-24,228.7664,217.9781,-0.04715874352428617,27,False
Breakout_100,V,2023-07-03,2023-09-18,232.1312,236.434,0.018536141106359594,53,True
Breakout_100,V,2023-11-20,2024-04-02,245.4633,273.8915,0.11581417268470617,90,True
Breakout_100,V,2024-09-10,2024-09-26,282.7916,267.5309,-0.05396417709664325,12,False
Breakout_100,V,2024-11-07,2025-01-13,304.1249,302.2257,-0.006244533832200805,43,False
Breakout_100,V,2025-01-22,2025-03-12,321.816,333.4742,0.036226564946683526,34,True
Breakout_100,V,2025-05-20,2025-06-20,365.6542,336.9909,-0.07838916595870693,21,False
Breakout_100,V,2026-01-07,2026-01-14,356.415,327.9837,-0.0797703042879947,5,False
Breakout_50_noSMA,V,2020-05-19,2020-07-14,183.3998,181.8262,-0.008580098887823184,38,False
Breakout_50_noSMA,V,2020-08-21,2020-09-22,196.5153,190.3556,-0.03134469041096399,21,False
Breakout_50_noSMA,V,2020-12-31,2021-01-15,210.1889,193.9628,-0.07719786563582687,10,False
Breakout_50_noSMA,V,2021-03-12,2021-03-22,217.1468,199.093,-0.08314103121079441,6,False
Breakout_50_noSMA,V,2021-04-29,2021-05-13,226.7376,213.823,-0.056958266264950375,10,False
Breakout_50_noSMA,V,2021-07-06,2021-08-05,231.1888,228.399,-0.012066913936199852,22,False
Breakout_50_noSMA,V,2022-01-31,2022-02-24,218.4035,197.2466,-0.09687052472701019,17,False
Breakout_50_noSMA,V,2022-12-01,2022-12-29,211.7139,200.933,-0.05092177327847125,19,False
Breakout_50_noSMA,V,2023-01-13,2023-03-02,216.5042,212.9985,-0.016192294930126083,32,False
Breakout_50_noSMA,V,2023-04-17,2023-05-24,228.7664,217.9781,-0.04715874352428617,27,False
Breakout_50_noSMA,V,2023-07-03,2023-09-18,232.1312,236.434,0.018536141106359594,53,True
Breakout_50_noSMA,V,2023-11-20,2024-04-02,245.4633,273.8915,0.11581417268470617,90,True
Breakout_50_noSMA,V,2024-09-10,2024-09-26,282.7916,267.5309,-0.05396417709664325,12,False
Breakout_50_noSMA,V,2024-11-07,2025-01-13,304.1249,302.2257,-0.006244533832200805,43,False
Breakout_50_noSMA,V,2025-01-22,2025-03-12,321.816,333.4742,0.036226564946683526,34,True
Breakout_50_noSMA,V,2025-05-16,2025-06-20,360.8521,336.9909,-0.06612477343424172,23,False
Breakout_50_noSMA,V,2025-12-23,2026-01-14,351.2756,327.9837,-0.06630676613239617,14,False
Breakout_50,VDE,2020-11-17,2021-04-13,39.4439,55.3832,0.40410129543357143,99,True
Breakout_50,VDE,2021-06-03,2021-07-08,64.4853,60.6226,-0.059900444188667246,24,False
Breakout_50,VDE,2021-09-27,2021-11-22,62.8616,65.7583,0.04607961864807475,40,True
Breakout_50,VDE,2022-01-10,2022-04-26,74.1443,90.686,0.22310064199418944,73,True
Breakout_50,VDE,2022-05-09,2022-05-10,98.3551,93.1987,-0.052426200975127735,1,False
Breakout_50,VDE,2022-05-18,2022-06-17,101.8712,94.045,-0.07682423022355012,21,False
Breakout_50,VDE,2022-10-24,2022-12-07,108.5103,105.9584,-0.02351773698192139,31,False
Breakout_50,VDE,2023-07-13,2023-10-04,107.4168,113.0872,0.052788897024452774,58,True
Breakout_50,VDE,2024-03-04,2024-05-02,113.657,121.3545,0.06772626162929263,42,True
Breakout_50,VDE,2024-11-12,2024-12-09,126.7512,123.2909,-0.027300145442695323,18,False
Breakout_50,VDE,2025-08-29,2025-10-13,123.746,119.799,-0.031896202673255436,30,False
Breakout_50,VDE,2026-01-06,2026-04-15,131.1059,157.94,0.20467527986970868,68,True
Breakout_100,VDE,2020-11-25,2021-04-13,44.3139,55.3832,0.24979290556258404,93,True
Breakout_100,VDE,2021-06-03,2021-07-08,64.4853,60.6226,-0.059900444188667246,24,False
Breakout_100,VDE,2021-10-11,2021-11-22,69.4619,65.7583,-0.053318493242989096,30,False
Breakout_100,VDE,2022-01-10,2022-04-26,74.1443,90.686,0.22310064199418944,73,True
Breakout_100,VDE,2022-05-09,2022-05-10,98.3551,93.1987,-0.052426200975127735,1,False
Breakout_100,VDE,2022-05-18,2022-06-17,101.8712,94.045,-0.07682423022355012,21,False
Breakout_100,VDE,2022-11-07,2022-12-07,114.9258,105.9584,-0.07802788899908941,21,False
Breakout_100,VDE,2023-08-01,2023-10-04,111.7458,113.0872,0.012003936557850814,45,True
Breakout_100,VDE,2024-03-20,2024-05-02,120.1922,121.3545,0.009670604577235453,30,True
Breakout_100,VDE,2024-11-12,2024-12-09,126.7512,123.2909,-0.027300145442695323,18,False
Breakout_100,VDE,2025-08-29,2025-10-13,123.746,119.799,-0.031896202673255436,30,False
Breakout_100,VDE,2026-01-06,2026-04-15,131.1059,157.94,0.20467527986970868,68,True
Breakout_50_noSMA,VDE,2020-05-21,2020-06-25,41.8292,39.737,-0.05001822702144654,24,False
Breakout_50_noSMA,VDE,2020-11-17,2021-04-13,39.4439,55.3832,0.40410129543357143,99,True
Breakout_50_noSMA,VDE,2021-06-03,2021-07-08,64.4853,60.6226,-0.059900444188667246,24,False
Breakout_50_noSMA,VDE,2021-09-27,2021-11-22,62.8616,65.7583,0.04607961864807475,40,True
Breakout_50_noSMA,VDE,2022-01-10,2022-04-26,74.1443,90.686,0.22310064199418944,73,True
Breakout_50_noSMA,VDE,2022-05-09,2022-05-10,98.3551,93.1987,-0.052426200975127735,1,False
Breakout_50_noSMA,VDE,2022-05-18,2022-06-17,101.8712,94.045,-0.07682423022355012,21,False
Breakout_50_noSMA,VDE,2022-10-24,2022-12-07,108.5103,105.9584,-0.02351773698192139,31,False
Breakout_50_noSMA,VDE,2023-07-13,2023-10-04,107.4168,113.0872,0.052788897024452774,58,True
Breakout_50_noSMA,VDE,2024-03-04,2024-05-02,113.657,121.3545,0.06772626162929263,42,True
Breakout_50_noSMA,VDE,2024-11-12,2024-12-09,126.7512,123.2909,-0.027300145442695323,18,False
Breakout_50_noSMA,VDE,2025-08-29,2025-10-13,123.746,119.799,-0.031896202673255436,30,False
Breakout_50_noSMA,VDE,2026-01-06,2026-04-15,131.1059,157.94,0.20467527986970868,68,True
Breakout_50,VEA,2020-06-04,2020-09-22,32.9814,34.3441,0.0413191245841682,76,True
Breakout_50,VEA,2020-10-13,2020-10-16,35.4982,35.0012,-0.01400086687691382,3,False
Breakout_50,VEA,2020-11-10,2021-02-01,37.0313,40.3767,0.09033786328841042,55,True
Breakout_50,VEA,2021-02-16,2021-03-01,42.4843,41.3285,-0.027205368412592468,9,False
Breakout_50,VEA,2021-04-06,2021-06-21,42.6825,44.2503,0.03672993815440928,53,True
Breakout_50,VEA,2021-09-02,2021-09-21,45.7049,44.6362,-0.02338195140620969,12,False
Breakout_50,VEA,2022-11-25,2023-02-27,38.3724,40.1874,0.047297830521434214,62,True
Breakout_50,VEA,2023-04-14,2023-05-25,42.1436,40.9372,-0.028626657770578823,29,False
Breakout_50,VEA,2023-06-14,2023-06-26,42.6334,41.4253,-0.02833903765685497,7,False
Breakout_50,VEA,2023-07-14,2023-08-04,43.4485,42.3499,-0.0252843620577492,15,False
Breakout_50,VEA,2023-11-27,2024-02-14,42.1966,44.1229,0.04565248977488845,54,True
Breakout_50,VEA,2024-02-23,2024-04-15,45.5984,46.0976,0.010948391672348734,35,True
Breakout_50,VEA,2024-05-10,2024-06-17,47.4313,46.3794,-0.022178199017443,25,False
Breakout_50,VEA,2024-07-12,2024-07-25,48.6796,46.9258,-0.03602721042477619,9,False
Breakout_50,VEA,2024-08-22,2024-09-09,49.1631,48.1676,-0.02024693534005606,11,False
Breakout_50,VEA,2024-09-20,2024-10-22,49.5738,48.395,-0.02377771626084413,22,False
Breakout_50,VEA,2025-01-31,2025-04-01,48.5702,49.3763,0.016597751601100885,41,True
Breakout_50,VEA,2025-04-30,2025-08-01,50.9757,54.7616,0.07426846386157848,64,True
Breakout_50,VEA,2025-08-14,2025-11-19,57.0575,58.6954,0.028704765326107884,68,True
Breakout_50,VEA,2025-12-11,2026-03-06,61.4932,64.5302,0.049387443042338,57,True
Breakout_100,VEA,2020-07-22,2020-09-22,34.1466,34.3441,0.005785643871903723,43,True
Breakout_100,VEA,2020-10-13,2020-10-16,35.4982,35.0012,-0.01400086687691382,3,False
Breakout_100,VEA,2020-11-10,2021-02-01,37.0313,40.3767,0.09033786328841042,55,True
Breakout_100,VEA,2021-02-16,2021-03-01,42.4843,41.3285,-0.027205368412592468,9,False
Breakout_100,VEA,2021-04-06,2021-06-21,42.6825,44.2503,0.03672993815440928,53,True
Breakout_100,VEA,2021-09-03,2021-09-21,45.8254,44.6362,-0.025950222896647168,11,False
Breakout_100,VEA,2022-12-02,2023-02-27,38.7386,40.1874,0.037397473453284036,57,True
Breakout_100,VEA,2023-04-14,2023-05-25,42.1436,40.9372,-0.028626657770578823,29,False
Breakout_100,VEA,2023-06-14,2023-06-26,42.6334,41.4253,-0.02833903765685497,7,False
Breakout_100,VEA,2023-07-14,2023-08-04,43.4485,42.3499,-0.0252843620577492,15,False
Breakout_100,VEA,2023-12-15,2024-02-14,43.6898,44.1229,0.009915093858274604,40,True
Breakout_100,VEA,2024-02-23,2024-04-15,45.5984,46.0976,0.010948391672348734,35,True
Breakout_100,VEA,2024-05-10,2024-06-17,47.4313,46.3794,-0.022178199017443,25,False
Breakout_100,VEA,2024-07-12,2024-07-25,48.6796,46.9258,-0.03602721042477619,9,False
Breakout_100,VEA,2024-08-22,2024-09-09,49.1631,48.1676,-0.02024693534005606,11,False
Breakout_100,VEA,2024-09-20,2024-10-22,49.5738,48.395,-0.02377771626084413,22,False
Breakout_100,VEA,2025-03-06,2025-04-01,50.3841,49.3763,-0.020001284747814596,18,False
Breakout_100,VEA,2025-04-30,2025-08-01,50.9757,54.7616,0.07426846386157848,64,True
Breakout_100,VEA,2025-08-14,2025-11-19,57.0575,58.6954,0.028704765326107884,68,True
Breakout_100,VEA,2025-12-11,2026-03-06,61.4932,64.5302,0.049387443042338,57,True
Breakout_50_noSMA,VEA,2020-05-27,2020-09-22,31.2473,34.3441,0.09910827910234876,82,True
Breakout_50_noSMA,VEA,2020-10-13,2020-10-16,35.4982,35.0012,-0.01400086687691382,3,False
Breakout_50_noSMA,VEA,2020-11-10,2021-02-01,37.0313,40.3767,0.09033786328841042,55,True
Breakout_50_noSMA,VEA,2021-02-16,2021-03-01,42.4843,41.3285,-0.027205368412592468,9,False
Breakout_50_noSMA,VEA,2021-04-06,2021-06-21,42.6825,44.2503,0.03672993815440928,53,True
Breakout_50_noSMA,VEA,2021-09-02,2021-09-21,45.7049,44.6362,-0.02338195140620969,12,False
Breakout_50_noSMA,VEA,2022-11-11,2023-02-27,37.6489,40.1874,0.0674239034593549,71,True
Breakout_50_noSMA,VEA,2023-04-14,2023-05-25,42.1436,40.9372,-0.028626657770578823,29,False
Breakout_50_noSMA,VEA,2023-06-14,2023-06-26,42.6334,41.4253,-0.02833903765685497,7,False
Breakout_50_noSMA,VEA,2023-07-14,2023-08-04,43.4485,42.3499,-0.0252843620577492,15,False
Breakout_50_noSMA,VEA,2023-11-27,2024-02-14,42.1966,44.1229,0.04565248977488845,54,True
Breakout_50_noSMA,VEA,2024-02-23,2024-04-15,45.5984,46.0976,0.010948391672348734,35,True
Breakout_50_noSMA,VEA,2024-05-10,2024-06-17,47.4313,46.3794,-0.022178199017443,25,False
Breakout_50_noSMA,VEA,2024-07-12,2024-07-25,48.6796,46.9258,-0.03602721042477619,9,False
Breakout_50_noSMA,VEA,2024-08-22,2024-09-09,49.1631,48.1676,-0.02024693534005606,11,False
Breakout_50_noSMA,VEA,2024-09-20,2024-10-22,49.5738,48.395,-0.02377771626084413,22,False
Breakout_50_noSMA,VEA,2025-01-31,2025-04-01,48.5702,49.3763,0.016597751601100885,41,True
Breakout_50_noSMA,VEA,2025-04-30,2025-08-01,50.9757,54.7616,0.07426846386157848,64,True
Breakout_50_noSMA,VEA,2025-08-14,2025-11-19,57.0575,58.6954,0.028704765326107884,68,True
Breakout_50_noSMA,VEA,2025-12-11,2026-03-06,61.4932,64.5302,0.049387443042338,57,True
Breakout_50,VFC,2020-09-15,2020-10-29,63.2392,57.0164,-0.09839966391400823,32,False
Breakout_50,VFC,2020-11-18,2021-01-19,71.3103,70.6611,-0.009103917995895716,40,False
Breakout_50,VFC,2021-04-13,2021-05-24,71.7484,66.0289,-0.07971678800021476,29,False
Breakout_50,VFC,2023-12-15,2024-01-05,19.2933,15.962,-0.17266898146078247,13,False
Breakout_50,VFC,2024-07-18,2024-10-22,15.9179,17.5011,0.09945408197548766,67,True
Breakout_50,VFC,2024-10-30,2024-11-20,20.7262,18.4889,-0.10794394147450015,15,False
Breakout_50,VFC,2025-01-22,2025-03-05,24.1306,21.9811,-0.0890769603446846,29,False
Breakout_50,VFC,2025-10-24,2025-10-29,15.8675,14.2243,-0.1035558799325158,3,False
Breakout_50,VFC,2025-11-26,2026-02-26,17.0058,19.5178,0.1477104744820199,61,True
Breakout_100,VFC,2020-09-15,2020-10-29,63.2392,57.0164,-0.09839966391400823,32,False
Breakout_100,VFC,2020-11-18,2021-01-19,71.3103,70.6611,-0.009103917995895716,40,False
Breakout_100,VFC,2024-08-01,2024-10-22,16.4575,17.5011,0.06340648632250212,57,True
Breakout_100,VFC,2024-10-30,2024-11-20,20.7262,18.4889,-0.10794394147450015,15,False
Breakout_100,VFC,2025-01-22,2025-03-05,24.1306,21.9811,-0.0890769603446846,29,False
Breakout_100,VFC,2025-10-24,2025-10-29,15.8675,14.2243,-0.1035558799325158,3,False
Breakout_100,VFC,2025-11-26,2026-02-26,17.0058,19.5178,0.1477104744820199,61,True
Breakout_50_noSMA,VFC,2020-06-04,2020-06-29,52.4483,47.9373,-0.08600773963433916,17,False
Breakout_50_noSMA,VFC,2020-08-28,2020-10-29,55.5116,57.0164,0.02710800770432087,43,True
Breakout_50_noSMA,VFC,2020-11-18,2021-01-19,71.3103,70.6611,-0.009103917995895716,40,False
Breakout_50_noSMA,VFC,2021-04-13,2021-05-24,71.7484,66.0289,-0.07971678800021476,29,False
Breakout_50_noSMA,VFC,2021-11-15,2021-12-01,66.1258,62.9112,-0.04861276806287085,11,False
Breakout_50_noSMA,VFC,2023-08-14,2023-08-23,18.9444,17.4154,-0.08070861201426549,7,False
Breakout_50_noSMA,VFC,2023-12-15,2024-01-05,19.2933,15.962,-0.17266898146078247,13,False
Breakout_50_noSMA,VFC,2024-06-24,2024-07-02,13.7499,12.3721,-0.10021031681651749,6,False
Breakout_50_noSMA,VFC,2024-07-18,2024-10-22,15.9179,17.5011,0.09945408197548766,67,True
Breakout_50_noSMA,VFC,2024-10-30,2024-11-20,20.7262,18.4889,-0.10794394147450015,15,False
Breakout_50_noSMA,VFC,2025-01-22,2025-03-05,24.1306,21.9811,-0.0890769603446846,29,False
Breakout_50_noSMA,VFC,2025-10-24,2025-10-29,15.8675,14.2243,-0.1035558799325158,3,False
Breakout_50_noSMA,VFC,2025-11-26,2026-02-26,17.0058,19.5178,0.1477104744820199,61,True
Breakout_50,VFH,2020-11-10,2021-02-01,59.6493,65.1647,0.09246347982114833,55,True
Breakout_50,VFH,2021-02-16,2021-06-18,71.241,79.7316,0.1191818052991549,86,True
Breakout_50,VFH,2021-08-11,2021-09-21,86.0181,82.7851,-0.03758469226347749,28,False
Breakout_50,VFH,2021-10-08,2021-11-29,87.6135,89.2485,0.018661280100987332,35,True
Breakout_50,VFH,2022-01-10,2022-01-20,93.3051,88.8699,-0.04753453799891261,7,False
Breakout_50,VFH,2022-11-11,2022-12-16,81.9302,76.088,-0.07130758884008148,24,False
Breakout_50,VFH,2023-01-30,2023-03-03,82.5924,81.6618,-0.011266706068272736,23,False
Breakout_50,VFH,2023-06-16,2023-08-17,77.3342,78.8943,0.020173201687268216,42,True
Breakout_50,VFH,2023-11-20,2024-04-15,80.8924,94.9358,0.17360523967285602,99,True
Breakout_50,VFH,2024-05-20,2024-05-30,99.3603,95.8632,-0.03519666910902519,7,False
Breakout_50,VFH,2024-07-12,2024-08-06,99.5787,96.7544,-0.0283625048323215,17,False
Breakout_50,VFH,2024-08-26,2024-12-19,105.237,115.3031,0.09565188097283617,81,True
Breakout_50,VFH,2025-01-31,2025-03-05,124.4246,118.2455,-0.0496611651115596,22,False
Breakout_50,VFH,2025-05-19,2025-08-04,121.8679,124.3562,0.020417743784611364,52,True
Breakout_50,VFH,2025-08-25,2025-10-13,129.4578,126.8549,-0.02010612037577153,34,False
Breakout_50,VFH,2025-12-12,2026-01-21,133.8374,130.4095,-0.025612355036348733,25,False
Breakout_100,VFH,2020-11-10,2021-02-01,59.6493,65.1647,0.09246347982114833,55,True
Breakout_100,VFH,2021-02-16,2021-06-18,71.241,79.7316,0.1191818052991549,86,True
Breakout_100,VFH,2021-08-11,2021-09-21,86.0181,82.7851,-0.03758469226347749,28,False
Breakout_100,VFH,2021-10-08,2021-11-29,87.6135,89.2485,0.018661280100987332,35,True
Breakout_100,VFH,2022-01-10,2022-01-20,93.3051,88.8699,-0.04753453799891261,7,False
Breakout_100,VFH,2022-12-01,2022-12-16,82.7793,76.088,-0.08083321421768241,11,False
Breakout_100,VFH,2023-01-30,2023-03-03,82.5924,81.6618,-0.011266706068272736,23,False
Breakout_100,VFH,2023-12-01,2024-04-15,83.0448,94.9358,0.1431870612597559,91,True
Breakout_100,VFH,2024-05-20,2024-05-30,99.3603,95.8632,-0.03519666910902519,7,False
Breakout_100,VFH,2024-07-12,2024-08-06,99.5787,96.7544,-0.0283625048323215,17,False
Breakout_100,VFH,2024-08-26,2024-12-19,105.237,115.3031,0.09565188097283617,81,True
Breakout_100,VFH,2025-01-31,2025-03-05,124.4246,118.2455,-0.0496611651115596,22,False
Breakout_100,VFH,2025-07-01,2025-08-04,125.4339,124.3562,-0.008591501968082893,23,False
Breakout_100,VFH,2025-08-25,2025-10-13,129.4578,126.8549,-0.02010612037577153,34,False
Breakout_100,VFH,2025-12-12,2026-01-21,133.8374,130.4095,-0.025612355036348733,25,False
Breakout_50_noSMA,VFH,2020-05-28,2020-06-29,52.9685,49.73,-0.061139991767695245,22,False
Breakout_50_noSMA,VFH,2020-11-10,2021-02-01,59.6493,65.1647,0.09246347982114833,55,True
Breakout_50_noSMA,VFH,2021-02-16,2021-06-18,71.241,79.7316,0.1191818052991549,86,True
Breakout_50_noSMA,VFH,2021-08-11,2021-09-21,86.0181,82.7851,-0.03758469226347749,28,False
Breakout_50_noSMA,VFH,2021-10-08,2021-11-29,87.6135,89.2485,0.018661280100987332,35,True
Breakout_50_noSMA,VFH,2022-01-10,2022-01-20,93.3051,88.8699,-0.04753453799891261,7,False
Breakout_50_noSMA,VFH,2022-08-15,2022-09-01,80.4896,75.1212,-0.06669706994276225,13,False
Breakout_50_noSMA,VFH,2022-11-11,2022-12-16,81.9302,76.088,-0.07130758884008148,24,False
Breakout_50_noSMA,VFH,2023-01-30,2023-03-03,82.5924,81.6618,-0.011266706068272736,23,False
Breakout_50_noSMA,VFH,2023-06-16,2023-08-17,77.3342,78.8943,0.020173201687268216,42,True
Breakout_50_noSMA,VFH,2023-11-20,2024-04-15,80.8924,94.9358,0.17360523967285602,99,True
Breakout_50_noSMA,VFH,2024-05-20,2024-05-30,99.3603,95.8632,-0.03519666910902519,7,False
Breakout_50_noSMA,VFH,2024-07-12,2024-08-06,99.5787,96.7544,-0.0283625048323215,17,False
Breakout_50_noSMA,VFH,2024-08-26,2024-12-19,105.237,115.3031,0.09565188097283617,81,True
Breakout_50_noSMA,VFH,2025-01-31,2025-03-05,124.4246,118.2455,-0.0496611651115596,22,False
Breakout_50_noSMA,VFH,2025-05-19,2025-08-04,121.8679,124.3562,0.020417743784611364,52,True
Breakout_50_noSMA,VFH,2025-08-25,2025-10-13,129.4578,126.8549,-0.02010612037577153,34,False
Breakout_50_noSMA,VFH,2025-12-12,2026-01-21,133.8374,130.4095,-0.025612355036348733,25,False
Breakout_50,VGT,2020-05-11,2020-09-14,29.9404,36.6599,0.2244297146044214,87,True
Breakout_50,VGT,2020-12-02,2021-02-26,40.5682,43.1482,0.06359666216207027,58,True
Breakout_50,VGT,2021-04-14,2021-05-11,46.5457,42.9805,-0.07659720717552254,19,False
Breakout_50,VGT,2021-06-23,2021-09-21,47.3122,50.0555,0.057981577746538004,62,True
Breakout_50,VGT,2021-11-01,2021-12-21,52.7098,53.7224,0.01920946913622945,35,True
Breakout_50,VGT,2021-12-28,2022-01-06,56.7493,53.1632,-0.06319222579010997,7,False
Breakout_50,VGT,2023-02-02,2023-08-07,44.7991,53.7828,0.2005328570168441,127,True
Breakout_50,VGT,2023-11-15,2024-04-05,56.2264,63.7478,0.13377081801985868,96,True
Breakout_50,VGT,2024-05-16,2024-07-25,66.4776,69.3596,0.043353106543239095,47,True
Breakout_50,VGT,2024-10-10,2025-01-13,73.7473,74.9651,0.016513250018663772,63,True
Breakout_50,VGT,2025-05-14,2025-11-14,76.443,92.0945,0.20474719111018813,128,True
Breakout_100,VGT,2020-06-10,2020-09-14,32.9393,36.6599,0.11295175921841483,66,True
Breakout_100,VGT,2020-12-07,2021-02-26,41.1704,43.1482,0.04803964317249321,55,True
Breakout_100,VGT,2021-04-14,2021-05-11,46.5457,42.9805,-0.07659720717552254,19,False
Breakout_100,VGT,2021-06-23,2021-09-21,47.3122,50.0555,0.057981577746538004,62,True
Breakout_100,VGT,2021-11-01,2021-12-21,52.7098,53.7224,0.01920946913622945,35,True
Breakout_100,VGT,2021-12-28,2022-01-06,56.7493,53.1632,-0.06319222579010997,7,False
Breakout_100,VGT,2023-02-02,2023-08-07,44.7991,53.7828,0.2005328570168441,127,True
Breakout_100,VGT,2023-11-21,2024-04-05,56.7923,63.7478,0.12247217812123457,92,True
Breakout_100,VGT,2024-05-16,2024-07-25,66.4776,69.3596,0.043353106543239095,47,True
Breakout_100,VGT,2024-10-30,2025-01-13,75.2707,74.9651,-0.0040599420694731325,49,False
Breakout_100,VGT,2025-06-25,2025-11-14,80.8789,92.0945,0.13867058993950354,100,True
Breakout_50_noSMA,VGT,2020-05-11,2020-09-14,29.9404,36.6599,0.2244297146044214,87,True
Breakout_50_noSMA,VGT,2020-12-02,2021-02-26,40.5682,43.1482,0.06359666216207027,58,True
Breakout_50_noSMA,VGT,2021-04-14,2021-05-11,46.5457,42.9805,-0.07659720717552254,19,False
Breakout_50_noSMA,VGT,2021-06-23,2021-09-21,47.3122,50.0555,0.057981577746538004,62,True
Breakout_50_noSMA,VGT,2021-11-01,2021-12-21,52.7098,53.7224,0.01920946913622945,35,True
Breakout_50_noSMA,VGT,2021-12-28,2022-01-06,56.7493,53.1632,-0.06319222579010997,7,False
Breakout_50_noSMA,VGT,2022-08-01,2022-08-31,44.7943,43.3231,-0.03284308540486425,22,False
Breakout_50_noSMA,VGT,2022-12-02,2022-12-19,41.9147,40.0461,-0.04457950490432194,11,False
Breakout_50_noSMA,VGT,2023-02-02,2023-08-07,44.7991,53.7828,0.2005328570168441,127,True
Breakout_50_noSMA,VGT,2023-11-15,2024-04-05,56.2264,63.7478,0.13377081801985868,96,True
Breakout_50_noSMA,VGT,2024-05-16,2024-07-25,66.4776,69.3596,0.043353106543239095,47,True
Breakout_50_noSMA,VGT,2024-10-10,2025-01-13,73.7473,74.9651,0.016513250018663772,63,True
Breakout_50_noSMA,VGT,2025-05-14,2025-11-14,76.443,92.0945,0.20474719111018813,128,True
Breakout_50,VHT,2020-06-01,2020-06-12,179.2762,173.428,-0.03262083080525269,9,False
Breakout_50,VHT,2020-07-16,2020-09-08,185.3536,184.7278,-0.003376090012551458,37,False
Breakout_50,VHT,2020-10-12,2020-10-29,195.9221,184.8626,-0.0564481874588606,13,False
Breakout_50,VHT,2020-11-05,2021-02-23,199.947,210.916,0.05485933579627944,73,True
Breakout_50,VHT,2021-04-16,2021-09-15,220.8347,239.1681,0.08301853894308353,105,True
Breakout_50,VHT,2021-12-23,2022-01-07,247.7449,238.3137,-0.03806816666951662,10,False
Breakout_50,VHT,2022-03-30,2022-04-25,242.1011,231.1085,-0.04540499631517847,17,False
Breakout_50,VHT,2022-08-11,2022-08-29,233.5243,221.7956,-0.0502245306218172,12,False
Breakout_50,VHT,2022-11-11,2023-01-06,233.2927,235.3031,0.00861737167870058,37,True
Breakout_50,VHT,2023-04-14,2023-05-24,237.4029,228.6781,-0.03675097764155677,28,False
Breakout_50,VHT,2023-07-21,2023-08-18,238.3525,232.9204,-0.02279028126564364,20,False
Breakout_50,VHT,2023-12-04,2024-04-03,230.4793,255.5745,0.10888289265012885,82,True
Breakout_50,VHT,2024-06-25,2024-07-05,261.0539,254.7522,-0.02413954233742388,7,False
Breakout_50,VHT,2024-07-12,2024-08-08,263.788,263.6131,-0.0006629024935908001,19,False
Breakout_50,VHT,2024-08-16,2024-10-04,271.5802,271.0808,-0.0018388153774123728,34,False
Breakout_50,VHT,2025-08-25,2026-01-29,252.6824,285.5527,0.13008534180801812,108,True
Breakout_100,VHT,2020-06-09,2020-06-12,181.2561,173.428,-0.043188025692604715,3,False
Breakout_100,VHT,2020-07-16,2020-09-08,185.3536,184.7278,-0.003376090012551458,37,False
Breakout_100,VHT,2020-10-12,2020-10-29,195.9221,184.8626,-0.0564481874588606,13,False
Breakout_100,VHT,2020-11-05,2021-02-23,199.947,210.916,0.05485933579627944,73,True
Breakout_100,VHT,2021-04-16,2021-09-15,220.8347,239.1681,0.08301853894308353,105,True
Breakout_100,VHT,2021-12-27,2022-01-07,249.0117,238.3137,-0.042962099532520504,9,False
Breakout_100,VHT,2022-11-28,2023-01-06,236.2783,235.3031,-0.004127351910769406,27,False
Breakout_100,VHT,2023-07-24,2023-08-18,240.3931,232.9204,-0.031085536469471653,19,False
Breakout_100,VHT,2023-12-27,2024-04-03,240.4314,255.5745,0.06298330704409749,66,True
Breakout_100,VHT,2024-07-15,2024-08-08,265.294,263.6131,-0.006335764486745554,18,False
Breakout_100,VHT,2024-08-16,2024-10-04,271.5802,271.0808,-0.0018388153774123728,34,False
Breakout_100,VHT,2025-09-10,2026-01-29,254.1422,285.5527,0.12359395989333333,97,True
Breakout_50_noSMA,VHT,2020-06-01,2020-06-12,179.2762,173.428,-0.03262083080525269,9,False
Breakout_50_noSMA,VHT,2020-07-16,2020-09-08,185.3536,184.7278,-0.003376090012551458,37,False
Breakout_50_noSMA,VHT,2020-10-12,2020-10-29,195.9221,184.8626,-0.0564481874588606,13,False
Breakout_50_noSMA,VHT,2020-11-05,2021-02-23,199.947,210.916,0.05485933579627944,73,True
Breakout_50_noSMA,VHT,2021-04-16,2021-09-15,220.8347,239.1681,0.08301853894308353,105,True
Breakout_50_noSMA,VHT,2021-12-23,2022-01-07,247.7449,238.3137,-0.03806816666951662,10,False
Breakout_50_noSMA,VHT,2022-03-30,2022-04-25,242.1011,231.1085,-0.04540499631517847,17,False
Breakout_50_noSMA,VHT,2022-07-29,2022-08-29,231.1256,221.7956,-0.04036772235731467,21,False
Breakout_50_noSMA,VHT,2022-11-11,2023-01-06,233.2927,235.3031,0.00861737167870058,37,True
Breakout_50_noSMA,VHT,2023-04-14,2023-05-24,237.4029,228.6781,-0.03675097764155677,28,False
Breakout_50_noSMA,VHT,2023-07-21,2023-08-18,238.3525,232.9204,-0.02279028126564364,20,False
Breakout_50_noSMA,VHT,2023-12-04,2024-04-03,230.4793,255.5745,0.10888289265012885,82,True
Breakout_50_noSMA,VHT,2024-06-25,2024-07-05,261.0539,254.7522,-0.02413954233742388,7,False
Breakout_50_noSMA,VHT,2024-07-12,2024-08-08,263.788,263.6131,-0.0006629024935908001,19,False
Breakout_50_noSMA,VHT,2024-08-16,2024-10-04,271.5802,271.0808,-0.0018388153774123728,34,False
Breakout_50_noSMA,VHT,2025-08-21,2026-01-29,250.5123,285.5527,0.13987464156528495,110,True
Breakout_50,VLO,2020-11-17,2021-02-01,43.8361,47.1661,0.07596366802453369,50,True
Breakout_50,VLO,2021-02-09,2021-04-12,53.6686,60.501,0.12730645153806353,42,True
Breakout_50,VLO,2021-06-02,2021-06-21,70.5413,65.3712,-0.07329166923951835,13,False
Breakout_50,VLO,2021-09-28,2021-11-19,62.1657,63.1673,0.016112206206637003,38,True
Breakout_50,VLO,2022-01-10,2022-03-02,70.8674,72.9358,0.029186737069808455,35,True
Breakout_50,VLO,2022-03-22,2022-06-17,82.9278,104.1808,0.25628238867448605,61,True
Breakout_50,VLO,2022-10-24,2022-12-06,115.371,108.766,-0.05725046812836365,30,False
Breakout_50,VLO,2023-01-23,2023-02-07,130.1294,116.9234,-0.10148354250319347,11,False
Breakout_50,VLO,2023-07-25,2023-10-04,115.4574,121.9242,0.056010359276402966,50,True
Breakout_50,VLO,2024-01-29,2024-05-01,129.2152,151.2834,0.1707858837179308,65,True
Breakout_50,VLO,2025-06-17,2025-08-04,136.5583,131.9558,-0.03370342432006801,32,False
Breakout_50,VLO,2025-09-03,2025-12-15,153.9122,167.277,0.08683362970869313,72,True
Breakout_50,VLO,2026-01-09,2026-04-20,190.326,224.52,0.17966024597156238,68,True
Breakout_100,VLO,2020-11-25,2021-02-01,47.5637,47.1661,-0.008359571313055203,44,False
Breakout_100,VLO,2021-02-09,2021-04-12,53.6686,60.501,0.12730645153806353,42,True
Breakout_100,VLO,2021-06-03,2021-06-21,71.4782,65.3712,-0.08543862018633408,12,False
Breakout_100,VLO,2022-01-12,2022-03-02,74.1312,72.9358,-0.016125851797608837,33,False
Breakout_100,VLO,2022-03-22,2022-06-17,82.9278,104.1808,0.25628238867448605,61,True
Breakout_100,VLO,2022-11-14,2022-12-06,120.8704,108.766,-0.10014413427183733,15,False
Breakout_100,VLO,2023-01-23,2023-02-07,130.1294,116.9234,-0.10148354250319347,11,False
Breakout_100,VLO,2023-09-11,2023-10-04,132.819,121.9242,-0.08202802141223597,17,False
Breakout_100,VLO,2024-02-27,2024-05-01,138.0844,151.2834,0.09558649811075526,45,True
Breakout_100,VLO,2025-07-07,2025-08-04,140.7219,131.9558,-0.062294050091098674,20,False
Breakout_100,VLO,2025-09-03,2025-12-15,153.9122,167.277,0.08683362970869313,72,True
Breakout_100,VLO,2026-01-09,2026-04-20,190.326,224.52,0.17966024597156238,68,True
Breakout_50_noSMA,VLO,2020-05-21,2020-06-25,53.588,45.7761,-0.14577740070124656,24,False
Breakout_50_noSMA,VLO,2020-11-17,2021-02-01,43.8361,47.1661,0.07596366802453369,50,True
Breakout_50_noSMA,VLO,2021-02-09,2021-04-12,53.6686,60.501,0.12730645153806353,42,True
Breakout_50_noSMA,VLO,2021-06-02,2021-06-21,70.5413,65.3712,-0.07329166923951835,13,False
Breakout_50_noSMA,VLO,2021-09-28,2021-11-19,62.1657,63.1673,0.016112206206637003,38,True
Breakout_50_noSMA,VLO,2022-01-10,2022-03-02,70.8674,72.9358,0.029186737069808455,35,True
Breakout_50_noSMA,VLO,2022-03-22,2022-06-17,82.9278,104.1808,0.25628238867448605,61,True
Breakout_50_noSMA,VLO,2022-10-24,2022-12-06,115.371,108.766,-0.05725046812836365,30,False
Breakout_50_noSMA,VLO,2023-01-23,2023-02-07,130.1294,116.9234,-0.10148354250319347,11,False
Breakout_50_noSMA,VLO,2023-07-21,2023-10-04,112.1033,121.9242,0.08760574029027501,52,True
Breakout_50_noSMA,VLO,2024-01-29,2024-05-01,129.2152,151.2834,0.1707858837179308,65,True
Breakout_50_noSMA,VLO,2025-06-17,2025-08-04,136.5583,131.9558,-0.03370342432006801,32,False
Breakout_50_noSMA,VLO,2025-09-03,2025-12-15,153.9122,167.277,0.08683362970869313,72,True
Breakout_50_noSMA,VLO,2026-01-09,2026-04-20,190.326,224.52,0.17966024597156238,68,True
Breakout_50,VPU,2020-06-09,2020-06-22,113.5029,104.4931,-0.07938009106124644,9,False
Breakout_50,VPU,2020-10-09,2020-12-07,116.7994,114.7507,-0.017539838783909634,40,False
Breakout_50,VPU,2021-03-29,2021-05-13,119.0946,120.6719,0.01324394600361578,32,True
Breakout_50,VPU,2021-07-28,2021-09-17,125.9792,126.5231,0.00431794580808087,36,True
Breakout_50,VPU,2021-12-07,2022-01-24,130.5689,131.449,0.006740823602590318,32,True
Breakout_50,VPU,2022-03-28,2022-05-02,139.8223,137.0419,-0.019885203743115087,24,False
Breakout_50,VPU,2022-08-10,2022-09-22,146.1665,141.551,-0.031577196941950936,30,False
Breakout_50,VPU,2022-12-14,2023-01-19,142.2218,136.5904,-0.03959588291348248,23,False
Breakout_50,VPU,2023-12-14,2024-01-18,132.6299,124.1398,-0.06401308290068108,22,False
Breakout_50,VPU,2024-03-28,2024-06-27,133.4047,141.8663,0.06342814715597367,62,True
Breakout_50,VPU,2024-08-01,2024-11-04,150.7541,159.9291,0.06086060156923434,66,True
Breakout_50,VPU,2024-11-27,2024-12-09,171.9961,165.2486,-0.03923105501665214,7,False
Breakout_50,VPU,2025-05-07,2025-09-04,169.4002,178.98,0.056551225433581154,82,True
Breakout_50,VPU,2025-09-29,2025-11-20,185.9774,190.5435,0.024551854523182648,38,True
Breakout_50,VPU,2026-02-13,2026-03-23,194.6554,193.7315,-0.004746389401979245,25,False
Breakout_100,VPU,2020-10-09,2020-12-07,116.7994,114.7507,-0.017539838783909634,40,False
Breakout_100,VPU,2021-04-14,2021-05-13,123.0464,120.6719,-0.019297813056857183,21,False
Breakout_100,VPU,2021-08-06,2021-09-17,127.2312,126.5231,-0.005565013781807848,29,False
Breakout_100,VPU,2021-12-14,2022-01-24,132.8767,131.449,-0.010744303076638428,27,False
Breakout_100,VPU,2022-03-28,2022-05-02,139.8223,137.0419,-0.019885203743115087,24,False
Breakout_100,VPU,2022-08-15,2022-09-22,148.0519,141.551,-0.04390955010410125,27,False
Breakout_100,VPU,2024-04-01,2024-06-27,134.6216,141.8663,0.05381537162348016,61,True
Breakout_100,VPU,2024-08-01,2024-11-04,150.7541,159.9291,0.06086060156923434,66,True
Breakout_100,VPU,2024-11-27,2024-12-09,171.9961,165.2486,-0.03923105501665214,7,False
Breakout_100,VPU,2025-05-07,2025-09-04,169.4002,178.98,0.056551225433581154,82,True
Breakout_100,VPU,2025-09-29,2025-11-20,185.9774,190.5435,0.024551854523182648,38,True
Breakout_100,VPU,2026-02-25,2026-03-23,202.6328,193.7315,-0.043928044865783056,18,False
Breakout_50_noSMA,VPU,2020-06-09,2020-06-22,113.5029,104.4931,-0.07938009106124644,9,False
Breakout_50_noSMA,VPU,2020-10-09,2020-12-07,116.7994,114.7507,-0.017539838783909634,40,False
Breakout_50_noSMA,VPU,2021-03-29,2021-05-13,119.0946,120.6719,0.01324394600361578,32,True
Breakout_50_noSMA,VPU,2021-07-28,2021-09-17,125.9792,126.5231,0.00431794580808087,36,True
Breakout_50_noSMA,VPU,2021-12-07,2022-01-24,130.5689,131.449,0.006740823602590318,32,True
Breakout_50_noSMA,VPU,2022-03-28,2022-05-02,139.8223,137.0419,-0.019885203743115087,24,False
Breakout_50_noSMA,VPU,2022-08-10,2022-09-22,146.1665,141.551,-0.031577196941950936,30,False
Breakout_50_noSMA,VPU,2022-12-14,2023-01-19,142.2218,136.5904,-0.03959588291348248,23,False
Breakout_50_noSMA,VPU,2023-12-14,2024-01-18,132.6299,124.1398,-0.06401308290068108,22,False
Breakout_50_noSMA,VPU,2024-03-28,2024-06-27,133.4047,141.8663,0.06342814715597367,62,True
Breakout_50_noSMA,VPU,2024-08-01,2024-11-04,150.7541,159.9291,0.06086060156923434,66,True
Breakout_50_noSMA,VPU,2024-11-27,2024-12-09,171.9961,165.2486,-0.03923105501665214,7,False
Breakout_50_noSMA,VPU,2025-05-07,2025-09-04,169.4002,178.98,0.056551225433581154,82,True
Breakout_50_noSMA,VPU,2025-09-29,2025-11-20,185.9774,190.5435,0.024551854523182648,38,True
Breakout_50_noSMA,VPU,2026-02-13,2026-03-23,194.6554,193.7315,-0.004746389401979245,25,False
Breakout_50,VRTX,2020-04-07,2020-06-09,263.15,267.28,0.01569448975338794,43,True
Breakout_50,VRTX,2020-06-24,2020-07-27,294.93,280.84,-0.04777403684873738,22,False
Breakout_50,VRTX,2021-12-02,2022-05-09,201.82,251.0,0.2436824442126535,108,True
Breakout_50,VRTX,2022-07-08,2022-08-02,291.36,275.82,-0.05333600634484115,17,False
Breakout_50,VRTX,2022-08-10,2022-08-29,301.2,278.75,-0.07453523007030993,13,False
Breakout_50,VRTX,2022-10-25,2022-10-28,312.0,302.0,-0.03205128205128205,3,False
Breakout_50,VRTX,2022-11-23,2022-12-14,323.48,305.86,-0.054470214654191884,14,False
Breakout_50,VRTX,2023-04-13,2023-05-31,326.97,327.13,0.0004893527281157883,33,True
Breakout_50,VRTX,2023-07-18,2023-08-07,356.32,342.38,-0.0391221434521416,14,False
Breakout_50,VRTX,2023-10-12,2023-11-16,366.37,350.72,-0.042716363526108525,25,False
Breakout_50,VRTX,2023-12-14,2024-03-01,404.1,423.2,0.04726554272464645,52,True
Breakout_50,VRTX,2024-05-16,2024-08-06,434.59,474.01,0.09070621450081795,55,True
Breakout_50,VRTX,2024-11-11,2024-11-18,518.27,465.19,-0.10241768786443028,5,False
Breakout_50,VRTX,2025-02-05,2025-04-07,484.5,465.93,-0.038328188491679516,42,False
Breakout_50,VRTX,2025-12-04,2026-01-16,462.0,440.46,-0.046623395118878475,29,False
Breakout_50,VRTX,2026-02-17,2026-03-06,489.46,457.3,-0.0657050713511913,13,False
Breakout_100,VRTX,2020-04-07,2020-06-09,263.15,267.28,0.01569448975338794,43,True
Breakout_100,VRTX,2020-06-24,2020-07-27,294.93,280.84,-0.04777403684873738,22,False
Breakout_100,VRTX,2021-12-02,2022-05-09,201.82,251.0,0.2436824442126535,108,True
Breakout_100,VRTX,2022-07-08,2022-08-02,291.36,275.82,-0.05333600634484115,17,False
Breakout_100,VRTX,2022-08-10,2022-08-29,301.2,278.75,-0.07453523007030993,13,False
Breakout_100,VRTX,2022-10-25,2022-10-28,312.0,302.0,-0.03205128205128205,3,False
Breakout_100,VRTX,2022-11-23,2022-12-14,323.48,305.86,-0.054470214654191884,14,False
Breakout_100,VRTX,2023-04-13,2023-05-31,326.97,327.13,0.0004893527281157883,33,True
Breakout_100,VRTX,2023-07-18,2023-08-07,356.32,342.38,-0.0391221434521416,14,False
Breakout_100,VRTX,2023-10-13,2023-11-16,368.57,350.72,-0.04843043587052809,24,False
Breakout_100,VRTX,2023-12-14,2024-03-01,404.1,423.2,0.04726554272464645,52,True
Breakout_100,VRTX,2024-05-24,2024-08-06,451.9,474.01,0.048926789483881405,49,True
Breakout_100,VRTX,2024-11-11,2024-11-18,518.27,465.19,-0.10241768786443028,5,False
Breakout_100,VRTX,2026-01-07,2026-01-16,469.13,440.46,-0.061113152280455996,7,False
Breakout_100,VRTX,2026-02-17,2026-03-06,489.46,457.3,-0.0657050713511913,13,False
Breakout_50_noSMA,VRTX,2020-04-07,2020-06-09,263.15,267.28,0.01569448975338794,43,True
Breakout_50_noSMA,VRTX,2020-06-24,2020-07-27,294.93,280.84,-0.04777403684873738,22,False
Breakout_50_noSMA,VRTX,2021-12-02,2022-05-09,201.82,251.0,0.2436824442126535,108,True
Breakout_50_noSMA,VRTX,2022-07-08,2022-08-02,291.36,275.82,-0.05333600634484115,17,False
Breakout_50_noSMA,VRTX,2022-08-10,2022-08-29,301.2,278.75,-0.07453523007030993,13,False
Breakout_50_noSMA,VRTX,2022-10-25,2022-10-28,312.0,302.0,-0.03205128205128205,3,False
Breakout_50_noSMA,VRTX,2022-11-23,2022-12-14,323.48,305.86,-0.054470214654191884,14,False
Breakout_50_noSMA,VRTX,2023-04-13,2023-05-31,326.97,327.13,0.0004893527281157883,33,True
Breakout_50_noSMA,VRTX,2023-07-18,2023-08-07,356.32,342.38,-0.0391221434521416,14,False
Breakout_50_noSMA,VRTX,2023-10-12,2023-11-16,366.37,350.72,-0.042716363526108525,25,False
Breakout_50_noSMA,VRTX,2023-12-14,2024-03-01,404.1,423.2,0.04726554272464645,52,True
Breakout_50_noSMA,VRTX,2024-05-16,2024-08-06,434.59,474.01,0.09070621450081795,55,True
Breakout_50_noSMA,VRTX,2024-11-11,2024-11-18,518.27,465.19,-0.10241768786443028,5,False
Breakout_50_noSMA,VRTX,2025-02-05,2025-04-07,484.5,465.93,-0.038328188491679516,42,False
Breakout_50_noSMA,VRTX,2025-10-22,2026-01-16,426.27,440.46,0.0332887672299893,59,True
Breakout_50_noSMA,VRTX,2026-02-17,2026-03-06,489.46,457.3,-0.0657050713511913,13,False
Breakout_50,VTR,2020-09-04,2020-09-24,36.365,32.5068,-0.10609491875137789,13,False
Breakout_50,VTR,2020-11-10,2021-01-11,39.1843,39.2387,0.0013887183539433856,41,True
Breakout_50,VTR,2021-02-19,2021-05-06,43.3166,45.3222,0.04630021087343694,53,True
Breakout_50,VTR,2021-06-02,2021-08-10,48.387,48.7832,0.00818865650659606,48,True
Breakout_50,VTR,2022-03-03,2022-04-27,48.8054,50.6392,0.03757324442421495,38,True
Breakout_50,VTR,2023-01-12,2023-03-01,44.3813,43.4113,-0.021857912877163987,32,False
Breakout_50,VTR,2023-07-06,2023-08-07,44.0628,41.2047,-0.06486465018981447,22,False
Breakout_50,VTR,2023-12-04,2024-01-31,43.047,44.2807,0.028659414769558467,39,True
Breakout_50,VTR,2024-04-30,2024-11-07,41.9387,60.9935,0.4543481659037476,133,True
Breakout_50,VTR,2025-02-14,2025-04-08,62.6066,64.0784,0.023507793726207815,36,True
Breakout_50,VTR,2025-07-22,2025-09-18,65.3264,65.7383,0.006305465411927447,41,True
Breakout_50,VTR,2025-10-01,2025-10-10,69.1306,66.8592,-0.03285709644319512,7,False
Breakout_50,VTR,2025-10-20,2026-01-06,70.0195,75.6649,0.0806261727936115,53,True
Breakout_50,VTR,2026-02-09,2026-03-24,82.8786,81.0702,-0.021820010917548927,30,False
Breakout_100,VTR,2020-09-15,2020-09-24,37.2351,32.5068,-0.12698431846221114,7,False
Breakout_100,VTR,2020-11-10,2021-01-11,39.1843,39.2387,0.0013887183539433856,41,True
Breakout_100,VTR,2021-02-22,2021-05-06,43.5929,45.3222,0.03966766319728099,52,True
Breakout_100,VTR,2021-06-03,2021-08-10,49.2229,48.7832,-0.008931627082887639,47,False
Breakout_100,VTR,2022-03-09,2022-04-27,50.6573,50.6392,-0.0003567094955960748,34,False
Breakout_100,VTR,2023-01-13,2023-03-01,44.1658,43.4113,-0.017083535097883962,31,False
Breakout_100,VTR,2023-07-21,2023-08-07,45.611,41.2047,-0.09660561760789355,11,False
Breakout_100,VTR,2023-12-15,2024-01-31,46.7785,44.2807,-0.053397181886385314,30,False
Breakout_100,VTR,2024-06-03,2024-11-07,47.3474,60.9935,0.2882116266919936,110,True
Breakout_100,VTR,2025-02-25,2025-04-08,65.7186,64.0784,-0.024958325622767674,30,False
Breakout_100,VTR,2025-09-16,2025-09-18,68.455,65.7383,-0.03968482612522772,2,False
Breakout_100,VTR,2025-10-01,2025-10-10,69.1306,66.8592,-0.03285709644319512,7,False
Breakout_100,VTR,2025-10-20,2026-01-06,70.0195,75.6649,0.0806261727936115,53,True
Breakout_100,VTR,2026-02-09,2026-03-24,82.8786,81.0702,-0.021820010917548927,30,False
Breakout_50_noSMA,VTR,2020-05-28,2020-07-10,30.4947,28.0495,-0.08018672447801245,30,False
Breakout_50_noSMA,VTR,2020-09-04,2020-09-24,36.365,32.5068,-0.10609491875137789,13,False
Breakout_50_noSMA,VTR,2020-11-10,2021-01-11,39.1843,39.2387,0.0013887183539433856,41,True
Breakout_50_noSMA,VTR,2021-02-19,2021-05-06,43.3166,45.3222,0.04630021087343694,53,True
Breakout_50_noSMA,VTR,2021-06-02,2021-08-10,48.387,48.7832,0.00818865650659606,48,True
Breakout_50_noSMA,VTR,2022-03-03,2022-04-27,48.8054,50.6392,0.03757324442421495,38,True
Breakout_50_noSMA,VTR,2023-01-09,2023-03-01,43.0071,43.4113,0.009398469917153873,35,True
Breakout_50_noSMA,VTR,2023-07-06,2023-08-07,44.0628,41.2047,-0.06486465018981447,22,False
Breakout_50_noSMA,VTR,2023-12-04,2024-01-31,43.047,44.2807,0.028659414769558467,39,True
Breakout_50_noSMA,VTR,2024-04-30,2024-11-07,41.9387,60.9935,0.4543481659037476,133,True
Breakout_50_noSMA,VTR,2025-02-14,2025-04-08,62.6066,64.0784,0.023507793726207815,36,True
Breakout_50_noSMA,VTR,2025-07-22,2025-09-18,65.3264,65.7383,0.006305465411927447,41,True
Breakout_50_noSMA,VTR,2025-10-01,2025-10-10,69.1306,66.8592,-0.03285709644319512,7,False
Breakout_50_noSMA,VTR,2025-10-20,2026-01-06,70.0195,75.6649,0.0806261727936115,53,True
Breakout_50_noSMA,VTR,2026-02-09,2026-03-24,82.8786,81.0702,-0.021820010917548927,30,False
Breakout_50,VWO,2020-06-04,2020-09-09,32.87,36.555,0.11210924459644267,67,True
Breakout_50,VWO,2020-10-12,2020-10-29,38.2058,37.2498,-0.025022153853706763,13,False
Breakout_50,VWO,2020-11-05,2021-03-01,39.4495,45.6206,0.15643229195061759,77,True
Breakout_50,VWO,2021-06-02,2021-07-07,46.8044,45.662,-0.02440682931740823,24,False
Breakout_50,VWO,2023-01-05,2023-02-21,36.4222,36.8038,0.010478997468978735,31,True
Breakout_50,VWO,2023-06-14,2023-07-07,37.6489,36.8206,-0.022001151716177225,15,False
Breakout_50,VWO,2023-07-14,2023-08-14,38.4481,36.9852,-0.038049825611337296,21,False
Breakout_50,VWO,2023-11-16,2024-01-17,37.0564,36.6296,-0.011519308469318479,40,False
Breakout_50,VWO,2024-02-23,2024-04-16,39.1531,38.5017,-0.016638188663666398,36,False
Breakout_50,VWO,2024-05-03,2024-07-22,40.9899,41.8386,0.02070522689705845,53,True
Breakout_50,VWO,2024-09-24,2024-11-12,44.4391,43.5661,-0.019645596596375547,35,False
Breakout_50,VWO,2025-05-13,2025-11-18,45.7918,52.8216,0.15351745027054275,131,True
Breakout_50,VWO,2026-01-06,2026-03-04,55.61,55.42,-0.0034166955461403248,39,False
Breakout_100,VWO,2020-08-06,2020-09-09,36.9739,36.555,-0.01132990097129849,23,False
Breakout_100,VWO,2020-10-12,2020-10-29,38.2058,37.2498,-0.025022153853706763,13,False
Breakout_100,VWO,2020-11-05,2021-03-01,39.4495,45.6206,0.15643229195061759,77,True
Breakout_100,VWO,2023-01-11,2023-02-21,37.6308,36.8038,-0.021975256227166562,27,False
Breakout_100,VWO,2023-07-14,2023-08-14,38.4481,36.9852,-0.038049825611337296,21,False
Breakout_100,VWO,2023-12-29,2024-01-17,38.5787,36.6296,-0.050524648604355016,11,False
Breakout_100,VWO,2024-02-23,2024-04-16,39.1531,38.5017,-0.016638188663666398,36,False
Breakout_100,VWO,2024-05-03,2024-07-22,40.9899,41.8386,0.02070522689705845,53,True
Breakout_100,VWO,2024-09-24,2024-11-12,44.4391,43.5661,-0.019645596596375547,35,False
Breakout_100,VWO,2025-05-13,2025-11-18,45.7918,52.8216,0.15351745027054275,131,True
Breakout_100,VWO,2026-01-06,2026-03-04,55.61,55.42,-0.0034166955461403248,39,False
Breakout_50_noSMA,VWO,2020-06-02,2020-09-09,32.2526,36.555,0.1333969952420362,69,True
Breakout_50_noSMA,VWO,2020-10-12,2020-10-29,38.2058,37.2498,-0.025022153853706763,13,False
Breakout_50_noSMA,VWO,2020-11-05,2021-03-01,39.4495,45.6206,0.15643229195061759,77,True
Breakout_50_noSMA,VWO,2021-06-02,2021-07-07,46.8044,45.662,-0.02440682931740823,24,False
Breakout_50_noSMA,VWO,2022-12-01,2023-02-21,36.3196,36.8038,0.013332012462087484,54,True
Breakout_50_noSMA,VWO,2023-06-14,2023-07-07,37.6489,36.8206,-0.022001151716177225,15,False
Breakout_50_noSMA,VWO,2023-07-14,2023-08-14,38.4481,36.9852,-0.038049825611337296,21,False
Breakout_50_noSMA,VWO,2023-11-16,2024-01-17,37.0564,36.6296,-0.011519308469318479,40,False
Breakout_50_noSMA,VWO,2024-02-23,2024-04-16,39.1531,38.5017,-0.016638188663666398,36,False
Breakout_50_noSMA,VWO,2024-05-03,2024-07-22,40.9899,41.8386,0.02070522689705845,53,True
Breakout_50_noSMA,VWO,2024-09-24,2024-11-12,44.4391,43.5661,-0.019645596596375547,35,False
Breakout_50_noSMA,VWO,2025-05-13,2025-11-18,45.7918,52.8216,0.15351745027054275,131,True
Breakout_50_noSMA,VWO,2026-01-06,2026-03-04,55.61,55.42,-0.0034166955461403248,39,False
Breakout_50,VZ,2020-08-05,2020-10-15,41.301,41.7049,0.009778395272622031,50,True
Breakout_50,VZ,2020-11-11,2020-12-23,43.9871,42.4872,-0.03410033318559513,29,False
Breakout_50,VZ,2021-03-30,2021-04-28,42.7026,41.3291,-0.03216470529679605,20,False
Breakout_50,VZ,2021-05-07,2021-05-19,43.1107,41.4391,-0.038775635001619735,8,False
Breakout_50,VZ,2022-01-10,2022-01-27,41.3719,38.6537,-0.06570013191919588,12,False
Breakout_50,VZ,2022-04-22,2022-04-25,41.0687,39.4548,-0.03929641104971493,1,False
Breakout_50,VZ,2023-11-01,2024-03-07,30.0774,34.6354,0.1515450553549209,86,True
Breakout_50,VZ,2024-07-02,2024-07-23,36.5392,34.5591,-0.05419181731111866,14,False
Breakout_50,VZ,2024-09-04,2024-10-23,38.3593,37.9253,-0.011314878976925846,35,False
Breakout_50,VZ,2025-02-21,2025-04-08,39.1229,39.6485,0.013433790926620448,32,True
Breakout_50,VZ,2025-08-14,2025-09-23,41.6602,41.089,-0.013711193018746681,27,False
Breakout_50,VZ,2026-02-02,2026-04-09,43.9194,47.1016,0.07245396774963764,46,True
Breakout_100,VZ,2020-08-10,2020-10-15,41.649,41.7049,0.0013421123172348004,47,True
Breakout_100,VZ,2020-11-11,2020-12-23,43.9871,42.4872,-0.03410033318559513,29,False
Breakout_100,VZ,2022-04-22,2022-04-25,41.0687,39.4548,-0.03929641104971493,1,False
Breakout_100,VZ,2023-11-21,2024-03-07,31.309,34.6354,0.10624551680175087,72,True
Breakout_100,VZ,2024-09-04,2024-10-23,38.3593,37.9253,-0.011314878976925846,35,False
Breakout_100,VZ,2025-03-10,2025-04-08,42.47,39.6485,-0.06643517753004524,21,False
Breakout_100,VZ,2025-08-20,2025-09-23,42.9169,41.089,-0.042591051898724586,23,False
Breakout_100,VZ,2026-02-02,2026-04-09,43.9194,47.1016,0.07245396774963764,46,True
Breakout_50_noSMA,VZ,2020-08-05,2020-10-15,41.301,41.7049,0.009778395272622031,50,True
Breakout_50_noSMA,VZ,2020-11-11,2020-12-23,43.9871,42.4872,-0.03410033318559513,29,False
Breakout_50_noSMA,VZ,2021-03-30,2021-04-28,42.7026,41.3291,-0.03216470529679605,20,False
Breakout_50_noSMA,VZ,2021-05-07,2021-05-19,43.1107,41.4391,-0.038775635001619735,8,False
Breakout_50_noSMA,VZ,2022-01-05,2022-01-27,40.3917,38.6537,-0.0430279239059671,15,False
Breakout_50_noSMA,VZ,2022-04-22,2022-04-25,41.0687,39.4548,-0.03929641104971493,1,False
Breakout_50_noSMA,VZ,2023-01-04,2023-02-22,32.0787,31.6506,-0.013342829324775707,33,False
Breakout_50_noSMA,VZ,2023-11-01,2024-03-07,30.0774,34.6354,0.1515450553549209,86,True
Breakout_50_noSMA,VZ,2024-07-02,2024-07-23,36.5392,34.5591,-0.05419181731111866,14,False
Breakout_50_noSMA,VZ,2024-09-04,2024-10-23,38.3593,37.9253,-0.011314878976925846,35,False
Breakout_50_noSMA,VZ,2025-02-21,2025-04-08,39.1229,39.6485,0.013433790926620448,32,True
Breakout_50_noSMA,VZ,2025-08-14,2025-09-23,41.6602,41.089,-0.013711193018746681,27,False
Breakout_50_noSMA,VZ,2026-02-02,2026-04-09,43.9194,47.1016,0.07245396774963764,46,True
Breakout_50,WFC,2020-11-25,2021-02-01,25.1252,26.7304,0.06388976930129919,44,True
Breakout_50,WFC,2021-02-18,2021-06-18,32.42,37.1628,0.14629272533404714,84,True
Breakout_50,WFC,2021-08-09,2021-09-01,43.5752,40.9245,-0.06083026124051061,17,False
Breakout_50,WFC,2021-10-29,2021-11-29,45.8946,44.6514,-0.027087297606764982,20,False
Breakout_50,WFC,2022-01-05,2022-02-25,47.573,48.0124,0.009235085471911653,35,True
Breakout_50,WFC,2022-11-02,2022-12-06,42.8569,40.1887,-0.06225857288090453,23,False
Breakout_50,WFC,2023-02-08,2023-03-08,44.1673,40.9821,-0.07211737712551014,19,False
Breakout_50,WFC,2023-06-09,2023-08-16,39.5016,40.1209,0.01567805874842798,46,True
Breakout_50,WFC,2023-11-29,2024-05-30,41.4559,56.5274,0.36355400234609325,125,True
Breakout_50,WFC,2024-10-14,2024-12-19,59.3318,67.5918,0.1392179841739669,47,True
Breakout_50,WFC,2025-01-30,2025-03-05,77.0878,71.6546,-0.07048081296331055,23,False
Breakout_50,WFC,2025-06-26,2025-08-04,78.1787,77.2734,-0.011581118523465883,26,False
Breakout_50,WFC,2025-09-22,2025-10-03,83.0332,80.2021,-0.03409627148129879,9,False
Breakout_50,WFC,2025-12-04,2026-01-15,88.9628,88.903,-0.0006712257305192537,28,False
Breakout_100,WFC,2020-11-25,2021-02-01,25.1252,26.7304,0.06388976930129919,44,True
Breakout_100,WFC,2021-02-18,2021-06-18,32.42,37.1628,0.14629272533404714,84,True
Breakout_100,WFC,2021-08-09,2021-09-01,43.5752,40.9245,-0.06083026124051061,17,False
Breakout_100,WFC,2021-11-02,2021-11-29,46.1542,44.6514,-0.03256152174284366,18,False
Breakout_100,WFC,2022-01-05,2022-02-25,47.573,48.0124,0.009235085471911653,35,True
Breakout_100,WFC,2022-11-02,2022-12-06,42.8569,40.1887,-0.06225857288090453,23,False
Breakout_100,WFC,2023-02-08,2023-03-08,44.1673,40.9821,-0.07211737712551014,19,False
Breakout_100,WFC,2023-07-21,2023-08-16,44.0276,40.1209,-0.08873138506608991,18,False
Breakout_100,WFC,2023-12-13,2024-05-30,44.1223,56.5274,0.28115412994986544,115,True
Breakout_100,WFC,2024-10-15,2024-12-19,60.9199,67.5918,0.10951975518564372,46,True
Breakout_100,WFC,2025-01-30,2025-03-05,77.0878,71.6546,-0.07048081296331055,23,False
Breakout_100,WFC,2025-07-02,2025-08-04,80.6194,77.2734,-0.041503941904982744,22,False
Breakout_100,WFC,2025-09-22,2025-10-03,83.0332,80.2021,-0.03409627148129879,9,False
Breakout_100,WFC,2025-12-04,2026-01-15,88.9628,88.903,-0.0006712257305192537,28,False
Breakout_50_noSMA,WFC,2020-11-20,2021-02-01,23.0942,26.7304,0.15744992774140765,47,True
Breakout_50_noSMA,WFC,2021-02-18,2021-06-18,32.42,37.1628,0.14629272533404714,84,True
Breakout_50_noSMA,WFC,2021-08-09,2021-09-01,43.5752,40.9245,-0.06083026124051061,17,False
Breakout_50_noSMA,WFC,2021-10-29,2021-11-29,45.8946,44.6514,-0.027087297606764982,20,False
Breakout_50_noSMA,WFC,2022-01-05,2022-02-25,47.573,48.0124,0.009235085471911653,35,True
Breakout_50_noSMA,WFC,2022-08-15,2022-09-21,41.513,39.9132,-0.03853757459443219,26,False
Breakout_50_noSMA,WFC,2022-11-02,2022-12-06,42.8569,40.1887,-0.06225857288090453,23,False
Breakout_50_noSMA,WFC,2023-02-08,2023-03-08,44.1673,40.9821,-0.07211737712551014,19,False
Breakout_50_noSMA,WFC,2023-06-09,2023-08-16,39.5016,40.1209,0.01567805874842798,46,True
Breakout_50_noSMA,WFC,2023-11-29,2024-05-30,41.4559,56.5274,0.36355400234609325,125,True
Breakout_50_noSMA,WFC,2024-10-14,2024-12-19,59.3318,67.5918,0.1392179841739669,47,True
Breakout_50_noSMA,WFC,2025-01-30,2025-03-05,77.0878,71.6546,-0.07048081296331055,23,False
Breakout_50_noSMA,WFC,2025-06-26,2025-08-04,78.1787,77.2734,-0.011581118523465883,26,False
Breakout_50_noSMA,WFC,2025-09-22,2025-10-03,83.0332,80.2021,-0.03409627148129879,9,False
Breakout_50_noSMA,WFC,2025-12-04,2026-01-15,88.9628,88.903,-0.0006712257305192537,28,False
Breakout_50,WMT,2020-03-19,2020-03-23,38.215,35.0555,-0.08267709709125437,2,False
Breakout_50,WMT,2020-04-15,2020-06-05,39.609,37.8002,-0.0456652837514111,36,False
Breakout_50,WMT,2020-08-18,2020-11-02,42.1671,43.5358,0.03245964548016089,53,True
Breakout_50,WMT,2020-11-16,2020-12-16,46.6139,45.4509,-0.02494815339437806,21,False
Breakout_50,WMT,2021-05-04,2021-06-10,44.1738,43.5766,-0.01352112928268856,26,False
Breakout_50,WMT,2021-08-06,2021-09-15,45.8105,45.3061,-0.011010315783808622,27,False
Breakout_50,WMT,2021-11-05,2021-11-17,47.7999,45.02,-0.058158100923508704,8,False
Breakout_50,WMT,2022-03-31,2022-05-12,47.1605,47.0361,-0.002638237890113637,29,False
Breakout_50,WMT,2022-08-17,2022-09-26,44.2728,41.1354,-0.07086668217039427,27,False
Breakout_50,WMT,2022-10-31,2022-12-20,45.4773,45.8348,0.0078599962274144,35,True
Breakout_50,WMT,2023-04-04,2023-05-25,47.8292,47.4775,-0.0073521756255275905,36,False
Breakout_50,WMT,2023-06-14,2023-08-18,50.3964,50.3809,-0.0003070233151876156,45,False
Breakout_50,WMT,2023-09-08,2023-10-02,53.0312,51.7368,-0.024406535100561122,16,False
Breakout_50,WMT,2023-11-14,2023-11-17,54.5525,50.5885,-0.0726645015825832,3,False
Breakout_50,WMT,2024-02-02,2024-04-19,54.7486,58.2675,0.06427260914930577,53,True
Breakout_50,WMT,2024-05-17,2024-08-06,63.1801,66.7207,0.0560398391985788,54,True
Breakout_50,WMT,2024-08-16,2025-02-24,71.7044,93.096,0.2983311384450178,129,True
Breakout_50,WMT,2025-05-06,2025-06-13,97.8715,93.9152,-0.04042401373137405,27,False
Breakout_50,WMT,2025-08-07,2025-08-25,102.798,96.6044,-0.0602498015717462,12,False
Breakout_50,WMT,2025-10-15,2025-10-31,106.8823,101.2852,-0.052366789829397464,12,False
Breakout_50,WMT,2025-12-01,2026-03-19,110.0593,122.1493,0.10984982588581249,74,True
Breakout_100,WMT,2020-04-15,2020-06-05,39.609,37.8002,-0.0456652837514111,36,False
Breakout_100,WMT,2020-08-18,2020-11-02,42.1671,43.5358,0.03245964548016089,53,True
Breakout_100,WMT,2020-11-17,2020-12-16,46.6046,45.4509,-0.024753750514017625,20,False
Breakout_100,WMT,2021-08-06,2021-09-15,45.8105,45.3061,-0.011010315783808622,27,False
Breakout_100,WMT,2022-04-04,2022-05-12,47.8325,47.0361,-0.016649108374257038,27,False
Breakout_100,WMT,2022-11-16,2022-12-20,47.2474,45.8348,-0.029897278800312788,23,False
Breakout_100,WMT,2023-06-14,2023-08-18,50.3964,50.3809,-0.0003070233151876156,45,False
Breakout_100,WMT,2023-09-08,2023-10-02,53.0312,51.7368,-0.024406535100561122,16,False
Breakout_100,WMT,2023-11-14,2023-11-17,54.5525,50.5885,-0.0726645015825832,3,False
Breakout_100,WMT,2024-02-05,2024-04-19,55.3542,58.2675,0.052628861932263016,52,True
Breakout_100,WMT,2024-05-17,2024-08-06,63.1801,66.7207,0.0560398391985788,54,True
Breakout_100,WMT,2024-08-16,2025-02-24,71.7044,93.096,0.2983311384450178,129,True
Breakout_100,WMT,2025-08-07,2025-08-25,102.798,96.6044,-0.0602498015717462,12,False
Breakout_100,WMT,2025-10-15,2025-10-31,106.8823,101.2852,-0.052366789829397464,12,False
Breakout_100,WMT,2025-12-01,2026-03-19,110.0593,122.1493,0.10984982588581249,74,True
Breakout_50_noSMA,WMT,2020-03-19,2020-03-23,38.215,35.0555,-0.08267709709125437,2,False
Breakout_50_noSMA,WMT,2020-04-15,2020-06-05,39.609,37.8002,-0.0456652837514111,36,False
Breakout_50_noSMA,WMT,2020-08-18,2020-11-02,42.1671,43.5358,0.03245964548016089,53,True
Breakout_50_noSMA,WMT,2020-11-16,2020-12-16,46.6139,45.4509,-0.02494815339437806,21,False
Breakout_50_noSMA,WMT,2021-05-04,2021-06-10,44.1738,43.5766,-0.01352112928268856,26,False
Breakout_50_noSMA,WMT,2021-08-06,2021-09-15,45.8105,45.3061,-0.011010315783808622,27,False
Breakout_50_noSMA,WMT,2021-11-05,2021-11-17,47.7999,45.02,-0.058158100923508704,8,False
Breakout_50_noSMA,WMT,2022-03-31,2022-05-12,47.1605,47.0361,-0.002638237890113637,29,False
Breakout_50_noSMA,WMT,2022-08-17,2022-09-26,44.2728,41.1354,-0.07086668217039427,27,False
Breakout_50_noSMA,WMT,2022-10-31,2022-12-20,45.4773,45.8348,0.0078599962274144,35,True
Breakout_50_noSMA,WMT,2023-04-04,2023-05-25,47.8292,47.4775,-0.0073521756255275905,36,False
Breakout_50_noSMA,WMT,2023-06-14,2023-08-18,50.3964,50.3809,-0.0003070233151876156,45,False
Breakout_50_noSMA,WMT,2023-09-08,2023-10-02,53.0312,51.7368,-0.024406535100561122,16,False
Breakout_50_noSMA,WMT,2023-11-14,2023-11-17,54.5525,50.5885,-0.0726645015825832,3,False
Breakout_50_noSMA,WMT,2024-02-02,2024-04-19,54.7486,58.2675,0.06427260914930577,53,True
Breakout_50_noSMA,WMT,2024-05-17,2024-08-06,63.1801,66.7207,0.0560398391985788,54,True
Breakout_50_noSMA,WMT,2024-08-16,2025-02-24,71.7044,93.096,0.2983311384450178,129,True
Breakout_50_noSMA,WMT,2025-05-06,2025-06-13,97.8715,93.9152,-0.04042401373137405,27,False
Breakout_50_noSMA,WMT,2025-08-07,2025-08-25,102.798,96.6044,-0.0602498015717462,12,False
Breakout_50_noSMA,WMT,2025-10-15,2025-10-31,106.8823,101.2852,-0.052366789829397464,12,False
Breakout_50_noSMA,WMT,2025-12-01,2026-03-19,110.0593,122.1493,0.10984982588581249,74,True
Breakout_50,XEL,2020-07-23,2020-09-21,57.0952,56.3012,-0.013906380255677142,41,False
Breakout_50,XEL,2020-10-13,2020-11-02,61.7537,59.7847,-0.03188416670434968,14,False
Breakout_50,XEL,2021-03-30,2021-06-09,56.6614,58.7264,0.03644568365954881,49,True
Breakout_50,XEL,2021-08-23,2021-09-08,60.3527,58.2053,-0.03558226806421805,11,False
Breakout_50,XEL,2021-12-09,2022-02-11,57.9913,58.5552,0.009723587097093978,44,True
Breakout_50,XEL,2022-03-07,2022-06-09,61.9515,63.9625,0.03246216654502132,66,True
Breakout_50,XEL,2022-08-15,2022-09-22,67.1249,64.5592,-0.038222476344898615,27,False
Breakout_50,XEL,2023-01-12,2023-01-19,65.0114,61.4668,-0.05452249022062772,4,False
Breakout_50,XEL,2023-04-06,2023-05-16,64.6309,61.3556,-0.05067707750207773,27,False
Breakout_50,XEL,2023-12-14,2024-01-17,58.4854,55.9232,-0.04380973453990744,21,False
Breakout_50,XEL,2024-07-26,2024-10-31,54.1609,61.3795,0.1332806879772659,68,True
Breakout_50,XEL,2024-11-01,2024-12-19,64.6401,63.0193,-0.0250738544965442,33,False
Breakout_50,XEL,2025-02-25,2025-04-07,68.2518,65.8084,-0.03579945193256817,29,False
Breakout_50,XEL,2025-07-23,2025-12-02,71.5656,78.8048,0.10115466742953627,92,True
Breakout_50,XEL,2026-02-17,2026-03-23,81.3983,77.79,-0.0443294516186995,24,False
Breakout_100,XEL,2020-08-05,2020-09-21,58.7425,56.3012,-0.041559136160194576,32,False
Breakout_100,XEL,2020-10-13,2020-11-02,61.7537,59.7847,-0.03188416670434968,14,False
Breakout_100,XEL,2021-04-19,2021-06-09,60.1686,58.7264,-0.023968592785596488,36,False
Breakout_100,XEL,2022-03-07,2022-06-09,61.9515,63.9625,0.03246216654502132,66,True
Breakout_100,XEL,2022-08-16,2022-09-22,67.3899,64.5592,-0.042004078350595275,26,False
Breakout_100,XEL,2024-01-03,2024-01-17,59.0059,55.9232,-0.0522435501507329,9,False
Breakout_100,XEL,2024-07-26,2024-10-31,54.1609,61.3795,0.1332806879772659,68,True
Breakout_100,XEL,2024-11-01,2024-12-19,64.6401,63.0193,-0.0250738544965442,33,False
Breakout_100,XEL,2025-07-23,2025-12-02,71.5656,78.8048,0.10115466742953627,92,True
Breakout_100,XEL,2026-02-24,2026-03-23,82.7087,77.79,-0.059469692434621746,19,False
Breakout_50_noSMA,XEL,2020-07-23,2020-09-21,57.0952,56.3012,-0.013906380255677142,41,False
Breakout_50_noSMA,XEL,2020-10-13,2020-11-02,61.7537,59.7847,-0.03188416670434968,14,False
Breakout_50_noSMA,XEL,2021-03-30,2021-06-09,56.6614,58.7264,0.03644568365954881,49,True
Breakout_50_noSMA,XEL,2021-08-23,2021-09-08,60.3527,58.2053,-0.03558226806421805,11,False
Breakout_50_noSMA,XEL,2021-12-09,2022-02-11,57.9913,58.5552,0.009723587097093978,44,True
Breakout_50_noSMA,XEL,2022-03-07,2022-06-09,61.9515,63.9625,0.03246216654502132,66,True
Breakout_50_noSMA,XEL,2022-08-15,2022-09-22,67.1249,64.5592,-0.038222476344898615,27,False
Breakout_50_noSMA,XEL,2023-01-12,2023-01-19,65.0114,61.4668,-0.05452249022062772,4,False
Breakout_50_noSMA,XEL,2023-04-06,2023-05-16,64.6309,61.3556,-0.05067707750207773,27,False
Breakout_50_noSMA,XEL,2023-11-03,2023-11-14,56.8514,54.2627,-0.04553540376932497,7,False
Breakout_50_noSMA,XEL,2023-12-14,2024-01-17,58.4854,55.9232,-0.04380973453990744,21,False
Breakout_50_noSMA,XEL,2024-05-14,2024-05-28,52.5012,50.4614,-0.03885234992911912,9,False
Breakout_50_noSMA,XEL,2024-07-26,2024-10-31,54.1609,61.3795,0.1332806879772659,68,True
Breakout_50_noSMA,XEL,2024-11-01,2024-12-19,64.6401,63.0193,-0.0250738544965442,33,False
Breakout_50_noSMA,XEL,2025-02-25,2025-04-07,68.2518,65.8084,-0.03579945193256817,29,False
Breakout_50_noSMA,XEL,2025-07-23,2025-12-02,71.5656,78.8048,0.10115466742953627,92,True
Breakout_50_noSMA,XEL,2026-02-17,2026-03-23,81.3983,77.79,-0.0443294516186995,24,False
Breakout_50,XLB,2020-05-29,2020-09-24,24.6137,27.5515,0.1193591993002292,82,True
Breakout_50,XLB,2020-11-06,2021-01-28,30.5919,32.2365,0.05375843397031366,55,True
Breakout_50,XLB,2021-03-11,2021-06-16,35.5038,38.4144,0.08198050017378633,67,True
Breakout_50,XLB,2021-11-03,2021-12-01,39.4621,39.2566,-0.00520591991329622,19,False
Breakout_50,XLB,2021-12-29,2022-01-19,41.3322,40.5063,-0.01998209784788174,14,False
Breakout_50,XLB,2022-03-30,2022-04-26,41.299,39.5535,-0.04226625935393524,18,False
Breakout_50,XLB,2022-11-11,2022-12-29,37.8605,36.5286,-0.03517954598487505,32,False
Breakout_50,XLB,2023-02-01,2023-02-21,39.5046,37.965,-0.0389733517976778,13,False
Breakout_50,XLB,2023-06-28,2023-08-16,38.5824,38.573,-0.0002454786317835911,34,False
Breakout_50,XLB,2023-12-01,2024-01-18,39.2873,39.3317,0.001130783312126571,31,True
Breakout_50,XLB,2024-02-23,2024-04-24,41.4649,42.297,0.020067236138703537,42,True
Breakout_50,XLB,2024-09-03,2024-09-09,44.9105,43.7021,-0.02690781302423273,4,False
Breakout_50,XLB,2024-09-20,2024-11-01,45.7419,45.378,-0.007955660429648792,30,False
Breakout_50,XLB,2025-07-02,2025-08-01,44.6116,42.9456,-0.037343963749612574,21,False
Breakout_50,XLB,2025-12-23,2026-03-09,45.5773,49.0419,0.07601572680922275,50,True
Breakout_100,XLB,2020-07-16,2020-09-24,27.0341,27.5515,0.019139765003709286,49,True
Breakout_100,XLB,2020-11-06,2021-01-28,30.5919,32.2365,0.05375843397031366,55,True
Breakout_100,XLB,2021-03-11,2021-06-16,35.5038,38.4144,0.08198050017378633,67,True
Breakout_100,XLB,2021-11-03,2021-12-01,39.4621,39.2566,-0.00520591991329622,19,False
Breakout_100,XLB,2021-12-29,2022-01-19,41.3322,40.5063,-0.01998209784788174,14,False
Breakout_100,XLB,2022-11-25,2022-12-29,38.3736,36.5286,-0.04807806258942293,23,False
Breakout_100,XLB,2023-02-01,2023-02-21,39.5046,37.965,-0.0389733517976778,13,False
Breakout_100,XLB,2023-07-19,2023-08-16,39.7384,38.573,-0.029327372137395447,20,False
Breakout_100,XLB,2023-12-20,2024-01-18,40.8705,39.3317,-0.03764944748417509,18,False
Breakout_100,XLB,2024-02-23,2024-04-24,41.4649,42.297,0.020067236138703537,42,True
Breakout_100,XLB,2024-09-03,2024-09-09,44.9105,43.7021,-0.02690781302423273,4,False
Breakout_100,XLB,2024-09-20,2024-11-01,45.7419,45.378,-0.007955660429648792,30,False
Breakout_100,XLB,2025-07-03,2025-08-01,45.0305,42.9456,-0.0463003728790643,20,False
Breakout_100,XLB,2025-12-29,2026-03-09,45.5375,49.0419,0.07695660733929954,47,True
Breakout_50_noSMA,XLB,2020-05-27,2020-09-24,24.4139,27.5515,0.12851755866070258,84,True
Breakout_50_noSMA,XLB,2020-11-06,2021-01-28,30.5919,32.2365,0.05375843397031366,55,True
Breakout_50_noSMA,XLB,2021-03-11,2021-06-16,35.5038,38.4144,0.08198050017378633,67,True
Breakout_50_noSMA,XLB,2021-11-03,2021-12-01,39.4621,39.2566,-0.00520591991329622,19,False
Breakout_50_noSMA,XLB,2021-12-29,2022-01-19,41.3322,40.5063,-0.01998209784788174,14,False
Breakout_50_noSMA,XLB,2022-03-30,2022-04-26,41.299,39.5535,-0.04226625935393524,18,False
Breakout_50_noSMA,XLB,2022-11-11,2022-12-29,37.8605,36.5286,-0.03517954598487505,32,False
Breakout_50_noSMA,XLB,2023-02-01,2023-02-21,39.5046,37.965,-0.0389733517976778,13,False
Breakout_50_noSMA,XLB,2023-06-28,2023-08-16,38.5824,38.573,-0.0002454786317835911,34,False
Breakout_50_noSMA,XLB,2023-12-01,2024-01-18,39.2873,39.3317,0.001130783312126571,31,True
Breakout_50_noSMA,XLB,2024-02-23,2024-04-24,41.4649,42.297,0.020067236138703537,42,True
Breakout_50_noSMA,XLB,2024-09-03,2024-09-09,44.9105,43.7021,-0.02690781302423273,4,False
Breakout_50_noSMA,XLB,2024-09-20,2024-11-01,45.7419,45.378,-0.007955660429648792,30,False
Breakout_50_noSMA,XLB,2025-06-04,2025-08-01,43.081,42.9456,-0.0031435226286697926,40,False
Breakout_50_noSMA,XLB,2025-12-23,2026-03-09,45.5773,49.0419,0.07601572680922275,50,True
Breakout_50,XLC,2020-05-19,2020-09-18,49.3089,56.3953,0.14371490589129787,85,True
Breakout_50,XLC,2020-11-25,2021-01-13,61.915,61.862,-0.0008555142286265083,32,False
Breakout_50,XLC,2021-01-21,2021-05-13,65.3352,71.8008,0.09896087381166918,78,True
Breakout_50,XLC,2021-06-08,2021-09-20,75.879,78.1488,0.02991279926555812,72,True
Breakout_50,XLC,2023-01-24,2023-03-10,51.7089,51.0429,-0.012878034068067645,32,False
Breakout_50,XLC,2023-05-01,2023-08-18,57.8791,62.742,0.08401821181442726,76,True
Breakout_50,XLC,2023-11-15,2024-04-17,67.8639,78.7048,0.1597438419074022,104,True
Breakout_50,XLC,2024-06-04,2024-07-25,81.508,81.5962,0.0010822649839195009,35,True
Breakout_50,XLC,2024-09-20,2025-01-13,87.1881,93.7269,0.0749974157219293,77,True
Breakout_50,XLC,2025-02-05,2025-03-05,100.7193,98.6511,-0.020534000448028555,19,False
Breakout_50,XLC,2025-05-19,2025-10-13,99.437,113.0521,0.1369220278149741,101,True
Breakout_50,XLC,2025-12-24,2026-01-21,116.9368,112.8898,-0.03460917375127526,17,False
Breakout_50,XLC,2026-01-30,2026-02-06,119.389,115.7606,-0.030391590847719474,5,False
Breakout_100,XLC,2020-07-13,2020-09-18,54.9866,56.3953,0.02561898272076224,48,True
Breakout_100,XLC,2020-11-25,2021-01-13,61.915,61.862,-0.0008555142286265083,32,False
Breakout_100,XLC,2021-01-21,2021-05-13,65.3352,71.8008,0.09896087381166918,78,True
Breakout_100,XLC,2021-06-08,2021-09-20,75.879,78.1488,0.02991279926555812,72,True
Breakout_100,XLC,2023-02-03,2023-03-10,55.9938,51.0429,-0.08841781079397737,24,False
Breakout_100,XLC,2023-05-01,2023-08-18,57.8791,62.742,0.08401821181442726,76,True
Breakout_100,XLC,2023-11-15,2024-04-17,67.8639,78.7048,0.1597438419074022,104,True
Breakout_100,XLC,2024-06-04,2024-07-25,81.508,81.5962,0.0010822649839195009,35,True
Breakout_100,XLC,2024-09-20,2025-01-13,87.1881,93.7269,0.0749974157219293,77,True
Breakout_100,XLC,2025-02-05,2025-03-05,100.7193,98.6511,-0.020534000448028555,19,False
Breakout_100,XLC,2025-06-25,2025-10-13,104.2132,113.0521,0.0848153077909013,76,True
Breakout_100,XLC,2026-01-30,2026-02-06,119.389,115.7606,-0.030391590847719474,5,False
Breakout_50_noSMA,XLC,2020-05-19,2020-09-18,49.3089,56.3953,0.14371490589129787,85,True
Breakout_50_noSMA,XLC,2020-11-25,2021-01-13,61.915,61.862,-0.0008555142286265083,32,False
Breakout_50_noSMA,XLC,2021-01-21,2021-05-13,65.3352,71.8008,0.09896087381166918,78,True
Breakout_50_noSMA,XLC,2021-06-08,2021-09-20,75.879,78.1488,0.02991279926555812,72,True
Breakout_50_noSMA,XLC,2023-01-13,2023-03-10,50.0393,51.0429,0.02005780607448915,38,True
Breakout_50_noSMA,XLC,2023-05-01,2023-08-18,57.8791,62.742,0.08401821181442726,76,True
Breakout_50_noSMA,XLC,2023-11-15,2024-04-17,67.8639,78.7048,0.1597438419074022,104,True
Breakout_50_noSMA,XLC,2024-06-04,2024-07-25,81.508,81.5962,0.0010822649839195009,35,True
Breakout_50_noSMA,XLC,2024-09-20,2025-01-13,87.1881,93.7269,0.0749974157219293,77,True
Breakout_50_noSMA,XLC,2025-02-05,2025-03-05,100.7193,98.6511,-0.020534000448028555,19,False
Breakout_50_noSMA,XLC,2025-05-19,2025-10-13,99.437,113.0521,0.1369220278149741,101,True
Breakout_50_noSMA,XLC,2025-12-24,2026-01-21,116.9368,112.8898,-0.03460917375127526,17,False
Breakout_50_noSMA,XLC,2026-01-30,2026-02-06,119.389,115.7606,-0.030391590847719474,5,False
Breakout_50,XLE,2020-11-17,2021-02-01,14.4624,16.3665,0.13165838259696283,50,True
Breakout_50,XLE,2021-02-17,2021-04-14,19.023,20.0643,0.054739853019154516,39,True
Breakout_50,XLE,2021-06-03,2021-07-08,22.857,21.4658,-0.06086294246008317,24,False
Breakout_50,XLE,2021-09-27,2021-11-22,22.1048,23.1969,0.049404186716192955,40,True
Breakout_50,XLE,2022-01-05,2022-04-26,25.7312,32.2565,0.2535971517202902,76,True
Breakout_50,XLE,2022-05-05,2022-05-10,35.7764,33.5602,-0.061945781550514445,3,False
Breakout_50,XLE,2022-05-18,2022-06-17,36.7063,33.5471,-0.08606583603735596,21,False
Breakout_50,XLE,2022-10-20,2022-12-07,37.7803,37.8913,0.002939490239400433,33,True
Breakout_50,XLE,2023-07-25,2023-10-04,39.1682,40.19,0.026086858752516484,50,True
Breakout_50,XLE,2024-03-04,2024-05-02,40.5202,43.4554,0.07243926558404934,42,True
Breakout_50,XLE,2024-10-08,2024-10-30,43.9993,42.021,-0.04496218599741808,16,False
Breakout_50,XLE,2024-11-12,2024-12-09,45.0719,43.7514,-0.029296631917710925,18,False
Breakout_50,XLE,2025-08-29,2025-10-13,43.9256,42.2958,-0.03710504598189246,30,False
Breakout_50,XLE,2026-01-06,2026-04-15,46.6949,55.6,0.19070797852346555,68,True
Breakout_100,XLE,2020-11-25,2021-02-01,16.2519,16.3665,0.007048845809779047,44,True
Breakout_100,XLE,2021-02-17,2021-04-14,19.023,20.0643,0.054739853019154516,39,True
Breakout_100,XLE,2021-06-03,2021-07-08,22.857,21.4658,-0.06086294246008317,24,False
Breakout_100,XLE,2021-10-11,2021-11-22,24.3994,23.1969,-0.04928580813361738,30,False
Breakout_100,XLE,2022-01-05,2022-04-26,25.7312,32.2565,0.2535971517202902,76,True
Breakout_100,XLE,2022-05-05,2022-05-10,35.7764,33.5602,-0.061945781550514445,3,False
Breakout_100,XLE,2022-05-18,2022-06-17,36.7063,33.5471,-0.08606583603735596,21,False
Breakout_100,XLE,2023-08-01,2023-10-04,39.859,40.19,0.008304290605009923,45,True
Breakout_100,XLE,2024-03-18,2024-05-02,42.7706,43.4554,0.016010358071482544,32,True
Breakout_100,XLE,2024-11-12,2024-12-09,45.0719,43.7514,-0.029296631917710925,18,False
Breakout_100,XLE,2025-08-29,2025-10-13,43.9256,42.2958,-0.03710504598189246,30,False
Breakout_100,XLE,2026-01-06,2026-04-15,46.6949,55.6,0.19070797852346555,68,True
Breakout_50_noSMA,XLE,2020-05-21,2020-06-25,15.5578,14.6754,-0.05671683974829289,24,False
Breakout_50_noSMA,XLE,2020-11-17,2021-02-01,14.4624,16.3665,0.13165838259696283,50,True
Breakout_50_noSMA,XLE,2021-02-17,2021-04-14,19.023,20.0643,0.054739853019154516,39,True
Breakout_50_noSMA,XLE,2021-06-03,2021-07-08,22.857,21.4658,-0.06086294246008317,24,False
Breakout_50_noSMA,XLE,2021-09-27,2021-11-22,22.1048,23.1969,0.049404186716192955,40,True
Breakout_50_noSMA,XLE,2022-01-05,2022-04-26,25.7312,32.2565,0.2535971517202902,76,True
Breakout_50_noSMA,XLE,2022-05-05,2022-05-10,35.7764,33.5602,-0.061945781550514445,3,False
Breakout_50_noSMA,XLE,2022-05-18,2022-06-17,36.7063,33.5471,-0.08606583603735596,21,False
Breakout_50_noSMA,XLE,2022-10-20,2022-12-07,37.7803,37.8913,0.002939490239400433,33,True
Breakout_50_noSMA,XLE,2023-07-25,2023-10-04,39.1682,40.19,0.026086858752516484,50,True
Breakout_50_noSMA,XLE,2024-03-04,2024-05-02,40.5202,43.4554,0.07243926558404934,42,True
Breakout_50_noSMA,XLE,2024-10-08,2024-10-30,43.9993,42.021,-0.04496218599741808,16,False
Breakout_50_noSMA,XLE,2024-11-12,2024-12-09,45.0719,43.7514,-0.029296631917710925,18,False
Breakout_50_noSMA,XLE,2025-08-29,2025-10-13,43.9256,42.2958,-0.03710504598189246,30,False
Breakout_50_noSMA,XLE,2026-01-06,2026-04-15,46.6949,55.6,0.19070797852346555,68,True
Breakout_50,XLF,2020-11-10,2021-01-28,24.5426,26.8004,0.09199453211859154,53,True
Breakout_50,XLF,2021-02-17,2021-06-18,29.1638,32.6477,0.11945783658646403,85,True
Breakout_50,XLF,2021-08-12,2021-09-21,35.74,33.991,-0.048938330611073444,27,False
Breakout_50,XLF,2021-10-18,2021-11-22,36.44,36.5417,0.0027898649788373753,25,True
Breakout_50,XLF,2022-01-10,2022-01-20,38.4718,36.5496,-0.049963916075768555,7,False
Breakout_50,XLF,2022-11-11,2022-12-19,33.6906,31.6644,-0.06013867057201716,25,False
Breakout_50,XLF,2023-02-01,2023-03-03,34.3,33.7217,-0.016860309838724663,21,False
Breakout_50,XLF,2023-06-16,2023-08-18,32.2027,32.2993,0.0030012086265469584,43,True
Breakout_50,XLF,2023-11-20,2024-04-15,33.6069,39.3501,0.170893820155823,99,True
Breakout_50,XLF,2024-05-20,2024-05-29,41.1149,39.5828,-0.037264209728054776,6,False
Breakout_50,XLF,2024-07-15,2024-08-06,41.4043,39.9343,-0.035504394020152485,16,False
Breakout_50,XLF,2024-08-26,2024-12-19,43.4,47.0651,0.08444817458243903,81,True
Breakout_50,XLF,2025-01-28,2025-03-05,50.3861,49.0026,-0.027458542729336455,25,False
Breakout_50,XLF,2025-05-19,2025-08-04,50.5396,50.9895,0.00890163519896725,52,True
Breakout_50,XLF,2025-08-25,2025-10-13,52.8373,52.0992,-0.013970714064785561,34,False
Breakout_50,XLF,2025-12-12,2026-01-21,54.6868,53.0971,-0.029069447029134277,25,False
Breakout_100,XLF,2020-11-10,2021-01-28,24.5426,26.8004,0.09199453211859154,53,True
Breakout_100,XLF,2021-02-17,2021-06-18,29.1638,32.6477,0.11945783658646403,85,True
Breakout_100,XLF,2021-08-12,2021-09-21,35.74,33.991,-0.048938330611073444,27,False
Breakout_100,XLF,2021-10-18,2021-11-22,36.44,36.5417,0.0027898649788373753,25,True
Breakout_100,XLF,2022-01-10,2022-01-20,38.4718,36.5496,-0.049963916075768555,7,False
Breakout_100,XLF,2022-11-14,2022-12-19,33.7,31.6644,-0.06040149140164741,24,False
Breakout_100,XLF,2023-02-01,2023-03-03,34.3,33.7217,-0.016860309838724663,21,False
Breakout_100,XLF,2023-12-01,2024-04-15,34.4528,39.3501,0.14214402355896794,91,True
Breakout_100,XLF,2024-05-20,2024-05-29,41.1149,39.5828,-0.037264209728054776,6,False
Breakout_100,XLF,2024-07-15,2024-08-06,41.4043,39.9343,-0.035504394020152485,16,False
Breakout_100,XLF,2024-08-26,2024-12-19,43.4,47.0651,0.08444817458243903,81,True
Breakout_100,XLF,2025-01-28,2025-03-05,50.3861,49.0026,-0.027458542729336455,25,False
Breakout_100,XLF,2025-07-01,2025-08-04,51.6219,50.9895,-0.012251231237507376,23,False
Breakout_100,XLF,2025-08-25,2025-10-13,52.8373,52.0992,-0.013970714064785561,34,False
Breakout_100,XLF,2025-12-12,2026-01-21,54.6868,53.0971,-0.029069447029134277,25,False
Breakout_50_noSMA,XLF,2020-05-28,2020-06-29,21.8229,20.5991,-0.05608011764828924,22,False
Breakout_50_noSMA,XLF,2020-11-10,2021-01-28,24.5426,26.8004,0.09199453211859154,53,True
Breakout_50_noSMA,XLF,2021-02-17,2021-06-18,29.1638,32.6477,0.11945783658646403,85,True
Breakout_50_noSMA,XLF,2021-08-12,2021-09-21,35.74,33.991,-0.048938330611073444,27,False
Breakout_50_noSMA,XLF,2021-10-18,2021-11-22,36.44,36.5417,0.0027898649788373753,25,True
Breakout_50_noSMA,XLF,2022-01-10,2022-01-20,38.4718,36.5496,-0.049963916075768555,7,False
Breakout_50_noSMA,XLF,2022-08-15,2022-09-01,32.9894,30.8432,-0.06505685962310426,13,False
Breakout_50_noSMA,XLF,2022-11-11,2022-12-19,33.6906,31.6644,-0.06013867057201716,25,False
Breakout_50_noSMA,XLF,2023-02-01,2023-03-03,34.3,33.7217,-0.016860309838724663,21,False
Breakout_50_noSMA,XLF,2023-06-16,2023-08-18,32.2027,32.2993,0.0030012086265469584,43,True
Breakout_50_noSMA,XLF,2023-11-20,2024-04-15,33.6069,39.3501,0.170893820155823,99,True
Breakout_50_noSMA,XLF,2024-05-20,2024-05-29,41.1149,39.5828,-0.037264209728054776,6,False
Breakout_50_noSMA,XLF,2024-07-15,2024-08-06,41.4043,39.9343,-0.035504394020152485,16,False
Breakout_50_noSMA,XLF,2024-08-26,2024-12-19,43.4,47.0651,0.08444817458243903,81,True
Breakout_50_noSMA,XLF,2025-01-28,2025-03-05,50.3861,49.0026,-0.027458542729336455,25,False
Breakout_50_noSMA,XLF,2025-05-19,2025-08-04,50.5396,50.9895,0.00890163519896725,52,True
Breakout_50_noSMA,XLF,2025-08-25,2025-10-13,52.8373,52.0992,-0.013970714064785561,34,False
Breakout_50_noSMA,XLF,2025-12-12,2026-01-21,54.6868,53.0971,-0.029069447029134277,25,False
Breakout_50,XLI,2020-06-08,2020-09-24,69.1104,69.1166,9.019822767153407e-05,76,True
Breakout_50,XLI,2020-10-09,2020-10-28,74.434,69.7606,-0.0627862460574149,13,False
Breakout_50,XLI,2020-11-10,2021-01-26,77.6355,81.9103,0.055063316536189344,51,True
Breakout_50,XLI,2021-02-22,2021-06-17,83.6193,94.9218,0.13516661306804023,81,True
Breakout_50,XLI,2021-11-08,2021-12-01,100.0897,95.399,-0.046864773129451476,16,False
Breakout_50,XLI,2022-08-12,2022-09-06,93.2072,86.972,-0.06689608477876974,16,False
Breakout_50,XLI,2022-11-09,2023-01-20,91.3217,93.0528,0.01895538388656104,48,True
Breakout_50,XLI,2023-02-03,2023-02-23,97.824,96.1193,-0.01742608964592096,13,False
Breakout_50,XLI,2023-06-08,2023-08-17,97.8333,103.0344,0.053163449424962206,48,True
Breakout_50,XLI,2023-11-21,2024-04-18,101.9504,118.3129,0.16049493099407708,101,True
Breakout_50,XLI,2024-07-17,2024-08-05,124.5143,117.4413,-0.0568047861805171,13,False
Breakout_50,XLI,2024-08-26,2024-12-12,126.3972,135.8023,0.0744096061388404,76,True
Breakout_50,XLI,2025-05-13,2025-09-03,138.8783,148.9704,0.07266869963374423,77,True
Breakout_50,XLI,2025-12-12,2026-03-13,157.2381,165.824,0.05460455759307403,61,True
Breakout_100,XLI,2020-08-11,2020-09-24,71.5341,69.1166,-0.033794526014090054,31,False
Breakout_100,XLI,2020-10-09,2020-10-28,74.434,69.7606,-0.0627862460574149,13,False
Breakout_100,XLI,2020-11-10,2021-01-26,77.6355,81.9103,0.055063316536189344,51,True
Breakout_100,XLI,2021-02-22,2021-06-17,83.6193,94.9218,0.13516661306804023,81,True
Breakout_100,XLI,2021-11-08,2021-12-01,100.0897,95.399,-0.046864773129451476,16,False
Breakout_100,XLI,2022-11-23,2023-01-20,95.3973,93.0528,-0.024576685755175465,38,False
Breakout_100,XLI,2023-02-03,2023-02-23,97.824,96.1193,-0.01742608964592096,13,False
Breakout_100,XLI,2023-06-14,2023-08-17,100.0422,103.0344,0.029909672484824457,44,True
Breakout_100,XLI,2023-12-14,2024-04-18,108.4476,118.3129,0.09096834808140852,85,True
Breakout_100,XLI,2024-07-17,2024-08-05,124.5143,117.4413,-0.0568047861805171,13,False
Breakout_100,XLI,2024-08-26,2024-12-12,126.3972,135.8023,0.0744096061388404,76,True
Breakout_100,XLI,2025-05-19,2025-09-03,140.4965,148.9704,0.06031409539171584,73,True
Breakout_100,XLI,2025-12-12,2026-03-13,157.2381,165.824,0.05460455759307403,61,True
Breakout_50_noSMA,XLI,2020-05-27,2020-09-24,62.0032,69.1166,0.11472702379258548,84,True
Breakout_50_noSMA,XLI,2020-10-09,2020-10-28,74.434,69.7606,-0.0627862460574149,13,False
Breakout_50_noSMA,XLI,2020-11-10,2021-01-26,77.6355,81.9103,0.055063316536189344,51,True
Breakout_50_noSMA,XLI,2021-02-22,2021-06-17,83.6193,94.9218,0.13516661306804023,81,True
Breakout_50_noSMA,XLI,2021-11-08,2021-12-01,100.0897,95.399,-0.046864773129451476,16,False
Breakout_50_noSMA,XLI,2022-08-11,2022-09-06,92.8959,86.972,-0.0637691723361955,17,False
Breakout_50_noSMA,XLI,2022-11-09,2023-01-20,91.3217,93.0528,0.01895538388656104,48,True
Breakout_50_noSMA,XLI,2023-02-03,2023-02-23,97.824,96.1193,-0.01742608964592096,13,False
Breakout_50_noSMA,XLI,2023-06-08,2023-08-17,97.8333,103.0344,0.053163449424962206,48,True
Breakout_50_noSMA,XLI,2023-11-21,2024-04-18,101.9504,118.3129,0.16049493099407708,101,True
Breakout_50_noSMA,XLI,2024-07-17,2024-08-05,124.5143,117.4413,-0.0568047861805171,13,False
Breakout_50_noSMA,XLI,2024-08-26,2024-12-12,126.3972,135.8023,0.0744096061388404,76,True
Breakout_50_noSMA,XLI,2025-05-13,2025-09-03,138.8783,148.9704,0.07266869963374423,77,True
Breakout_50_noSMA,XLI,2025-12-12,2026-03-13,157.2381,165.824,0.05460455759307403,61,True
Breakout_50,XLK,2020-05-11,2020-09-21,44.8783,52.4661,0.1690746948354227,92,True
Breakout_50,XLK,2020-12-07,2021-02-26,60.4246,63.0531,0.04349990384814584,55,True
Breakout_50,XLK,2021-04-09,2021-05-11,67.3348,63.9755,-0.049889571176871095,22,False
Breakout_50,XLK,2021-06-23,2021-09-21,69.7532,74.0491,0.061586193569970415,62,True
Breakout_50,XLK,2021-10-29,2022-01-06,76.9229,80.8043,0.05045747664891764,47,True
Breakout_50,XLK,2022-08-16,2022-08-30,73.3334,67.4714,-0.07993628681524512,10,False
Breakout_50,XLK,2023-02-02,2023-08-07,69.1662,84.3542,0.2195865222967588,127,True
Breakout_50,XLK,2023-11-13,2024-04-05,87.923,101.2128,0.15115240880536374,98,True
Breakout_50,XLK,2024-05-16,2024-07-25,105.2416,106.6577,0.013456236660497556,47,True
Breakout_50,XLK,2024-10-10,2024-11-01,113.4292,110.2334,-0.028174579451821113,16,False
Breakout_50,XLK,2024-11-08,2024-12-19,117.4872,116.2386,-0.010627445569414085,28,False
Breakout_50,XLK,2025-05-13,2025-11-18,113.6107,140.2077,0.23410647600127676,131,True
Breakout_50,XLK,2026-01-29,2026-02-02,147.6564,143.3518,-0.029153125773182187,2,False
Breakout_100,XLK,2020-06-11,2020-09-21,48.7735,52.4661,0.07570853958966439,70,True
Breakout_100,XLK,2020-12-17,2021-02-26,61.6273,63.0531,0.023136085769240866,47,True
Breakout_100,XLK,2021-04-09,2021-05-11,67.3348,63.9755,-0.049889571176871095,22,False
Breakout_100,XLK,2021-06-23,2021-09-21,69.7532,74.0491,0.061586193569970415,62,True
Breakout_100,XLK,2021-10-29,2022-01-06,76.9229,80.8043,0.05045747664891764,47,True
Breakout_100,XLK,2023-02-02,2023-08-07,69.1662,84.3542,0.2195865222967588,127,True
Breakout_100,XLK,2023-11-15,2024-04-05,89.9297,101.2128,0.12546638307789215,96,True
Breakout_100,XLK,2024-05-16,2024-07-25,105.2416,106.6577,0.013456236660497556,47,True
Breakout_100,XLK,2024-12-05,2024-12-19,119.2858,116.2386,-0.025545158508351817,10,False
Breakout_100,XLK,2025-06-25,2025-11-18,123.7587,140.2077,0.13291239599723137,102,True
Breakout_50_noSMA,XLK,2020-05-11,2020-09-21,44.8783,52.4661,0.1690746948354227,92,True
Breakout_50_noSMA,XLK,2020-12-07,2021-02-26,60.4246,63.0531,0.04349990384814584,55,True
Breakout_50_noSMA,XLK,2021-04-09,2021-05-11,67.3348,63.9755,-0.049889571176871095,22,False
Breakout_50_noSMA,XLK,2021-06-23,2021-09-21,69.7532,74.0491,0.061586193569970415,62,True
Breakout_50_noSMA,XLK,2021-10-29,2022-01-06,76.9229,80.8043,0.05045747664891764,47,True
Breakout_50_noSMA,XLK,2022-08-01,2022-08-30,69.4691,67.4714,-0.0287573715439865,21,False
Breakout_50_noSMA,XLK,2022-12-01,2022-12-19,66.3126,62.1245,-0.0631564393593721,12,False
Breakout_50_noSMA,XLK,2023-02-02,2023-08-07,69.1662,84.3542,0.2195865222967588,127,True
Breakout_50_noSMA,XLK,2023-11-13,2024-04-05,87.923,101.2128,0.15115240880536374,98,True
Breakout_50_noSMA,XLK,2024-05-16,2024-07-25,105.2416,106.6577,0.013456236660497556,47,True
Breakout_50_noSMA,XLK,2024-10-10,2024-11-01,113.4292,110.2334,-0.028174579451821113,16,False
Breakout_50_noSMA,XLK,2024-11-08,2024-12-19,117.4872,116.2386,-0.010627445569414085,28,False
Breakout_50_noSMA,XLK,2025-05-13,2025-11-18,113.6107,140.2077,0.23410647600127676,131,True
Breakout_50_noSMA,XLK,2026-01-29,2026-02-02,147.6564,143.3518,-0.029153125773182187,2,False
Breakout_50,XLP,2020-06-09,2020-06-12,51.8945,50.2483,-0.031722485711939585,3,False
Breakout_50,XLP,2020-07-15,2020-09-22,52.7717,54.3658,0.030206471933260648,48,True
Breakout_50,XLP,2020-11-16,2021-01-13,58.9315,57.5851,-0.022848135441008388,39,False
Breakout_50,XLP,2021-03-23,2021-06-17,58.4838,61.1928,0.04631974411137185,60,True
Breakout_50,XLP,2021-07-28,2021-09-20,63.0903,62.5335,-0.008825518617484485,37,False
Breakout_50,XLP,2021-11-08,2021-12-01,64.842,62.8353,-0.030946589918226852,16,False
Breakout_50,XLP,2021-12-13,2022-01-27,65.8542,66.9493,0.016629118316946467,31,True
Breakout_50,XLP,2022-04-07,2022-05-11,69.7854,68.4743,-0.018787765625815078,23,False
Breakout_50,XLP,2022-08-02,2022-08-31,68.1922,66.7627,-0.02096304859446474,21,False
Breakout_50,XLP,2022-11-21,2023-01-06,68.135,68.5685,0.006363286530769674,31,True
Breakout_50,XLP,2023-04-03,2023-05-23,68.8982,68.7231,-0.002541597382375582,35,False
Breakout_50,XLP,2023-12-14,2024-04-12,67.6146,70.0229,0.03561851507439062,81,True
Breakout_50,XLP,2024-05-08,2024-07-02,72.7829,72.7495,-0.00045914468943120124,37,False
Breakout_50,XLP,2024-07-18,2024-10-08,74.9664,77.5167,0.03401904861722338,57,True
Breakout_50,XLP,2025-02-26,2025-03-13,80.6119,77.2434,-0.041786585801926956,11,False
Breakout_50,XLP,2025-08-21,2025-08-26,80.9776,79.312,-0.0205686539258938,3,False
Breakout_50,XLP,2026-01-13,2026-03-13,79.761,84.2359,0.056102743569540925,41,True
Breakout_100,XLP,2020-08-05,2020-09-22,54.5081,54.3658,-0.0026120857978599865,33,False
Breakout_100,XLP,2020-11-16,2021-01-13,58.9315,57.5851,-0.022848135441008388,39,False
Breakout_100,XLP,2021-03-26,2021-06-17,59.1501,61.1928,0.034533918818699494,57,True
Breakout_100,XLP,2021-07-28,2021-09-20,63.0903,62.5335,-0.008825518617484485,37,False
Breakout_100,XLP,2021-11-08,2021-12-01,64.842,62.8353,-0.030946589918226852,16,False
Breakout_100,XLP,2021-12-13,2022-01-27,65.8542,66.9493,0.016629118316946467,31,True
Breakout_100,XLP,2022-04-08,2022-05-11,70.5846,68.4743,-0.029898167758661387,22,False
Breakout_100,XLP,2022-12-01,2023-01-06,70.1657,68.5685,-0.022763272237984356,24,False
Breakout_100,XLP,2023-05-01,2023-05-23,71.2482,68.7231,-0.035441924997501095,16,False
Breakout_100,XLP,2024-01-31,2024-04-12,69.144,70.0229,0.012711637137843734,50,True
Breakout_100,XLP,2024-05-08,2024-07-02,72.7829,72.7495,-0.00045914468943120124,37,False
Breakout_100,XLP,2024-07-18,2024-10-08,74.9664,77.5167,0.03401904861722338,57,True
Breakout_100,XLP,2025-02-26,2025-03-13,80.6119,77.2434,-0.041786585801926956,11,False
Breakout_100,XLP,2025-08-21,2025-08-26,80.9776,79.312,-0.0205686539258938,3,False
Breakout_100,XLP,2026-01-15,2026-03-13,81.6405,84.2359,0.03179048175095689,39,True
Breakout_50_noSMA,XLP,2020-06-09,2020-06-12,51.8945,50.2483,-0.031722485711939585,3,False
Breakout_50_noSMA,XLP,2020-07-15,2020-09-22,52.7717,54.3658,0.030206471933260648,48,True
Breakout_50_noSMA,XLP,2020-11-16,2021-01-13,58.9315,57.5851,-0.022848135441008388,39,False
Breakout_50_noSMA,XLP,2021-03-23,2021-06-17,58.4838,61.1928,0.04631974411137185,60,True
Breakout_50_noSMA,XLP,2021-07-28,2021-09-20,63.0903,62.5335,-0.008825518617484485,37,False
Breakout_50_noSMA,XLP,2021-11-08,2021-12-01,64.842,62.8353,-0.030946589918226852,16,False
Breakout_50_noSMA,XLP,2021-12-13,2022-01-27,65.8542,66.9493,0.016629118316946467,31,True
Breakout_50_noSMA,XLP,2022-04-07,2022-05-11,69.7854,68.4743,-0.018787765625815078,23,False
Breakout_50_noSMA,XLP,2022-08-02,2022-08-31,68.1922,66.7627,-0.02096304859446474,21,False
Breakout_50_noSMA,XLP,2022-11-21,2023-01-06,68.135,68.5685,0.006363286530769674,31,True
Breakout_50_noSMA,XLP,2023-04-03,2023-05-23,68.8982,68.7231,-0.002541597382375582,35,False
Breakout_50_noSMA,XLP,2023-12-05,2024-04-12,66.2784,70.0229,0.056497427050760995,88,True
Breakout_50_noSMA,XLP,2024-05-08,2024-07-02,72.7829,72.7495,-0.00045914468943120124,37,False
Breakout_50_noSMA,XLP,2024-07-18,2024-10-08,74.9664,77.5167,0.03401904861722338,57,True
Breakout_50_noSMA,XLP,2025-02-26,2025-03-13,80.6119,77.2434,-0.041786585801926956,11,False
Breakout_50_noSMA,XLP,2025-08-21,2025-08-26,80.9776,79.312,-0.0205686539258938,3,False
Breakout_50_noSMA,XLP,2026-01-13,2026-03-13,79.761,84.2359,0.056102743569540925,41,True
Breakout_50,XLRE,2020-06-08,2020-06-29,30.6093,28.0191,-0.08462184760762925,15,False
Breakout_50,XLRE,2020-09-03,2020-09-11,30.4412,29.4691,-0.031934781069593354,5,False
Breakout_50,XLRE,2021-02-03,2021-03-04,31.6508,30.9036,-0.023607246548305816,20,False
Breakout_50,XLRE,2021-03-15,2021-09-21,32.7926,39.8717,0.2158757037358543,132,True
Breakout_50,XLRE,2021-11-04,2021-12-02,41.6911,40.4124,-0.030670952649069716,19,False
Breakout_50,XLRE,2021-12-08,2022-01-14,42.3605,42.0482,-0.007373363767579688,26,False
Breakout_50,XLRE,2022-03-30,2022-05-02,42.6024,40.6786,-0.04515729456963147,22,False
Breakout_50,XLRE,2022-08-15,2022-08-31,39.9266,37.0572,-0.07186801324140857,12,False
Breakout_50,XLRE,2023-01-27,2023-02-22,35.7056,34.8817,-0.023075052566026377,17,False
Breakout_50,XLRE,2023-07-05,2023-08-07,34.4934,33.856,-0.018479459575542645,23,False
Breakout_50,XLRE,2023-11-30,2024-02-01,33.8689,35.296,0.04213368612746016,42,True
Breakout_50,XLRE,2024-07-12,2024-10-11,37.6992,41.0606,0.08916300054310011,64,True
Breakout_50,XLRE,2024-11-29,2024-12-06,42.9797,41.7541,-0.028514602038197334,5,False
Breakout_50,XLRE,2025-03-03,2025-03-13,41.579,39.8313,-0.04203231499350579,8,False
Breakout_50,XLRE,2025-06-11,2025-06-27,40.8111,40.0198,-0.019387879265557628,11,False
Breakout_50,XLRE,2025-07-23,2025-08-01,41.7263,40.8048,-0.022084635026361044,7,False
Breakout_50,XLRE,2025-10-21,2025-10-30,41.6419,39.9666,-0.0402312768621369,7,False
Breakout_50,XLRE,2026-01-15,2026-03-19,41.2627,41.6302,0.008906962660052864,43,True
Breakout_100,XLRE,2021-03-15,2021-09-21,32.7926,39.8717,0.2158757037358543,132,True
Breakout_100,XLRE,2021-11-04,2021-12-02,41.6911,40.4124,-0.030670952649069716,19,False
Breakout_100,XLRE,2021-12-08,2022-01-14,42.3605,42.0482,-0.007373363767579688,26,False
Breakout_100,XLRE,2023-07-25,2023-08-07,35.4313,33.856,-0.044461514413431824,9,False
Breakout_100,XLRE,2023-12-14,2024-02-01,36.8795,35.296,-0.04293836526029926,32,False
Breakout_100,XLRE,2024-07-12,2024-10-11,37.6992,41.0606,0.08916300054310011,64,True
Breakout_100,XLRE,2026-02-11,2026-03-19,42.6533,41.6302,-0.023986947601146613,25,False
Breakout_50_noSMA,XLRE,2020-06-04,2020-06-29,29.6283,28.0191,-0.05431125456461516,17,False
Breakout_50_noSMA,XLRE,2020-09-03,2020-09-11,30.4412,29.4691,-0.031934781069593354,5,False
Breakout_50_noSMA,XLRE,2021-02-03,2021-03-04,31.6508,30.9036,-0.023607246548305816,20,False
Breakout_50_noSMA,XLRE,2021-03-15,2021-09-21,32.7926,39.8717,0.2158757037358543,132,True
Breakout_50_noSMA,XLRE,2021-11-04,2021-12-02,41.6911,40.4124,-0.030670952649069716,19,False
Breakout_50_noSMA,XLRE,2021-12-08,2022-01-14,42.3605,42.0482,-0.007373363767579688,26,False
Breakout_50_noSMA,XLRE,2022-03-30,2022-05-02,42.6024,40.6786,-0.04515729456963147,22,False
Breakout_50_noSMA,XLRE,2022-08-11,2022-08-31,39.6809,37.0572,-0.06612117245673643,14,False
Breakout_50_noSMA,XLRE,2023-01-13,2023-02-22,35.231,34.8817,-0.009913588401281093,26,False
Breakout_50_noSMA,XLRE,2023-07-05,2023-08-07,34.4934,33.856,-0.018479459575542645,23,False
Breakout_50_noSMA,XLRE,2023-11-30,2024-02-01,33.8689,35.296,0.04213368612746016,42,True
Breakout_50_noSMA,XLRE,2024-07-12,2024-10-11,37.6992,41.0606,0.08916300054310011,64,True
Breakout_50_noSMA,XLRE,2024-11-29,2024-12-06,42.9797,41.7541,-0.028514602038197334,5,False
Breakout_50_noSMA,XLRE,2025-03-03,2025-03-13,41.579,39.8313,-0.04203231499350579,8,False
Breakout_50_noSMA,XLRE,2025-06-11,2025-06-27,40.8111,40.0198,-0.019387879265557628,11,False
Breakout_50_noSMA,XLRE,2025-07-23,2025-08-01,41.7263,40.8048,-0.022084635026361044,7,False
Breakout_50_noSMA,XLRE,2025-10-21,2025-10-30,41.6419,39.9666,-0.0402312768621369,7,False
Breakout_50_noSMA,XLRE,2026-01-15,2026-03-19,41.2627,41.6302,0.008906962660052864,43,True
Breakout_50,XLU,2020-06-09,2020-06-22,25.8835,23.8862,-0.07716496712449517,9,False
Breakout_50,XLU,2020-10-06,2020-12-01,25.9985,26.768,0.029598117123309953,39,True
Breakout_50,XLU,2021-03-30,2021-05-28,27.4707,28.0077,0.01954637870583431,42,True
Breakout_50,XLU,2021-07-28,2021-09-20,28.9308,28.6832,-0.008559945435956617,37,False
Breakout_50,XLU,2021-12-07,2022-01-25,29.8521,29.5065,-0.011578408198342327,33,False
Breakout_50,XLU,2022-03-28,2022-05-02,32.2394,31.6862,-0.017158083396129786,24,False
Breakout_50,XLU,2022-08-11,2022-09-22,33.7286,32.6951,-0.030643157787024422,29,False
Breakout_50,XLU,2022-12-14,2023-01-19,32.749,31.4639,-0.039240179796920294,23,False
Breakout_50,XLU,2023-04-10,2023-05-17,31.6593,30.4962,-0.03673799684727452,27,False
Breakout_50,XLU,2023-12-14,2024-01-18,30.7588,28.7326,-0.06587550475544968,22,False
Breakout_50,XLU,2024-03-28,2024-06-27,30.7532,32.7416,0.06465911880516395,62,True
Breakout_50,XLU,2024-08-01,2024-11-04,34.6819,37.0331,0.06779314879234644,66,True
Breakout_50,XLU,2024-11-27,2024-12-09,39.81,38.1534,-0.041611431074146,7,False
Breakout_50,XLU,2025-05-07,2025-09-03,39.078,40.9991,0.04916004495001647,81,True
Breakout_50,XLU,2025-10-01,2025-11-20,43.064,43.9462,0.020485216668107098,36,True
Breakout_50,XLU,2026-02-13,2026-03-23,44.8862,44.93,0.0009761469290345826,25,True
Breakout_100,XLU,2020-10-09,2020-12-01,26.9921,26.768,-0.008302068421967235,36,False
Breakout_100,XLU,2021-04-15,2021-05-28,28.3298,28.0077,-0.011372334421402286,31,False
Breakout_100,XLU,2021-08-12,2021-09-20,29.4416,28.6832,-0.02576188504972443,26,False
Breakout_100,XLU,2021-12-14,2022-01-25,30.5282,29.5065,-0.03346817021379367,28,False
Breakout_100,XLU,2022-03-28,2022-05-02,32.2394,31.6862,-0.017158083396129786,24,False
Breakout_100,XLU,2022-08-15,2022-09-22,34.1569,32.6951,-0.04279659289655857,27,False
Breakout_100,XLU,2024-04-01,2024-06-27,30.9749,32.7416,0.057038188713262494,61,True
Breakout_100,XLU,2024-08-01,2024-11-04,34.6819,37.0331,0.06779314879234644,66,True
Breakout_100,XLU,2024-11-27,2024-12-09,39.81,38.1534,-0.041611431074146,7,False
Breakout_100,XLU,2025-05-07,2025-09-03,39.078,40.9991,0.04916004495001647,81,True
Breakout_100,XLU,2025-10-01,2025-11-20,43.064,43.9462,0.020485216668107098,36,True
Breakout_100,XLU,2026-02-25,2026-03-23,46.8822,44.93,-0.041641043293112134,18,False
Breakout_50_noSMA,XLU,2020-06-09,2020-06-22,25.8835,23.8862,-0.07716496712449517,9,False
Breakout_50_noSMA,XLU,2020-10-06,2020-12-01,25.9985,26.768,0.029598117123309953,39,True
Breakout_50_noSMA,XLU,2021-03-30,2021-05-28,27.4707,28.0077,0.01954637870583431,42,True
Breakout_50_noSMA,XLU,2021-07-28,2021-09-20,28.9308,28.6832,-0.008559945435956617,37,False
Breakout_50_noSMA,XLU,2021-12-07,2022-01-25,29.8521,29.5065,-0.011578408198342327,33,False
Breakout_50_noSMA,XLU,2022-03-28,2022-05-02,32.2394,31.6862,-0.017158083396129786,24,False
Breakout_50_noSMA,XLU,2022-08-11,2022-09-22,33.7286,32.6951,-0.030643157787024422,29,False
Breakout_50_noSMA,XLU,2022-12-14,2023-01-19,32.749,31.4639,-0.039240179796920294,23,False
Breakout_50_noSMA,XLU,2023-04-10,2023-05-17,31.6593,30.4962,-0.03673799684727452,27,False
Breakout_50_noSMA,XLU,2023-12-14,2024-01-18,30.7588,28.7326,-0.06587550475544968,22,False
Breakout_50_noSMA,XLU,2024-03-28,2024-06-27,30.7532,32.7416,0.06465911880516395,62,True
Breakout_50_noSMA,XLU,2024-08-01,2024-11-04,34.6819,37.0331,0.06779314879234644,66,True
Breakout_50_noSMA,XLU,2024-11-27,2024-12-09,39.81,38.1534,-0.041611431074146,7,False
Breakout_50_noSMA,XLU,2025-05-07,2025-09-03,39.078,40.9991,0.04916004495001647,81,True
Breakout_50_noSMA,XLU,2025-10-01,2025-11-20,43.064,43.9462,0.020485216668107098,36,True
Breakout_50_noSMA,XLU,2026-02-13,2026-03-23,44.8862,44.93,0.0009761469290345826,25,True
Breakout_50,XLV,2020-06-01,2020-06-12,92.963,89.9114,-0.03282535466442238,9,False
Breakout_50,XLV,2020-07-16,2020-09-09,95.3359,95.5275,0.0020092533594822104,38,True
Breakout_50,XLV,2020-11-05,2021-02-22,101.7951,104.6881,0.02842012898976609,72,True
Breakout_50,XLV,2021-04-13,2021-09-14,108.5944,123.1803,0.13431598612228846,107,True
Breakout_50,XLV,2021-12-14,2022-01-10,125.6871,124.8078,-0.006995719367651643,18,False
Breakout_50,XLV,2022-03-30,2022-04-25,129.25,124.7479,-0.0348326232545223,17,False
Breakout_50,XLV,2022-08-16,2022-08-29,125.9513,118.9206,-0.05582093757462481,9,False
Breakout_50,XLV,2022-11-11,2023-01-06,127.029,128.2345,0.009490271804799999,37,True
Breakout_50,XLV,2023-04-14,2023-05-19,128.7537,124.6157,-0.03213895954218915,25,False
Breakout_50,XLV,2023-07-21,2023-08-25,128.9589,126.9149,-0.015850615740299445,25,False
Breakout_50,XLV,2023-12-05,2024-04-04,126.4188,140.1287,0.10844802324110736,82,True
Breakout_50,XLV,2024-06-25,2024-07-05,142.9394,139.3965,-0.024786120681413393,7,False
Breakout_50,XLV,2024-07-15,2024-08-08,144.4731,143.9392,-0.0036952632045644807,18,False
Breakout_50,XLV,2024-08-16,2024-10-04,148.181,147.847,-0.0022538106803270397,34,False
Breakout_50,XLV,2025-02-26,2025-03-13,145.1498,141.5775,-0.024610560571625917,11,False
Breakout_50,XLV,2025-09-12,2025-09-26,137.4434,134.0259,-0.024864784402166995,10,False
Breakout_50,XLV,2025-10-02,2026-01-29,140.9677,153.6185,0.08974231173700375,81,True
Breakout_100,XLV,2020-07-16,2020-09-09,95.3359,95.5275,0.0020092533594822104,38,True
Breakout_100,XLV,2020-11-05,2021-02-22,101.7951,104.6881,0.02842012898976609,72,True
Breakout_100,XLV,2021-04-16,2021-09-14,111.8236,123.1803,0.10155916730037196,104,True
Breakout_100,XLV,2021-12-16,2022-01-10,128.3269,124.8078,-0.027422562987637122,16,False
Breakout_100,XLV,2022-04-08,2022-04-25,132.9004,124.7479,-0.061342578835112516,10,False
Breakout_100,XLV,2022-11-11,2023-01-06,127.029,128.2345,0.009490271804799999,37,True
Breakout_100,XLV,2023-07-24,2023-08-25,130.1338,126.9149,-0.024735755894231604,24,False
Breakout_100,XLV,2023-12-29,2024-04-04,131.2526,140.1287,0.06762562092334412,65,True
Breakout_100,XLV,2024-07-15,2024-08-08,144.4731,143.9392,-0.0036952632045644807,18,False
Breakout_100,XLV,2024-08-16,2024-10-04,148.181,147.847,-0.0022538106803270397,34,False
Breakout_100,XLV,2025-10-02,2026-01-29,140.9677,153.6185,0.08974231173700375,81,True
Breakout_50_noSMA,XLV,2020-06-01,2020-06-12,92.963,89.9114,-0.03282535466442238,9,False
Breakout_50_noSMA,XLV,2020-07-16,2020-09-09,95.3359,95.5275,0.0020092533594822104,38,True
Breakout_50_noSMA,XLV,2020-11-05,2021-02-22,101.7951,104.6881,0.02842012898976609,72,True
Breakout_50_noSMA,XLV,2021-04-13,2021-09-14,108.5944,123.1803,0.13431598612228846,107,True
Breakout_50_noSMA,XLV,2021-12-14,2022-01-10,125.6871,124.8078,-0.006995719367651643,18,False
Breakout_50_noSMA,XLV,2022-03-30,2022-04-25,129.25,124.7479,-0.0348326232545223,17,False
Breakout_50_noSMA,XLV,2022-08-16,2022-08-29,125.9513,118.9206,-0.05582093757462481,9,False
Breakout_50_noSMA,XLV,2022-11-11,2023-01-06,127.029,128.2345,0.009490271804799999,37,True
Breakout_50_noSMA,XLV,2023-04-14,2023-05-19,128.7537,124.6157,-0.03213895954218915,25,False
Breakout_50_noSMA,XLV,2023-07-21,2023-08-25,128.9589,126.9149,-0.015850615740299445,25,False
Breakout_50_noSMA,XLV,2023-12-05,2024-04-04,126.4188,140.1287,0.10844802324110736,82,True
Breakout_50_noSMA,XLV,2024-06-25,2024-07-05,142.9394,139.3965,-0.024786120681413393,7,False
Breakout_50_noSMA,XLV,2024-07-15,2024-08-08,144.4731,143.9392,-0.0036952632045644807,18,False
Breakout_50_noSMA,XLV,2024-08-16,2024-10-04,148.181,147.847,-0.0022538106803270397,34,False
Breakout_50_noSMA,XLV,2025-02-26,2025-03-13,145.1498,141.5775,-0.024610560571625917,11,False
Breakout_50_noSMA,XLV,2025-09-12,2025-09-26,137.4434,134.0259,-0.024864784402166995,10,False
Breakout_50_noSMA,XLV,2025-10-02,2026-01-29,140.9677,153.6185,0.08974231173700375,81,True
Breakout_50,XLY,2020-05-19,2020-09-22,56.9606,68.1182,0.19588366716016803,87,True
Breakout_50,XLY,2020-10-13,2020-10-29,74.2086,69.6874,-0.06092468580643773,12,False
Breakout_50,XLY,2020-11-30,2021-02-24,75.5817,78.9619,0.04472298656910012,58,True
Breakout_50,XLY,2021-04-06,2021-05-13,83.1055,80.5612,-0.03061602115909534,27,False
Breakout_50,XLY,2021-07-06,2021-08-18,87.2194,84.801,-0.02772707919399664,31,False
Breakout_50,XLY,2021-09-28,2021-10-01,88.9773,86.8443,-0.023973076172783214,3,False
Breakout_50,XLY,2021-10-18,2021-12-15,90.8167,95.2658,0.04899006591633137,41,True
Breakout_50,XLY,2023-02-02,2023-03-10,75.3037,68.1241,-0.0953424431836678,25,False
Breakout_50,XLY,2023-05-18,2023-08-16,73.5868,81.7429,0.11083616517063133,61,True
Breakout_50,XLY,2023-12-11,2024-01-26,84.724,84.2082,-0.0060869581557843055,31,False
Breakout_50,XLY,2024-03-01,2024-04-05,90.4001,87.7402,-0.029423776069024465,24,False
Breakout_50,XLY,2024-06-24,2024-07-25,89.9986,89.3235,-0.007501075684199332,22,False
Breakout_50,XLY,2024-09-20,2025-01-13,96.9712,108.4124,0.11798530862633849,77,True
Breakout_50,XLY,2025-05-19,2025-08-04,106.2254,108.2509,0.019067659288829697,52,True
Breakout_50,XLY,2025-08-14,2025-10-13,113.615,114.9658,0.011889300976346773,41,True
Breakout_50,XLY,2025-12-16,2026-01-05,121.176,118.7115,-0.02033763347098394,12,False
Breakout_50,XLY,2026-01-12,2026-01-21,123.6217,119.1706,-0.036005473131215604,6,False
Breakout_100,XLY,2020-06-09,2020-09-22,62.9095,68.1182,0.08279630553789352,73,True
Breakout_100,XLY,2020-10-13,2020-10-29,74.2086,69.6874,-0.06092468580643773,12,False
Breakout_100,XLY,2020-11-30,2021-02-24,75.5817,78.9619,0.04472298656910012,58,True
Breakout_100,XLY,2021-04-06,2021-05-13,83.1055,80.5612,-0.03061602115909534,27,False
Breakout_100,XLY,2021-07-06,2021-08-18,87.2194,84.801,-0.02772707919399664,31,False
Breakout_100,XLY,2021-09-28,2021-10-01,88.9773,86.8443,-0.023973076172783214,3,False
Breakout_100,XLY,2021-10-18,2021-12-15,90.8167,95.2658,0.04899006591633137,41,True
Breakout_100,XLY,2023-06-07,2023-08-16,78.178,81.7429,0.04559903350657457,48,True
Breakout_100,XLY,2023-12-14,2024-01-26,87.1826,84.2082,-0.0341159410384233,28,False
Breakout_100,XLY,2024-03-01,2024-04-05,90.4001,87.7402,-0.029423776069024465,24,False
Breakout_100,XLY,2024-07-03,2024-07-25,92.2603,89.3235,-0.031832382363610745,15,False
Breakout_100,XLY,2024-09-20,2025-01-13,96.9712,108.4124,0.11798530862633849,77,True
Breakout_100,XLY,2025-07-22,2025-08-04,111.3232,108.2509,-0.027597903123508516,9,False
Breakout_100,XLY,2025-08-14,2025-10-13,113.615,114.9658,0.011889300976346773,41,True
Breakout_100,XLY,2025-12-16,2026-01-05,121.176,118.7115,-0.02033763347098394,12,False
Breakout_100,XLY,2026-01-12,2026-01-21,123.6217,119.1706,-0.036005473131215604,6,False
Breakout_50_noSMA,XLY,2020-05-19,2020-09-22,56.9606,68.1182,0.19588366716016803,87,True
Breakout_50_noSMA,XLY,2020-10-13,2020-10-29,74.2086,69.6874,-0.06092468580643773,12,False
Breakout_50_noSMA,XLY,2020-11-30,2021-02-24,75.5817,78.9619,0.04472298656910012,58,True
Breakout_50_noSMA,XLY,2021-04-06,2021-05-13,83.1055,80.5612,-0.03061602115909534,27,False
Breakout_50_noSMA,XLY,2021-07-06,2021-08-18,87.2194,84.801,-0.02772707919399664,31,False
Breakout_50_noSMA,XLY,2021-09-28,2021-10-01,88.9773,86.8443,-0.023973076172783214,3,False
Breakout_50_noSMA,XLY,2021-10-18,2021-12-15,90.8167,95.2658,0.04899006591633137,41,True
Breakout_50_noSMA,XLY,2022-08-01,2022-09-06,78.8379,75.5994,-0.041078418608077705,25,False
Breakout_50_noSMA,XLY,2023-01-30,2023-03-10,71.3977,68.1241,-0.04585057527101233,28,False
Breakout_50_noSMA,XLY,2023-05-18,2023-08-16,73.5868,81.7429,0.11083616517063133,61,True
Breakout_50_noSMA,XLY,2023-12-11,2024-01-26,84.724,84.2082,-0.0060869581557843055,31,False
Breakout_50_noSMA,XLY,2024-03-01,2024-04-05,90.4001,87.7402,-0.029423776069024465,24,False
Breakout_50_noSMA,XLY,2024-06-24,2024-07-25,89.9986,89.3235,-0.007501075684199332,22,False
Breakout_50_noSMA,XLY,2024-09-20,2025-01-13,96.9712,108.4124,0.11798530862633849,77,True
Breakout_50_noSMA,XLY,2025-05-19,2025-08-04,106.2254,108.2509,0.019067659288829697,52,True
Breakout_50_noSMA,XLY,2025-08-14,2025-10-13,113.615,114.9658,0.011889300976346773,41,True
Breakout_50_noSMA,XLY,2025-12-16,2026-01-05,121.176,118.7115,-0.02033763347098394,12,False
Breakout_50_noSMA,XLY,2026-01-12,2026-01-21,123.6217,119.1706,-0.036005473131215604,6,False
Breakout_50,XOM,2020-11-25,2021-04-21,33.8318,44.9999,0.3301063466022931,99,True
Breakout_50,XOM,2021-05-11,2021-07-08,50.887,49.8022,-0.02131953359611638,40,False
Breakout_50,XOM,2021-09-28,2021-11-22,50.9386,51.9852,0.02054512094391714,39,True
Breakout_50,XOM,2022-01-05,2022-04-26,57.3112,72.089,0.25785170543391,76,True
Breakout_50,XOM,2022-05-05,2022-06-21,80.2016,77.9772,-0.027734323175002684,31,False
Breakout_50,XOM,2022-08-25,2022-09-22,87.9257,81.9525,-0.06793377950079038,19,False
Breakout_50,XOM,2022-10-07,2022-12-07,90.8322,92.9881,0.02373487612149483,42,True
Breakout_50,XOM,2023-01-27,2023-02-23,104.7886,99.9788,-0.04589936515092763,18,False
Breakout_50,XOM,2023-08-10,2023-10-05,100.3546,100.8191,0.004628976519348349,39,True
Breakout_50,XOM,2024-02-22,2024-05-23,97.412,108.989,0.11884544077695569,64,True
Breakout_50,XOM,2024-10-03,2024-10-30,115.854,111.8242,-0.03478263491835265,19,False
Breakout_50,XOM,2025-03-18,2025-04-07,110.3002,97.0552,-0.1200806266182769,14,False
Breakout_50,XOM,2025-06-18,2025-07-21,111.8234,104.9838,-0.06116399154391983,21,False
Breakout_50,XOM,2025-09-29,2025-10-13,114.2919,109.8407,-0.03894539234732375,10,False
Breakout_50,XOM,2025-11-12,2025-12-17,117.2856,114.4472,-0.02420070167197319,24,False
Breakout_50,XOM,2025-12-30,2026-04-13,120.2982,154.27,0.28239694966960904,70,True
Breakout_100,XOM,2021-01-12,2021-04-21,38.5327,44.9999,0.16783666035868916,68,True
Breakout_100,XOM,2021-05-11,2021-07-08,50.887,49.8022,-0.02131953359611638,40,False
Breakout_100,XOM,2021-10-26,2021-11-22,54.8419,51.9852,-0.05209097692024167,19,False
Breakout_100,XOM,2022-01-05,2022-04-26,57.3112,72.089,0.25785170543391,76,True
Breakout_100,XOM,2022-05-05,2022-06-21,80.2016,77.9772,-0.027734323175002684,31,False
Breakout_100,XOM,2022-10-24,2022-12-07,93.9165,92.9881,-0.009885967250671923,31,False
Breakout_100,XOM,2023-01-27,2023-02-23,104.7886,99.9788,-0.04589936515092763,18,False
Breakout_100,XOM,2023-09-15,2023-10-05,108.2566,100.8191,-0.06870249437445697,14,False
Breakout_100,XOM,2024-03-19,2024-05-23,104.9498,108.989,0.038486387633434926,46,True
Breakout_100,XOM,2024-10-03,2024-10-30,115.854,111.8242,-0.03478263491835265,19,False
Breakout_100,XOM,2025-09-29,2025-10-13,114.2919,109.8407,-0.03894539234732375,10,False
Breakout_100,XOM,2025-11-12,2025-12-17,117.2856,114.4472,-0.02420070167197319,24,False
Breakout_100,XOM,2025-12-30,2026-04-13,120.2982,154.27,0.28239694966960904,70,True
Breakout_50_noSMA,XOM,2020-06-03,2020-06-25,37.3169,34.246,-0.0822917961676104,16,False
Breakout_50_noSMA,XOM,2020-11-18,2021-04-21,31.6803,44.9999,0.420438955312219,104,True
Breakout_50_noSMA,XOM,2021-05-11,2021-07-08,50.887,49.8022,-0.02131953359611638,40,False
Breakout_50_noSMA,XOM,2021-09-28,2021-11-22,50.9386,51.9852,0.02054512094391714,39,True
Breakout_50_noSMA,XOM,2022-01-05,2022-04-26,57.3112,72.089,0.25785170543391,76,True
Breakout_50_noSMA,XOM,2022-05-05,2022-06-21,80.2016,77.9772,-0.027734323175002684,31,False
Breakout_50_noSMA,XOM,2022-08-25,2022-09-22,87.9257,81.9525,-0.06793377950079038,19,False
Breakout_50_noSMA,XOM,2022-10-07,2022-12-07,90.8322,92.9881,0.02373487612149483,42,True
Breakout_50_noSMA,XOM,2023-01-27,2023-02-23,104.7886,99.9788,-0.04589936515092763,18,False
Breakout_50_noSMA,XOM,2023-08-10,2023-10-05,100.3546,100.8191,0.004628976519348349,39,True
Breakout_50_noSMA,XOM,2024-02-22,2024-05-23,97.412,108.989,0.11884544077695569,64,True
Breakout_50_noSMA,XOM,2024-10-03,2024-10-30,115.854,111.8242,-0.03478263491835265,19,False
Breakout_50_noSMA,XOM,2025-03-18,2025-04-07,110.3002,97.0552,-0.1200806266182769,14,False
Breakout_50_noSMA,XOM,2025-06-18,2025-07-21,111.8234,104.9838,-0.06116399154391983,21,False
Breakout_50_noSMA,XOM,2025-09-29,2025-10-13,114.2919,109.8407,-0.03894539234732375,10,False
Breakout_50_noSMA,XOM,2025-11-12,2025-12-17,117.2856,114.4472,-0.02420070167197319,24,False
Breakout_50_noSMA,XOM,2025-12-30,2026-04-13,120.2982,154.27,0.28239694966960904,70,True
Breakout_50,XYL,2020-07-16,2021-01-27,69.945,92.382,0.32077985819889765,134,True
Breakout_50,XYL,2021-04-12,2021-06-18,101.8377,106.3832,0.044634572918892834,48,True
Breakout_50,XYL,2021-07-13,2021-07-20,115.0697,111.459,-0.031378405960802325,5,False
Breakout_50,XYL,2021-07-22,2021-09-29,115.9393,122.5567,0.05707659450449287,48,True
Breakout_50,XYL,2022-08-09,2022-09-23,94.5753,86.1501,-0.08908444443033903,32,False
Breakout_50,XYL,2022-10-31,2023-01-06,97.8791,104.7466,0.07016383885111122,46,True
Breakout_50,XYL,2023-01-17,2023-01-20,112.3817,104.8813,-0.06674099031708536,3,False
Breakout_50,XYL,2023-05-05,2023-05-25,104.1728,97.4401,-0.06462980157534459,14,False
Breakout_50,XYL,2023-06-14,2023-08-04,107.6766,104.9184,-0.02561563363174768,35,False
Breakout_50,XYL,2023-11-27,2024-04-18,100.0793,124.2281,0.24129743082740185,98,True
Breakout_50,XYL,2024-04-29,2024-06-26,129.4059,132.9279,0.027216391040462362,40,True
Breakout_50,XYL,2025-06-11,2025-11-17,127.2622,141.9559,0.11545961231500801,110,True
Breakout_100,XYL,2020-08-11,2021-01-27,74.9358,92.382,0.2328153310064296,116,True
Breakout_100,XYL,2021-04-19,2021-06-18,102.7524,106.3832,0.03533585005159945,43,True
Breakout_100,XYL,2021-07-13,2021-07-20,115.0697,111.459,-0.031378405960802325,5,False
Breakout_100,XYL,2021-07-22,2021-09-29,115.9393,122.5567,0.05707659450449287,48,True
Breakout_100,XYL,2022-08-09,2022-09-23,94.5753,86.1501,-0.08908444443033903,32,False
Breakout_100,XYL,2022-11-02,2023-01-06,101.2741,104.7466,0.03428888150837772,44,True
Breakout_100,XYL,2023-01-17,2023-01-20,112.3817,104.8813,-0.06674099031708536,3,False
Breakout_100,XYL,2023-06-15,2023-08-04,107.9766,104.9184,-0.02832307118953903,34,False
Breakout_100,XYL,2023-12-27,2024-04-18,110.96,124.2281,0.11957597227532957,77,True
Breakout_100,XYL,2024-04-29,2024-06-26,129.4059,132.9279,0.027216391040462362,40,True
Breakout_100,XYL,2025-07-07,2025-11-17,130.7309,141.9559,0.08586279613280912,94,True
Breakout_50_noSMA,XYL,2020-07-16,2021-01-27,69.945,92.382,0.32077985819889765,134,True
Breakout_50_noSMA,XYL,2021-04-12,2021-06-18,101.8377,106.3832,0.044634572918892834,48,True
Breakout_50_noSMA,XYL,2021-07-13,2021-07-20,115.0697,111.459,-0.031378405960802325,5,False
Breakout_50_noSMA,XYL,2021-07-22,2021-09-29,115.9393,122.5567,0.05707659450449287,48,True
Breakout_50_noSMA,XYL,2022-07-28,2022-09-23,84.1943,86.1501,0.02322878864026845,40,True
Breakout_50_noSMA,XYL,2022-10-31,2023-01-06,97.8791,104.7466,0.07016383885111122,46,True
Breakout_50_noSMA,XYL,2023-01-17,2023-01-20,112.3817,104.8813,-0.06674099031708536,3,False
Breakout_50_noSMA,XYL,2023-05-05,2023-05-25,104.1728,97.4401,-0.06462980157534459,14,False
Breakout_50_noSMA,XYL,2023-06-14,2023-08-04,107.6766,104.9184,-0.02561563363174768,35,False
Breakout_50_noSMA,XYL,2023-11-27,2024-04-18,100.0793,124.2281,0.24129743082740185,98,True
Breakout_50_noSMA,XYL,2024-04-29,2024-06-26,129.4059,132.9279,0.027216391040462362,40,True
Breakout_50_noSMA,XYL,2025-06-11,2025-11-17,127.2622,141.9559,0.11545961231500801,110,True
Breakout_50,ZBH,2020-06-08,2020-06-25,127.0105,109.1052,-0.1409751645045494,13,False
Breakout_50,ZBH,2020-07-30,2020-09-22,127.0902,124.8392,-0.017711473472854067,37,False
Breakout_50,ZBH,2020-10-12,2020-10-27,139.2756,129.3372,-0.07135757200205672,11,False
Breakout_50,ZBH,2020-11-10,2020-12-14,141.9759,132.715,-0.06522866208234235,23,False
Breakout_50,ZBH,2021-04-16,2021-05-13,160.7966,152.7261,-0.05019096487791885,19,False
Breakout_50,ZBH,2022-04-21,2022-04-28,130.2887,119.8528,-0.08009779340351542,5,False
Breakout_50,ZBH,2022-09-13,2022-09-22,112.8767,106.3263,-0.058031935484932684,7,False
Breakout_50,ZBH,2022-11-25,2023-02-17,114.865,121.2426,0.05552275639641069,57,True
Breakout_50,ZBH,2023-04-19,2023-05-24,130.9844,126.3704,-0.03522567049304548,25,False
Breakout_50,ZBH,2024-02-01,2024-04-15,122.8101,123.6002,0.00643328715582947,50,True
Breakout_50,ZBH,2025-08-14,2025-09-17,101.7223,98.6762,-0.029945353309908995,23,False
Breakout_50,ZBH,2026-02-19,2026-03-11,97.9839,91.5215,-0.06595419039549266,14,False
Breakout_100,ZBH,2020-07-30,2020-09-22,127.0902,124.8392,-0.017711473472854067,37,False
Breakout_100,ZBH,2020-10-12,2020-10-27,139.2756,129.3372,-0.07135757200205672,11,False
Breakout_100,ZBH,2020-11-10,2020-12-14,141.9759,132.715,-0.06522866208234235,23,False
Breakout_100,ZBH,2021-04-16,2021-05-13,160.7966,152.7261,-0.05019096487791885,19,False
Breakout_100,ZBH,2022-04-21,2022-04-28,130.2887,119.8528,-0.08009779340351542,5,False
Breakout_100,ZBH,2022-12-01,2023-02-17,117.3281,121.2426,0.03336363739858217,53,True
Breakout_100,ZBH,2023-04-19,2023-05-24,130.9844,126.3704,-0.03522567049304548,25,False
Breakout_100,ZBH,2024-02-01,2024-04-15,122.8101,123.6002,0.00643328715582947,50,True
Breakout_50_noSMA,ZBH,2020-05-21,2020-06-25,115.9363,109.1052,-0.05892175079455597,24,False
Breakout_50_noSMA,ZBH,2020-07-30,2020-09-22,127.0902,124.8392,-0.017711473472854067,37,False
Breakout_50_noSMA,ZBH,2020-10-12,2020-10-27,139.2756,129.3372,-0.07135757200205672,11,False
Breakout_50_noSMA,ZBH,2020-11-10,2020-12-14,141.9759,132.715,-0.06522866208234235,23,False
Breakout_50_noSMA,ZBH,2021-04-16,2021-05-13,160.7966,152.7261,-0.05019096487791885,19,False
Breakout_50_noSMA,ZBH,2022-03-30,2022-04-28,124.5832,119.8528,-0.03796984722774399,20,False
Breakout_50_noSMA,ZBH,2022-09-13,2022-09-22,112.8767,106.3263,-0.058031935484932684,7,False
Breakout_50_noSMA,ZBH,2022-11-25,2023-02-17,114.865,121.2426,0.05552275639641069,57,True
Breakout_50_noSMA,ZBH,2023-04-19,2023-05-24,130.9844,126.3704,-0.03522567049304548,25,False
Breakout_50_noSMA,ZBH,2023-12-27,2024-04-15,118.6684,123.6002,0.04155877384732576,74,True
Breakout_50_noSMA,ZBH,2024-08-26,2024-09-06,113.375,103.7305,-0.08506752783835225,8,False
Breakout_50_noSMA,ZBH,2024-11-19,2024-12-12,110.2277,105.2222,-0.04540977506830979,16,False
Breakout_50_noSMA,ZBH,2025-08-08,2025-09-17,98.2098,98.6762,0.004748377482309607,27,True
Breakout_50_noSMA,ZBH,2026-02-19,2026-03-11,97.9839,91.5215,-0.06595419039549266,14,False
Breakout_50,ZS,2020-04-16,2020-09-14,70.7,130.75,0.8493635876069274,104,True
Breakout_50,ZS,2020-12-04,2021-02-26,181.73,213.1,0.17261878123305752,56,True
Breakout_50,ZS,2021-06-11,2021-10-05,203.0,253.45,0.24852215245439502,80,True
Breakout_50,ZS,2021-10-15,2021-12-07,294.5,286.0,-0.028862478777589184,36,False
Breakout_50,ZS,2023-06-05,2023-08-07,142.275,146.0,0.026181734410938295,43,True
Breakout_50,ZS,2023-10-10,2023-10-27,169.02,156.24,-0.0756123444340675,13,False
Breakout_50,ZS,2023-11-14,2024-02-22,181.75,224.51,0.23526819536085797,67,True
Breakout_50,ZS,2024-07-02,2024-07-25,197.6,182.11,-0.07839071363717165,16,False
Breakout_50,ZS,2024-11-13,2024-12-19,210.0,190.11,-0.09471428280784966,25,False
Breakout_50,ZS,2025-02-19,2025-02-26,214.77,194.8,-0.09298319515498465,5,False
Breakout_50,ZS,2025-04-29,2025-07-23,220.74,285.075,0.29145150454324664,58,True
Breakout_50,ZS,2025-09-30,2025-11-17,295.84,299.225,0.011442028824793615,34,True
Breakout_100,ZS,2020-04-16,2020-09-14,70.7,130.75,0.8493635876069274,104,True
Breakout_100,ZS,2020-12-04,2021-02-26,181.73,213.1,0.17261878123305752,56,True
Breakout_100,ZS,2021-07-26,2021-10-05,235.73,253.45,0.07517075273349683,50,True
Breakout_100,ZS,2021-10-15,2021-12-07,294.5,286.0,-0.028862478777589184,36,False
Breakout_100,ZS,2023-06-06,2023-08-07,147.93,146.0,-0.013046662416939525,42,False
Breakout_100,ZS,2023-10-10,2023-10-27,169.02,156.24,-0.0756123444340675,13,False
Breakout_100,ZS,2023-11-14,2024-02-22,181.75,224.51,0.23526819536085797,67,True
Breakout_100,ZS,2024-11-13,2024-12-19,210.0,190.11,-0.09471428280784966,25,False
Breakout_100,ZS,2025-04-29,2025-07-23,220.74,285.075,0.29145150454324664,58,True
Breakout_100,ZS,2025-10-27,2025-11-17,325.8,299.225,-0.081568393754331,15,False
Breakout_50_noSMA,ZS,2020-04-16,2020-09-14,70.7,130.75,0.8493635876069274,104,True
Breakout_50_noSMA,ZS,2020-12-04,2021-02-26,181.73,213.1,0.17261878123305752,56,True
Breakout_50_noSMA,ZS,2021-06-11,2021-10-05,203.0,253.45,0.24852215245439502,80,True
Breakout_50_noSMA,ZS,2021-10-15,2021-12-07,294.5,286.0,-0.028862478777589184,36,False
Breakout_50_noSMA,ZS,2022-08-11,2022-08-30,184.25,160.25,-0.1302578018995929,13,False
Breakout_50_noSMA,ZS,2022-09-13,2022-09-23,185.3,160.26,-0.13513226191328087,8,False
Breakout_50_noSMA,ZS,2023-05-19,2023-08-07,123.94,146.0,0.17798932648095445,53,True
Breakout_50_noSMA,ZS,2023-10-10,2023-10-27,169.02,156.24,-0.0756123444340675,13,False
Breakout_50_noSMA,ZS,2023-11-14,2024-02-22,181.75,224.51,0.23526819536085797,67,True
Breakout_50_noSMA,ZS,2024-07-02,2024-07-25,197.6,182.11,-0.07839071363717165,16,False
Breakout_50_noSMA,ZS,2024-11-13,2024-12-19,210.0,190.11,-0.09471428280784966,25,False
Breakout_50_noSMA,ZS,2025-02-19,2025-02-26,214.77,194.8,-0.09298319515498465,5,False
Breakout_50_noSMA,ZS,2025-04-29,2025-07-23,220.74,285.075,0.29145150454324664,58,True
Breakout_50_noSMA,ZS,2025-09-30,2025-11-17,295.84,299.225,0.011442028824793615,34,True
